target_end_date,target,location,observation
2026-05-14,insp_sitrep__cumulative_confirmed_cases__daily,Mongbwalu,0
2026-05-14,insp_sitrep__cumulative_suspected_deaths__daily,Mongbwalu,57
2026-05-14,insp_sitrep__national_cumulative_confirmed_cases__daily,DRC,8
2026-05-14,insp_sitrep__national_cumulative_confirmed_deaths__daily,DRC,4
2026-05-14,insp_sitrep__national_cumulative_suspected_cases__daily,DRC,246
2026-05-15,insp_sitrep__cumulative_confirmed_cases__daily,Bunia,0
2026-05-15,insp_sitrep__cumulative_confirmed_cases__daily,Mongbwalu,0
2026-05-15,insp_sitrep__cumulative_confirmed_cases__daily,Rwampara,13
2026-05-15,insp_sitrep__cumulative_suspected_cases__daily,Bunia,8
2026-05-15,insp_sitrep__cumulative_suspected_cases__daily,Rwampara,72
2026-05-17,insp_sitrep__national_cumulative_confirmed_cases__daily,DRC,13
2026-05-17,insp_sitrep__national_cumulative_confirmed_deaths__daily,DRC,4
2026-05-17,insp_sitrep__national_cumulative_suspected_cases__daily,DRC,246
2026-05-18,insp_sitrep__cumulative_confirmed_cases__daily,Bunia,6
2026-05-18,insp_sitrep__cumulative_confirmed_cases__daily,Butembo,1
2026-05-18,insp_sitrep__cumulative_confirmed_cases__daily,Goma,1
2026-05-18,insp_sitrep__cumulative_confirmed_cases__daily,Katwa,1
2026-05-18,insp_sitrep__cumulative_confirmed_cases__daily,Mongbwalu,1
2026-05-18,insp_sitrep__cumulative_confirmed_cases__daily,Nyankunde,4
2026-05-18,insp_sitrep__cumulative_confirmed_cases__daily,Rwampara,19
2026-05-18,insp_sitrep__cumulative_suspected_cases__daily,Bunia,61
2026-05-18,insp_sitrep__cumulative_suspected_cases__daily,Butembo,1
2026-05-18,insp_sitrep__cumulative_suspected_cases__daily,Goma,1
2026-05-18,insp_sitrep__cumulative_suspected_cases__daily,Katwa,1
2026-05-18,insp_sitrep__cumulative_suspected_cases__daily,Mongbwalu,302
2026-05-18,insp_sitrep__cumulative_suspected_cases__daily,Nyankunde,14
2026-05-18,insp_sitrep__cumulative_suspected_cases__daily,Rwampara,136
2026-05-18,insp_sitrep__cumulative_suspected_deaths__daily,Bunia,18
2026-05-18,insp_sitrep__cumulative_suspected_deaths__daily,Mongbwalu,74
2026-05-18,insp_sitrep__cumulative_suspected_deaths__daily,Nyankunde,1
2026-05-18,insp_sitrep__cumulative_suspected_deaths__daily,Rwampara,38
2026-05-18,insp_sitrep__national_cumulative_confirmed_cases__daily,DRC,33
2026-05-18,insp_sitrep__national_cumulative_confirmed_deaths__daily,DRC,4
2026-05-18,insp_sitrep__national_cumulative_suspected_cases__daily,DRC,516
2026-05-19,insp_sitrep__cumulative_confirmed_cases__daily,Bunia,6
2026-05-19,insp_sitrep__cumulative_confirmed_cases__daily,Butembo,1
2026-05-19,insp_sitrep__cumulative_confirmed_cases__daily,Goma,1
2026-05-19,insp_sitrep__cumulative_confirmed_cases__daily,Katwa,1
2026-05-19,insp_sitrep__cumulative_confirmed_cases__daily,Mongbwalu,13
2026-05-19,insp_sitrep__cumulative_confirmed_cases__daily,Nyankunde,4
2026-05-19,insp_sitrep__cumulative_confirmed_cases__daily,Rwampara,25
2026-05-19,insp_sitrep__cumulative_confirmed_deaths__daily,Bunia,0
2026-05-19,insp_sitrep__cumulative_confirmed_deaths__daily,Mongbwalu,0
2026-05-19,insp_sitrep__cumulative_confirmed_deaths__daily,Nyankunde,0
2026-05-19,insp_sitrep__cumulative_confirmed_deaths__daily,Rwampara,0
2026-05-19,insp_sitrep__cumulative_suspected_cases__daily,Bunia,90
2026-05-19,insp_sitrep__cumulative_suspected_cases__daily,Butembo,1
2026-05-19,insp_sitrep__cumulative_suspected_cases__daily,Goma,1
2026-05-19,insp_sitrep__cumulative_suspected_cases__daily,Katwa,1
2026-05-19,insp_sitrep__cumulative_suspected_cases__daily,Mongbwalu,309
2026-05-19,insp_sitrep__cumulative_suspected_cases__daily,Nyankunde,19
2026-05-19,insp_sitrep__cumulative_suspected_cases__daily,Rwampara,154
2026-05-19,insp_sitrep__cumulative_suspected_deaths__daily,Bunia,23
2026-05-19,insp_sitrep__cumulative_suspected_deaths__daily,Mongbwalu,77
2026-05-19,insp_sitrep__cumulative_suspected_deaths__daily,Nyankunde,5
2026-05-19,insp_sitrep__cumulative_suspected_deaths__daily,Rwampara,43
2026-05-19,insp_sitrep__national_cumulative_confirmed_cases__daily,DRC,51
2026-05-19,insp_sitrep__national_cumulative_confirmed_deaths__daily,DRC,4
2026-05-19,insp_sitrep__national_cumulative_suspected_cases__daily,DRC,575
2026-05-20,insp_sitrep__cumulative_confirmed_cases__daily,Bambu,1
2026-05-20,insp_sitrep__cumulative_confirmed_cases__daily,Bunia,11
2026-05-20,insp_sitrep__cumulative_confirmed_cases__daily,Butembo,1
2026-05-20,insp_sitrep__cumulative_confirmed_cases__daily,Goma,1
2026-05-20,insp_sitrep__cumulative_confirmed_cases__daily,Katwa,1
2026-05-20,insp_sitrep__cumulative_confirmed_cases__daily,Mongbwalu,13
2026-05-20,insp_sitrep__cumulative_confirmed_cases__daily,Nyankunde,5
2026-05-20,insp_sitrep__cumulative_confirmed_cases__daily,Rwampara,24
2026-05-20,insp_sitrep__cumulative_confirmed_deaths__daily,Bunia,0
2026-05-20,insp_sitrep__cumulative_confirmed_deaths__daily,Mongbwalu,0
2026-05-20,insp_sitrep__cumulative_confirmed_deaths__daily,Nyankunde,0
2026-05-20,insp_sitrep__cumulative_confirmed_deaths__daily,Rwampara,0
2026-05-20,insp_sitrep__cumulative_suspected_cases__daily,Bambu,2
2026-05-20,insp_sitrep__cumulative_suspected_cases__daily,Bunia,125
2026-05-20,insp_sitrep__cumulative_suspected_cases__daily,Butembo,7
2026-05-20,insp_sitrep__cumulative_suspected_cases__daily,Goma,1
2026-05-20,insp_sitrep__cumulative_suspected_cases__daily,Katwa,13
2026-05-20,insp_sitrep__cumulative_suspected_cases__daily,Mongbwalu,317
2026-05-20,insp_sitrep__cumulative_suspected_cases__daily,Nyankunde,28
2026-05-20,insp_sitrep__cumulative_suspected_cases__daily,Rwampara,179
2026-05-20,insp_sitrep__cumulative_suspected_deaths__daily,Bunia,31
2026-05-20,insp_sitrep__cumulative_suspected_deaths__daily,Butembo,0
2026-05-20,insp_sitrep__cumulative_suspected_deaths__daily,Goma,0
2026-05-20,insp_sitrep__cumulative_suspected_deaths__daily,Katwa,0
2026-05-20,insp_sitrep__cumulative_suspected_deaths__daily,Mongbwalu,80
2026-05-20,insp_sitrep__cumulative_suspected_deaths__daily,Nyankunde,5
2026-05-20,insp_sitrep__cumulative_suspected_deaths__daily,Rwampara,44
2026-05-20,insp_sitrep__hospitalised__daily,Bunia,40
2026-05-20,insp_sitrep__hospitalised__daily,Mongbwalu,30
2026-05-20,insp_sitrep__hospitalised__daily,Nyankunde,16
2026-05-20,insp_sitrep__hospitalised__daily,Rwampara,54
2026-05-20,insp_sitrep__national_cumulative_confirmed_cases__daily,DRC,64
2026-05-20,insp_sitrep__national_cumulative_confirmed_deaths__daily,DRC,6
2026-05-20,insp_sitrep__national_cumulative_suspected_cases__daily,DRC,671
2026-05-20,insp_sitrep__new_hosp_admissions__daily,Bunia,28
2026-05-20,insp_sitrep__new_hosp_admissions__daily,Mongbwalu,21
2026-05-20,insp_sitrep__new_hosp_admissions__daily,Nyankunde,15
2026-05-20,insp_sitrep__new_hosp_admissions__daily,Rwampara,37
2026-05-21,insp_sitrep__cumulative_confirmed_cases__daily,Bambu,1
2026-05-21,insp_sitrep__cumulative_confirmed_cases__daily,Bunia,15
2026-05-21,insp_sitrep__cumulative_confirmed_cases__daily,Butembo,2
2026-05-21,insp_sitrep__cumulative_confirmed_cases__daily,Goma,1
2026-05-21,insp_sitrep__cumulative_confirmed_cases__daily,Katwa,1
2026-05-21,insp_sitrep__cumulative_confirmed_cases__daily,Kilo,1
2026-05-21,insp_sitrep__cumulative_confirmed_cases__daily,Miti Murhesa,1
2026-05-21,insp_sitrep__cumulative_confirmed_cases__daily,Mongbwalu,14
2026-05-21,insp_sitrep__cumulative_confirmed_cases__daily,Nizi,1
2026-05-21,insp_sitrep__cumulative_confirmed_cases__daily,Nyankunde,11
2026-05-21,insp_sitrep__cumulative_confirmed_cases__daily,Rwampara,31
2026-05-21,insp_sitrep__cumulative_confirmed_deaths__daily,Bambu,0
2026-05-21,insp_sitrep__cumulative_confirmed_deaths__daily,Bunia,1
2026-05-21,insp_sitrep__cumulative_confirmed_deaths__daily,Butembo,0
2026-05-21,insp_sitrep__cumulative_confirmed_deaths__daily,Goma,0
2026-05-21,insp_sitrep__cumulative_confirmed_deaths__daily,Katwa,0
2026-05-21,insp_sitrep__cumulative_confirmed_deaths__daily,Kilo,0
2026-05-21,insp_sitrep__cumulative_confirmed_deaths__daily,Miti Murhesa,0
2026-05-21,insp_sitrep__cumulative_confirmed_deaths__daily,Mongbwalu,0
2026-05-21,insp_sitrep__cumulative_confirmed_deaths__daily,Nizi,0
2026-05-21,insp_sitrep__cumulative_confirmed_deaths__daily,Nyankunde,0
2026-05-21,insp_sitrep__cumulative_confirmed_deaths__daily,Rwampara,1
2026-05-21,insp_sitrep__cumulative_suspected_cases__daily,Bambu,2
2026-05-21,insp_sitrep__cumulative_suspected_cases__daily,Bunia,166
2026-05-21,insp_sitrep__cumulative_suspected_cases__daily,Butembo,7
2026-05-21,insp_sitrep__cumulative_suspected_cases__daily,Goma,1
2026-05-21,insp_sitrep__cumulative_suspected_cases__daily,Katwa,13
2026-05-21,insp_sitrep__cumulative_suspected_cases__daily,Kilo,1
2026-05-21,insp_sitrep__cumulative_suspected_cases__daily,Miti Murhesa,1
2026-05-21,insp_sitrep__cumulative_suspected_cases__daily,Mongbwalu,322
2026-05-21,insp_sitrep__cumulative_suspected_cases__daily,Nizi,1
2026-05-21,insp_sitrep__cumulative_suspected_cases__daily,Nyankunde,38
2026-05-21,insp_sitrep__cumulative_suspected_cases__daily,Rwampara,193
2026-05-21,insp_sitrep__cumulative_suspected_deaths__daily,Bambu,0
2026-05-21,insp_sitrep__cumulative_suspected_deaths__daily,Bunia,34
2026-05-21,insp_sitrep__cumulative_suspected_deaths__daily,Butembo,0
2026-05-21,insp_sitrep__cumulative_suspected_deaths__daily,Goma,0
2026-05-21,insp_sitrep__cumulative_suspected_deaths__daily,Katwa,0
2026-05-21,insp_sitrep__cumulative_suspected_deaths__daily,Kilo,0
2026-05-21,insp_sitrep__cumulative_suspected_deaths__daily,Miti Murhesa,0
2026-05-21,insp_sitrep__cumulative_suspected_deaths__daily,Mongbwalu,84
2026-05-21,insp_sitrep__cumulative_suspected_deaths__daily,Nizi,0
2026-05-21,insp_sitrep__cumulative_suspected_deaths__daily,Nyankunde,6
2026-05-21,insp_sitrep__cumulative_suspected_deaths__daily,Rwampara,51
2026-05-21,insp_sitrep__hospitalised__daily,Bunia,50
2026-05-21,insp_sitrep__hospitalised__daily,Mongbwalu,36
2026-05-21,insp_sitrep__hospitalised__daily,Nyankunde,23
2026-05-21,insp_sitrep__hospitalised__daily,Rwampara,88
2026-05-21,insp_sitrep__national_cumulative_confirmed_cases__daily,DRC,83
2026-05-21,insp_sitrep__national_cumulative_confirmed_deaths__daily,DRC,9
2026-05-21,insp_sitrep__national_cumulative_suspected_cases__daily,DRC,746
2026-05-21,insp_sitrep__new_hosp_admissions__daily,Bunia,36
2026-05-21,insp_sitrep__new_hosp_admissions__daily,Mongbwalu,27
2026-05-21,insp_sitrep__new_hosp_admissions__daily,Nyankunde,16
2026-05-21,insp_sitrep__new_hosp_admissions__daily,Rwampara,76
2026-05-22,insp_sitrep__cumulative_confirmed_cases__daily,Aru,1
2026-05-22,insp_sitrep__cumulative_confirmed_cases__daily,Bambu,1
2026-05-22,insp_sitrep__cumulative_confirmed_cases__daily,Bunia,23
2026-05-22,insp_sitrep__cumulative_confirmed_cases__daily,Butembo,2
2026-05-22,insp_sitrep__cumulative_confirmed_cases__daily,Goma,1
2026-05-22,insp_sitrep__cumulative_confirmed_cases__daily,Katwa,0
2026-05-22,insp_sitrep__cumulative_confirmed_cases__daily,Kilo,1
2026-05-22,insp_sitrep__cumulative_confirmed_cases__daily,Miti Murhesa,1
2026-05-22,insp_sitrep__cumulative_confirmed_cases__daily,Mongbwalu,10
2026-05-22,insp_sitrep__cumulative_confirmed_cases__daily,Nizi,2
2026-05-22,insp_sitrep__cumulative_confirmed_cases__daily,Nyankunde,9
2026-05-22,insp_sitrep__cumulative_confirmed_cases__daily,Rwampara,32
2026-05-22,insp_sitrep__cumulative_confirmed_deaths__daily,Bambu,0
2026-05-22,insp_sitrep__cumulative_confirmed_deaths__daily,Bunia,2
2026-05-22,insp_sitrep__cumulative_confirmed_deaths__daily,Butembo,0
2026-05-22,insp_sitrep__cumulative_confirmed_deaths__daily,Goma,0
2026-05-22,insp_sitrep__cumulative_confirmed_deaths__daily,Katwa,0
2026-05-22,insp_sitrep__cumulative_confirmed_deaths__daily,Kilo,0
2026-05-22,insp_sitrep__cumulative_confirmed_deaths__daily,Komanda,1
2026-05-22,insp_sitrep__cumulative_confirmed_deaths__daily,Miti Murhesa,0
2026-05-22,insp_sitrep__cumulative_confirmed_deaths__daily,Mongbwalu,0
2026-05-22,insp_sitrep__cumulative_confirmed_deaths__daily,Nizi,0
2026-05-22,insp_sitrep__cumulative_confirmed_deaths__daily,Nyankunde,0
2026-05-22,insp_sitrep__cumulative_confirmed_deaths__daily,Rwampara,2
2026-05-22,insp_sitrep__cumulative_suspected_cases__daily,Aru,3
2026-05-22,insp_sitrep__cumulative_suspected_cases__daily,Bambu,4
2026-05-22,insp_sitrep__cumulative_suspected_cases__daily,Bunia,227
2026-05-22,insp_sitrep__cumulative_suspected_cases__daily,Butembo,7
2026-05-22,insp_sitrep__cumulative_suspected_cases__daily,Goma,1
2026-05-22,insp_sitrep__cumulative_suspected_cases__daily,Katwa,13
2026-05-22,insp_sitrep__cumulative_suspected_cases__daily,Kilo,6
2026-05-22,insp_sitrep__cumulative_suspected_cases__daily,Miti Murhesa,1
2026-05-22,insp_sitrep__cumulative_suspected_cases__daily,Mongbwalu,339
2026-05-22,insp_sitrep__cumulative_suspected_cases__daily,Nizi,5
2026-05-22,insp_sitrep__cumulative_suspected_cases__daily,Nyankunde,45
2026-05-22,insp_sitrep__cumulative_suspected_cases__daily,Rwampara,221
2026-05-22,insp_sitrep__cumulative_suspected_deaths__daily,Bambu,0
2026-05-22,insp_sitrep__cumulative_suspected_deaths__daily,Bunia,42
2026-05-22,insp_sitrep__cumulative_suspected_deaths__daily,Butembo,0
2026-05-22,insp_sitrep__cumulative_suspected_deaths__daily,Goma,0
2026-05-22,insp_sitrep__cumulative_suspected_deaths__daily,Katwa,0
2026-05-22,insp_sitrep__cumulative_suspected_deaths__daily,Kilo,2
2026-05-22,insp_sitrep__cumulative_suspected_deaths__daily,Miti Murhesa,0
2026-05-22,insp_sitrep__cumulative_suspected_deaths__daily,Mongbwalu,88
2026-05-22,insp_sitrep__cumulative_suspected_deaths__daily,Nizi,1
2026-05-22,insp_sitrep__cumulative_suspected_deaths__daily,Nyankunde,8
2026-05-22,insp_sitrep__cumulative_suspected_deaths__daily,Rwampara,63
2026-05-22,insp_sitrep__hospitalised__daily,Bunia,44
2026-05-22,insp_sitrep__hospitalised__daily,Mongbwalu,34
2026-05-22,insp_sitrep__hospitalised__daily,Nyankunde,24
2026-05-22,insp_sitrep__hospitalised__daily,Rwampara,45
2026-05-22,insp_sitrep__national_cumulative_confirmed_cases__daily,DRC,91
2026-05-22,insp_sitrep__national_cumulative_confirmed_deaths__daily,DRC,10
2026-05-22,insp_sitrep__national_cumulative_suspected_cases__daily,DRC,867
2026-05-22,insp_sitrep__new_hosp_admissions__daily,Bunia,11
2026-05-22,insp_sitrep__new_hosp_admissions__daily,Mongbwalu,4
2026-05-22,insp_sitrep__new_hosp_admissions__daily,Nyankunde,2
2026-05-22,insp_sitrep__new_hosp_admissions__daily,Rwampara,11
2026-05-23,insp_sitrep__cumulative_confirmed_cases__daily,Aru,1
2026-05-23,insp_sitrep__cumulative_confirmed_cases__daily,Bambu,0
2026-05-23,insp_sitrep__cumulative_confirmed_cases__daily,Bunia,24
2026-05-23,insp_sitrep__cumulative_confirmed_cases__daily,Butembo,1
2026-05-23,insp_sitrep__cumulative_confirmed_cases__daily,Goma,1
2026-05-23,insp_sitrep__cumulative_confirmed_cases__daily,Katwa,4
2026-05-23,insp_sitrep__cumulative_confirmed_cases__daily,Kilo,1
2026-05-23,insp_sitrep__cumulative_confirmed_cases__daily,Miti Murhesa,1
2026-05-23,insp_sitrep__cumulative_confirmed_cases__daily,Mongbwalu,19
2026-05-23,insp_sitrep__cumulative_confirmed_cases__daily,Nizi,2
2026-05-23,insp_sitrep__cumulative_confirmed_cases__daily,Nyankunde,9
2026-05-23,insp_sitrep__cumulative_confirmed_cases__daily,Rwampara,32
2026-05-23,insp_sitrep__cumulative_confirmed_deaths__daily,Bambu,0
2026-05-23,insp_sitrep__cumulative_confirmed_deaths__daily,Bunia,2
2026-05-23,insp_sitrep__cumulative_confirmed_deaths__daily,Butembo,0
2026-05-23,insp_sitrep__cumulative_confirmed_deaths__daily,Goma,0
2026-05-23,insp_sitrep__cumulative_confirmed_deaths__daily,Katwa,0
2026-05-23,insp_sitrep__cumulative_confirmed_deaths__daily,Kilo,0
2026-05-23,insp_sitrep__cumulative_confirmed_deaths__daily,Komanda,1
2026-05-23,insp_sitrep__cumulative_confirmed_deaths__daily,Miti Murhesa,0
2026-05-23,insp_sitrep__cumulative_confirmed_deaths__daily,Mongbwalu,0
2026-05-23,insp_sitrep__cumulative_confirmed_deaths__daily,Nizi,0
2026-05-23,insp_sitrep__cumulative_confirmed_deaths__daily,Nyankunde,0
2026-05-23,insp_sitrep__cumulative_confirmed_deaths__daily,Rwampara,2
2026-05-23,insp_sitrep__cumulative_suspected_cases__daily,Aru,4
2026-05-23,insp_sitrep__cumulative_suspected_cases__daily,Bambu,6
2026-05-23,insp_sitrep__cumulative_suspected_cases__daily,Bunia,249
2026-05-23,insp_sitrep__cumulative_suspected_cases__daily,Butembo,7
2026-05-23,insp_sitrep__cumulative_suspected_cases__daily,Goma,1
2026-05-23,insp_sitrep__cumulative_suspected_cases__daily,Katwa,13
2026-05-23,insp_sitrep__cumulative_suspected_cases__daily,Kilo,6
2026-05-23,insp_sitrep__cumulative_suspected_cases__daily,Miti Murhesa,1
2026-05-23,insp_sitrep__cumulative_suspected_cases__daily,Mongbwalu,339
2026-05-23,insp_sitrep__cumulative_suspected_cases__daily,Nizi,6
2026-05-23,insp_sitrep__cumulative_suspected_cases__daily,Nyankunde,45
2026-05-23,insp_sitrep__cumulative_suspected_cases__daily,Rwampara,228
2026-05-23,insp_sitrep__cumulative_suspected_deaths__daily,Aru,1
2026-05-23,insp_sitrep__cumulative_suspected_deaths__daily,Bambu,2
2026-05-23,insp_sitrep__cumulative_suspected_deaths__daily,Bunia,48
2026-05-23,insp_sitrep__cumulative_suspected_deaths__daily,Butembo,0
2026-05-23,insp_sitrep__cumulative_suspected_deaths__daily,Goma,0
2026-05-23,insp_sitrep__cumulative_suspected_deaths__daily,Katwa,0
2026-05-23,insp_sitrep__cumulative_suspected_deaths__daily,Kilo,2
2026-05-23,insp_sitrep__cumulative_suspected_deaths__daily,Miti Murhesa,0
2026-05-23,insp_sitrep__cumulative_suspected_deaths__daily,Mongbwalu,88
2026-05-23,insp_sitrep__cumulative_suspected_deaths__daily,Nizi,2
2026-05-23,insp_sitrep__cumulative_suspected_deaths__daily,Nyankunde,8
2026-05-23,insp_sitrep__cumulative_suspected_deaths__daily,Rwampara,69
2026-05-23,insp_sitrep__hospitalised__daily,Aru,2
2026-05-23,insp_sitrep__hospitalised__daily,Bunia,50
2026-05-23,insp_sitrep__hospitalised__daily,Mongbwalu,31
2026-05-23,insp_sitrep__hospitalised__daily,Nyankunde,33
2026-05-23,insp_sitrep__hospitalised__daily,Rwampara,25
2026-05-23,insp_sitrep__national_cumulative_confirmed_cases__daily,DRC,101
2026-05-23,insp_sitrep__national_cumulative_confirmed_deaths__daily,DRC,10
2026-05-23,insp_sitrep__national_cumulative_suspected_cases__daily,DRC,904
2026-05-23,insp_sitrep__new_hosp_admissions__daily,Aru,0
2026-05-23,insp_sitrep__new_hosp_admissions__daily,Bunia,9
2026-05-23,insp_sitrep__new_hosp_admissions__daily,Mongbwalu,3
2026-05-23,insp_sitrep__new_hosp_admissions__daily,Nyankunde,7
2026-05-23,insp_sitrep__new_hosp_admissions__daily,Rwampara,4
2026-05-24,insp_sitrep__cumulative_confirmed_cases__daily,Aru,1
2026-05-24,insp_sitrep__cumulative_confirmed_cases__daily,Bambu,2
2026-05-24,insp_sitrep__cumulative_confirmed_cases__daily,Bunia,24
2026-05-24,insp_sitrep__cumulative_confirmed_cases__daily,Butembo,3
2026-05-24,insp_sitrep__cumulative_confirmed_cases__daily,Goma,1
2026-05-24,insp_sitrep__cumulative_confirmed_cases__daily,Kalunguta,1
2026-05-24,insp_sitrep__cumulative_confirmed_cases__daily,Katwa,4
2026-05-24,insp_sitrep__cumulative_confirmed_cases__daily,Kilo,1
2026-05-24,insp_sitrep__cumulative_confirmed_cases__daily,Miti Murhesa,1
2026-05-24,insp_sitrep__cumulative_confirmed_cases__daily,Mongbwalu,19
2026-05-24,insp_sitrep__cumulative_confirmed_cases__daily,Nizi,2
2026-05-24,insp_sitrep__cumulative_confirmed_cases__daily,Nyankunde,9
2026-05-24,insp_sitrep__cumulative_confirmed_cases__daily,Oicha,1
2026-05-24,insp_sitrep__cumulative_confirmed_cases__daily,Rwampara,32
2026-05-24,insp_sitrep__cumulative_confirmed_deaths__daily,Bambu,0
2026-05-24,insp_sitrep__cumulative_confirmed_deaths__daily,Bunia,2
2026-05-24,insp_sitrep__cumulative_confirmed_deaths__daily,Butembo,0
2026-05-24,insp_sitrep__cumulative_confirmed_deaths__daily,Goma,0
2026-05-24,insp_sitrep__cumulative_confirmed_deaths__daily,Katwa,0
2026-05-24,insp_sitrep__cumulative_confirmed_deaths__daily,Kilo,0
2026-05-24,insp_sitrep__cumulative_confirmed_deaths__daily,Komanda,1
2026-05-24,insp_sitrep__cumulative_confirmed_deaths__daily,Miti Murhesa,0
2026-05-24,insp_sitrep__cumulative_confirmed_deaths__daily,Mongbwalu,0
2026-05-24,insp_sitrep__cumulative_confirmed_deaths__daily,Nizi,0
2026-05-24,insp_sitrep__cumulative_confirmed_deaths__daily,Nyankunde,0
2026-05-24,insp_sitrep__cumulative_confirmed_deaths__daily,Rwampara,2
2026-05-24,insp_sitrep__cumulative_suspected_cases__daily,Aru,4
2026-05-24,insp_sitrep__cumulative_suspected_cases__daily,Bambu,6
2026-05-24,insp_sitrep__cumulative_suspected_cases__daily,Bunia,249
2026-05-24,insp_sitrep__cumulative_suspected_cases__daily,Butembo,7
2026-05-24,insp_sitrep__cumulative_suspected_cases__daily,Goma,0
2026-05-24,insp_sitrep__cumulative_suspected_cases__daily,Katwa,0
2026-05-24,insp_sitrep__cumulative_suspected_cases__daily,Kilo,8
2026-05-24,insp_sitrep__cumulative_suspected_cases__daily,Miti Murhesa,1
2026-05-24,insp_sitrep__cumulative_suspected_cases__daily,Mongbwalu,339
2026-05-24,insp_sitrep__cumulative_suspected_cases__daily,Nizi,6
2026-05-24,insp_sitrep__cumulative_suspected_cases__daily,Nyankunde,45
2026-05-24,insp_sitrep__cumulative_suspected_cases__daily,Rwampara,228
2026-05-24,insp_sitrep__cumulative_suspected_deaths__daily,Aru,1
2026-05-24,insp_sitrep__cumulative_suspected_deaths__daily,Bambu,2
2026-05-24,insp_sitrep__cumulative_suspected_deaths__daily,Bunia,48
2026-05-24,insp_sitrep__cumulative_suspected_deaths__daily,Butembo,0
2026-05-24,insp_sitrep__cumulative_suspected_deaths__daily,Goma,0
2026-05-24,insp_sitrep__cumulative_suspected_deaths__daily,Katwa,0
2026-05-24,insp_sitrep__cumulative_suspected_deaths__daily,Kilo,2
2026-05-24,insp_sitrep__cumulative_suspected_deaths__daily,Miti Murhesa,0
2026-05-24,insp_sitrep__cumulative_suspected_deaths__daily,Mongbwalu,88
2026-05-24,insp_sitrep__cumulative_suspected_deaths__daily,Nizi,2
2026-05-24,insp_sitrep__cumulative_suspected_deaths__daily,Nyankunde,11
2026-05-24,insp_sitrep__cumulative_suspected_deaths__daily,Rwampara,69
2026-05-24,insp_sitrep__hospitalised__daily,Aru,2
2026-05-24,insp_sitrep__hospitalised__daily,Bambu,2
2026-05-24,insp_sitrep__hospitalised__daily,Bunia,53
2026-05-24,insp_sitrep__hospitalised__daily,Mongbwalu,18
2026-05-24,insp_sitrep__hospitalised__daily,Nyankunde,33
2026-05-24,insp_sitrep__hospitalised__daily,Rwampara,25
2026-05-24,insp_sitrep__national_cumulative_confirmed_cases__daily,DRC,105
2026-05-24,insp_sitrep__national_cumulative_confirmed_deaths__daily,DRC,10
2026-05-24,insp_sitrep__national_cumulative_suspected_cases__daily,DRC,906
2026-05-24,insp_sitrep__new_hosp_admissions__daily,Aru,0
2026-05-24,insp_sitrep__new_hosp_admissions__daily,Bambu,0
2026-05-24,insp_sitrep__new_hosp_admissions__daily,Bunia,9
2026-05-24,insp_sitrep__new_hosp_admissions__daily,Mongbwalu,5
2026-05-24,insp_sitrep__new_hosp_admissions__daily,Nyankunde,0
2026-05-24,insp_sitrep__new_hosp_admissions__daily,Rwampara,6
2026-05-25,insp_sitrep__cumulative_confirmed_cases__daily,Aru,1
2026-05-25,insp_sitrep__cumulative_confirmed_cases__daily,Bambu,0
2026-05-25,insp_sitrep__cumulative_confirmed_cases__daily,Bunia,24
2026-05-25,insp_sitrep__cumulative_confirmed_cases__daily,Butembo,3
2026-05-25,insp_sitrep__cumulative_confirmed_cases__daily,Goma,1
2026-05-25,insp_sitrep__cumulative_confirmed_cases__daily,Kalunguta,1
2026-05-25,insp_sitrep__cumulative_confirmed_cases__daily,Katwa,4
2026-05-25,insp_sitrep__cumulative_confirmed_cases__daily,Kilo,1
2026-05-25,insp_sitrep__cumulative_confirmed_cases__daily,Kyondo,1
2026-05-25,insp_sitrep__cumulative_confirmed_cases__daily,Miti Murhesa,1
2026-05-25,insp_sitrep__cumulative_confirmed_cases__daily,Mongbwalu,19
2026-05-25,insp_sitrep__cumulative_confirmed_cases__daily,Nizi,2
2026-05-25,insp_sitrep__cumulative_confirmed_cases__daily,Nyankunde,9
2026-05-25,insp_sitrep__cumulative_confirmed_cases__daily,Oicha,1
2026-05-25,insp_sitrep__cumulative_confirmed_cases__daily,Rwampara,32
2026-05-25,insp_sitrep__cumulative_confirmed_deaths__daily,Bunia,2
2026-05-25,insp_sitrep__cumulative_confirmed_deaths__daily,Goma,0
2026-05-25,insp_sitrep__cumulative_confirmed_deaths__daily,Kilo,0
2026-05-25,insp_sitrep__cumulative_confirmed_deaths__daily,Komanda,1
2026-05-25,insp_sitrep__cumulative_confirmed_deaths__daily,Miti Murhesa,0
2026-05-25,insp_sitrep__cumulative_confirmed_deaths__daily,Mongbwalu,0
2026-05-25,insp_sitrep__cumulative_confirmed_deaths__daily,Nyankunde,0
2026-05-25,insp_sitrep__cumulative_confirmed_deaths__daily,Rwampara,2
2026-05-25,insp_sitrep__cumulative_suspected_cases__daily,Aru,4
2026-05-25,insp_sitrep__cumulative_suspected_cases__daily,Bambu,6
2026-05-25,insp_sitrep__cumulative_suspected_cases__daily,Bunia,270
2026-05-25,insp_sitrep__cumulative_suspected_cases__daily,Butembo,7
2026-05-25,insp_sitrep__cumulative_suspected_cases__daily,Goma,0
2026-05-25,insp_sitrep__cumulative_suspected_cases__daily,Katwa,13
2026-05-25,insp_sitrep__cumulative_suspected_cases__daily,Kilo,18
2026-05-25,insp_sitrep__cumulative_suspected_cases__daily,Miti Murhesa,1
2026-05-25,insp_sitrep__cumulative_suspected_cases__daily,Mongbwalu,364
2026-05-25,insp_sitrep__cumulative_suspected_cases__daily,Nizi,9
2026-05-25,insp_sitrep__cumulative_suspected_cases__daily,Nyankunde,66
2026-05-25,insp_sitrep__cumulative_suspected_cases__daily,Rwampara,240
2026-05-25,insp_sitrep__cumulative_suspected_deaths__daily,Aru,1
2026-05-25,insp_sitrep__cumulative_suspected_deaths__daily,Bambu,2
2026-05-25,insp_sitrep__cumulative_suspected_deaths__daily,Bunia,55
2026-05-25,insp_sitrep__cumulative_suspected_deaths__daily,Butembo,0
2026-05-25,insp_sitrep__cumulative_suspected_deaths__daily,Goma,0
2026-05-25,insp_sitrep__cumulative_suspected_deaths__daily,Kalunguta,0
2026-05-25,insp_sitrep__cumulative_suspected_deaths__daily,Karisimbi,0
2026-05-25,insp_sitrep__cumulative_suspected_deaths__daily,Katwa,0
2026-05-25,insp_sitrep__cumulative_suspected_deaths__daily,Kilo,0
2026-05-25,insp_sitrep__cumulative_suspected_deaths__daily,Miti Murhesa,0
2026-05-25,insp_sitrep__cumulative_suspected_deaths__daily,Mongbwalu,88
2026-05-25,insp_sitrep__cumulative_suspected_deaths__daily,Nizi,2
2026-05-25,insp_sitrep__cumulative_suspected_deaths__daily,Nyankunde,15
2026-05-25,insp_sitrep__cumulative_suspected_deaths__daily,Oicha,0
2026-05-25,insp_sitrep__cumulative_suspected_deaths__daily,Rwampara,75
2026-05-25,insp_sitrep__national_cumulative_confirmed_cases__daily,DRC,106
2026-05-25,insp_sitrep__national_cumulative_confirmed_deaths__daily,DRC,12
2026-05-25,insp_sitrep__national_cumulative_suspected_cases__daily,DRC,998
2026-05-26,insp_sitrep__cumulative_confirmed_cases__daily,Aru,1
2026-05-26,insp_sitrep__cumulative_confirmed_cases__daily,Bambu,0
2026-05-26,insp_sitrep__cumulative_confirmed_cases__daily,Bunia,36
2026-05-26,insp_sitrep__cumulative_confirmed_cases__daily,Butembo,3
2026-05-26,insp_sitrep__cumulative_confirmed_cases__daily,Damas,0
2026-05-26,insp_sitrep__cumulative_confirmed_cases__daily,Fataki,0
2026-05-26,insp_sitrep__cumulative_confirmed_cases__daily,Goma,1
2026-05-26,insp_sitrep__cumulative_confirmed_cases__daily,Kalunguta,1
2026-05-26,insp_sitrep__cumulative_confirmed_cases__daily,Karisimbi,0
2026-05-26,insp_sitrep__cumulative_confirmed_cases__daily,Kilo,1
2026-05-26,insp_sitrep__cumulative_confirmed_cases__daily,Kyondo,1
2026-05-26,insp_sitrep__cumulative_confirmed_cases__daily,Mambasa,0
2026-05-26,insp_sitrep__cumulative_confirmed_cases__daily,Miti Murhesa,1
2026-05-26,insp_sitrep__cumulative_confirmed_cases__daily,Mongbwalu,20
2026-05-26,insp_sitrep__cumulative_confirmed_cases__daily,Nizi,2
2026-05-26,insp_sitrep__cumulative_confirmed_cases__daily,Nyankunde,10
2026-05-26,insp_sitrep__cumulative_confirmed_cases__daily,Oicha,1
2026-05-26,insp_sitrep__cumulative_confirmed_cases__daily,Rimba,0
2026-05-26,insp_sitrep__cumulative_confirmed_cases__daily,Rwampara,33
2026-05-26,insp_sitrep__cumulative_confirmed_deaths__daily,Bambu,0
2026-05-26,insp_sitrep__cumulative_confirmed_deaths__daily,Bunia,2
2026-05-26,insp_sitrep__cumulative_confirmed_deaths__daily,Butembo,0
2026-05-26,insp_sitrep__cumulative_confirmed_deaths__daily,Goma,0
2026-05-26,insp_sitrep__cumulative_confirmed_deaths__daily,Katwa,0
2026-05-26,insp_sitrep__cumulative_confirmed_deaths__daily,Kilo,0
2026-05-26,insp_sitrep__cumulative_confirmed_deaths__daily,Komanda,1
2026-05-26,insp_sitrep__cumulative_confirmed_deaths__daily,Miti Murhesa,0
2026-05-26,insp_sitrep__cumulative_confirmed_deaths__daily,Mongbwalu,0
2026-05-26,insp_sitrep__cumulative_confirmed_deaths__daily,Nizi,0
2026-05-26,insp_sitrep__cumulative_confirmed_deaths__daily,Nyankunde,0
2026-05-26,insp_sitrep__cumulative_confirmed_deaths__daily,Rwampara,2
2026-05-26,insp_sitrep__cumulative_suspected_cases__daily,Aru,4
2026-05-26,insp_sitrep__cumulative_suspected_cases__daily,Bambu,10
2026-05-26,insp_sitrep__cumulative_suspected_cases__daily,Bunia,279
2026-05-26,insp_sitrep__cumulative_suspected_cases__daily,Butembo,10
2026-05-26,insp_sitrep__cumulative_suspected_cases__daily,Damas,4
2026-05-26,insp_sitrep__cumulative_suspected_cases__daily,Fataki,1
2026-05-26,insp_sitrep__cumulative_suspected_cases__daily,Goma,0
2026-05-26,insp_sitrep__cumulative_suspected_cases__daily,Kalunguta,2
2026-05-26,insp_sitrep__cumulative_suspected_cases__daily,Karisimbi,5
2026-05-26,insp_sitrep__cumulative_suspected_cases__daily,Kilo,18
2026-05-26,insp_sitrep__cumulative_suspected_cases__daily,Kyondo,3
2026-05-26,insp_sitrep__cumulative_suspected_cases__daily,Mambasa,5
2026-05-26,insp_sitrep__cumulative_suspected_cases__daily,Miti Murhesa,1
2026-05-26,insp_sitrep__cumulative_suspected_cases__daily,Mongbwalu,375
2026-05-26,insp_sitrep__cumulative_suspected_cases__daily,Nizi,15
2026-05-26,insp_sitrep__cumulative_suspected_cases__daily,Nyankunde,70
2026-05-26,insp_sitrep__cumulative_suspected_cases__daily,Oicha,8
2026-05-26,insp_sitrep__cumulative_suspected_cases__daily,Rimba,14
2026-05-26,insp_sitrep__cumulative_suspected_cases__daily,Rwampara,240
2026-05-26,insp_sitrep__cumulative_suspected_deaths__daily,Aru,1
2026-05-26,insp_sitrep__cumulative_suspected_deaths__daily,Bambu,2
2026-05-26,insp_sitrep__cumulative_suspected_deaths__daily,Bunia,55
2026-05-26,insp_sitrep__cumulative_suspected_deaths__daily,Butembo,0
2026-05-26,insp_sitrep__cumulative_suspected_deaths__daily,Damas,2
2026-05-26,insp_sitrep__cumulative_suspected_deaths__daily,Fataki,1
2026-05-26,insp_sitrep__cumulative_suspected_deaths__daily,Goma,0
2026-05-26,insp_sitrep__cumulative_suspected_deaths__daily,Kalunguta,0
2026-05-26,insp_sitrep__cumulative_suspected_deaths__daily,Karisimbi,0
2026-05-26,insp_sitrep__cumulative_suspected_deaths__daily,Katwa,0
2026-05-26,insp_sitrep__cumulative_suspected_deaths__daily,Kilo,0
2026-05-26,insp_sitrep__cumulative_suspected_deaths__daily,Kyondo,0
2026-05-26,insp_sitrep__cumulative_suspected_deaths__daily,Mambasa,1
2026-05-26,insp_sitrep__cumulative_suspected_deaths__daily,Miti Murhesa,0
2026-05-26,insp_sitrep__cumulative_suspected_deaths__daily,Mongbwalu,88
2026-05-26,insp_sitrep__cumulative_suspected_deaths__daily,Nizi,2
2026-05-26,insp_sitrep__cumulative_suspected_deaths__daily,Nyankunde,15
2026-05-26,insp_sitrep__cumulative_suspected_deaths__daily,Oicha,0
2026-05-26,insp_sitrep__cumulative_suspected_deaths__daily,Rimba,4
2026-05-26,insp_sitrep__cumulative_suspected_deaths__daily,Rwampara,75
2026-05-26,insp_sitrep__national_cumulative_confirmed_cases__daily,DRC,121
2026-05-26,insp_sitrep__national_cumulative_confirmed_deaths__daily,DRC,17
2026-05-26,insp_sitrep__national_cumulative_suspected_cases__daily,DRC,1077
2026-05-27,insp_sitrep__cumulative_confirmed_cases__daily,Aru,1
2026-05-27,insp_sitrep__cumulative_confirmed_cases__daily,Bambu,0
2026-05-27,insp_sitrep__cumulative_confirmed_cases__daily,Bunia,37
2026-05-27,insp_sitrep__cumulative_confirmed_cases__daily,Butembo,5
2026-05-27,insp_sitrep__cumulative_confirmed_cases__daily,Damas,0
2026-05-27,insp_sitrep__cumulative_confirmed_cases__daily,Fataki,0
2026-05-27,insp_sitrep__cumulative_confirmed_cases__daily,Goma,1
2026-05-27,insp_sitrep__cumulative_confirmed_cases__daily,Kalunguta,2
2026-05-27,insp_sitrep__cumulative_confirmed_cases__daily,Karisimbi,0
2026-05-27,insp_sitrep__cumulative_confirmed_cases__daily,Katwa,4
2026-05-27,insp_sitrep__cumulative_confirmed_cases__daily,Kilo,1
2026-05-27,insp_sitrep__cumulative_confirmed_cases__daily,Mambasa,0
2026-05-27,insp_sitrep__cumulative_confirmed_cases__daily,Miti Murhesa,1
2026-05-27,insp_sitrep__cumulative_confirmed_cases__daily,Mongbwalu,20
2026-05-27,insp_sitrep__cumulative_confirmed_cases__daily,Nizi,2
2026-05-27,insp_sitrep__cumulative_confirmed_cases__daily,Nyankunde,10
2026-05-27,insp_sitrep__cumulative_confirmed_cases__daily,Oicha,2
2026-05-27,insp_sitrep__cumulative_confirmed_cases__daily,Rimba,0
2026-05-27,insp_sitrep__cumulative_confirmed_cases__daily,Rwampara,33
2026-05-27,insp_sitrep__cumulative_confirmed_deaths__daily,Bambu,0
2026-05-27,insp_sitrep__cumulative_confirmed_deaths__daily,Bunia,2
2026-05-27,insp_sitrep__cumulative_confirmed_deaths__daily,Butembo,0
2026-05-27,insp_sitrep__cumulative_confirmed_deaths__daily,Goma,0
2026-05-27,insp_sitrep__cumulative_confirmed_deaths__daily,Katwa,0
2026-05-27,insp_sitrep__cumulative_confirmed_deaths__daily,Kilo,0
2026-05-27,insp_sitrep__cumulative_confirmed_deaths__daily,Komanda,1
2026-05-27,insp_sitrep__cumulative_confirmed_deaths__daily,Miti Murhesa,0
2026-05-27,insp_sitrep__cumulative_confirmed_deaths__daily,Mongbwalu,0
2026-05-27,insp_sitrep__cumulative_confirmed_deaths__daily,Nizi,0
2026-05-27,insp_sitrep__cumulative_confirmed_deaths__daily,Nyankunde,0
2026-05-27,insp_sitrep__cumulative_confirmed_deaths__daily,Rwampara,2
2026-05-27,insp_sitrep__cumulative_suspected_cases__daily,Aru,4
2026-05-27,insp_sitrep__cumulative_suspected_cases__daily,Bambu,6
2026-05-27,insp_sitrep__cumulative_suspected_cases__daily,Bunia,249
2026-05-27,insp_sitrep__cumulative_suspected_cases__daily,Butembo,7
2026-05-27,insp_sitrep__cumulative_suspected_cases__daily,Goma,0
2026-05-27,insp_sitrep__cumulative_suspected_cases__daily,Kalunguta,13
2026-05-27,insp_sitrep__cumulative_suspected_cases__daily,Kilo,8
2026-05-27,insp_sitrep__cumulative_suspected_cases__daily,Miti Murhesa,1
2026-05-27,insp_sitrep__cumulative_suspected_cases__daily,Mongbwalu,339
2026-05-27,insp_sitrep__cumulative_suspected_cases__daily,Nizi,6
2026-05-27,insp_sitrep__cumulative_suspected_cases__daily,Nyankunde,45
2026-05-27,insp_sitrep__cumulative_suspected_cases__daily,Oicha,0
2026-05-27,insp_sitrep__cumulative_suspected_cases__daily,Rwampara,228
2026-05-27,insp_sitrep__cumulative_suspected_deaths__daily,Aru,1
2026-05-27,insp_sitrep__cumulative_suspected_deaths__daily,Bambu,2
2026-05-27,insp_sitrep__cumulative_suspected_deaths__daily,Bunia,48
2026-05-27,insp_sitrep__cumulative_suspected_deaths__daily,Butembo,0
2026-05-27,insp_sitrep__cumulative_suspected_deaths__daily,Goma,0
2026-05-27,insp_sitrep__cumulative_suspected_deaths__daily,Kalunguta,0
2026-05-27,insp_sitrep__cumulative_suspected_deaths__daily,Karisimbi,0
2026-05-27,insp_sitrep__cumulative_suspected_deaths__daily,Katwa,0
2026-05-27,insp_sitrep__cumulative_suspected_deaths__daily,Kilo,2
2026-05-27,insp_sitrep__cumulative_suspected_deaths__daily,Kyondo,0
2026-05-27,insp_sitrep__cumulative_suspected_deaths__daily,Miti Murhesa,0
2026-05-27,insp_sitrep__cumulative_suspected_deaths__daily,Mongbwalu,88
2026-05-27,insp_sitrep__cumulative_suspected_deaths__daily,Nizi,2
2026-05-27,insp_sitrep__cumulative_suspected_deaths__daily,Nyankunde,11
2026-05-27,insp_sitrep__cumulative_suspected_deaths__daily,Oicha,0
2026-05-27,insp_sitrep__cumulative_suspected_deaths__daily,Rwampara,69
2026-05-27,insp_sitrep__national_cumulative_confirmed_cases__daily,DRC,125
2026-05-27,insp_sitrep__national_cumulative_confirmed_deaths__daily,DRC,17
2026-05-27,insp_sitrep__national_cumulative_suspected_cases__daily,DRC,906
2026-05-27,insp_sitrep__new_hosp_admissions__daily,Bambu,6
2026-05-27,insp_sitrep__new_hosp_admissions__daily,Bunia,14
2026-05-27,insp_sitrep__new_hosp_admissions__daily,Mongbwalu,10
2026-05-27,insp_sitrep__new_hosp_admissions__daily,Nyankunde,39
2026-05-27,insp_sitrep__new_hosp_admissions__daily,Rwampara,8
2026-05-28,insp_sitrep__cumulative_confirmed_cases__daily,Aru,2
2026-05-28,insp_sitrep__cumulative_confirmed_cases__daily,Aungba,1
2026-05-28,insp_sitrep__cumulative_confirmed_cases__daily,Bambu,2
2026-05-28,insp_sitrep__cumulative_confirmed_cases__daily,Beni,2
2026-05-28,insp_sitrep__cumulative_confirmed_cases__daily,Bunia,80
2026-05-28,insp_sitrep__cumulative_confirmed_cases__daily,Butembo,5
2026-05-28,insp_sitrep__cumulative_confirmed_cases__daily,Damas,1
2026-05-28,insp_sitrep__cumulative_confirmed_cases__daily,Gety,1
2026-05-28,insp_sitrep__cumulative_confirmed_cases__daily,Goma,1
2026-05-28,insp_sitrep__cumulative_confirmed_cases__daily,Kalunguta,1
2026-05-28,insp_sitrep__cumulative_confirmed_cases__daily,Karisimbi,0
2026-05-28,insp_sitrep__cumulative_confirmed_cases__daily,Katwa,4
2026-05-28,insp_sitrep__cumulative_confirmed_cases__daily,Kilo,2
2026-05-28,insp_sitrep__cumulative_confirmed_cases__daily,Komanda,1
2026-05-28,insp_sitrep__cumulative_confirmed_cases__daily,Kyondo,1
2026-05-28,insp_sitrep__cumulative_confirmed_cases__daily,Lita,1
2026-05-28,insp_sitrep__cumulative_confirmed_cases__daily,Mangala,1
2026-05-28,insp_sitrep__cumulative_confirmed_cases__daily,Miti Murhesa,3
2026-05-28,insp_sitrep__cumulative_confirmed_cases__daily,Mongbwalu,47
2026-05-28,insp_sitrep__cumulative_confirmed_cases__daily,Nizi,2
2026-05-28,insp_sitrep__cumulative_confirmed_cases__daily,Nyankunde,19
2026-05-28,insp_sitrep__cumulative_confirmed_cases__daily,Oicha,1
2026-05-28,insp_sitrep__cumulative_confirmed_cases__daily,Rwampara,65
2026-05-28,insp_sitrep__cumulative_confirmed_deaths__daily,Aru,1
2026-05-28,insp_sitrep__cumulative_confirmed_deaths__daily,Aungba,0
2026-05-28,insp_sitrep__cumulative_confirmed_deaths__daily,Bambu,2
2026-05-28,insp_sitrep__cumulative_confirmed_deaths__daily,Beni,0
2026-05-28,insp_sitrep__cumulative_confirmed_deaths__daily,Bunia,8
2026-05-28,insp_sitrep__cumulative_confirmed_deaths__daily,Butembo,2
2026-05-28,insp_sitrep__cumulative_confirmed_deaths__daily,Damas,0
2026-05-28,insp_sitrep__cumulative_confirmed_deaths__daily,Gety,0
2026-05-28,insp_sitrep__cumulative_confirmed_deaths__daily,Goma,0
2026-05-28,insp_sitrep__cumulative_confirmed_deaths__daily,Jiba,0
2026-05-28,insp_sitrep__cumulative_confirmed_deaths__daily,Kalunguta,1
2026-05-28,insp_sitrep__cumulative_confirmed_deaths__daily,Karisimbi,0
2026-05-28,insp_sitrep__cumulative_confirmed_deaths__daily,Katwa,3
2026-05-28,insp_sitrep__cumulative_confirmed_deaths__daily,Kilo,0
2026-05-28,insp_sitrep__cumulative_confirmed_deaths__daily,Komanda,1
2026-05-28,insp_sitrep__cumulative_confirmed_deaths__daily,Kyondo,0
2026-05-28,insp_sitrep__cumulative_confirmed_deaths__daily,Lita,0
2026-05-28,insp_sitrep__cumulative_confirmed_deaths__daily,Mangala,0
2026-05-28,insp_sitrep__cumulative_confirmed_deaths__daily,Miti Murhesa,1
2026-05-28,insp_sitrep__cumulative_confirmed_deaths__daily,Mongbwalu,10
2026-05-28,insp_sitrep__cumulative_confirmed_deaths__daily,Nizi,0
2026-05-28,insp_sitrep__cumulative_confirmed_deaths__daily,Nyankunde,1
2026-05-28,insp_sitrep__cumulative_confirmed_deaths__daily,Oicha,0
2026-05-28,insp_sitrep__cumulative_confirmed_deaths__daily,Rwampara,13
2026-05-28,insp_sitrep__cumulative_suspected_cases__daily,Aru,4
2026-05-28,insp_sitrep__cumulative_suspected_cases__daily,Bambu,14
2026-05-28,insp_sitrep__cumulative_suspected_cases__daily,Bunia,268
2026-05-28,insp_sitrep__cumulative_suspected_cases__daily,Butembo,7
2026-05-28,insp_sitrep__cumulative_suspected_cases__daily,Damas,1
2026-05-28,insp_sitrep__cumulative_suspected_cases__daily,Gety,3
2026-05-28,insp_sitrep__cumulative_suspected_cases__daily,Goma,0
2026-05-28,insp_sitrep__cumulative_suspected_cases__daily,Jiba,2
2026-05-28,insp_sitrep__cumulative_suspected_cases__daily,Kalunguta,13
2026-05-28,insp_sitrep__cumulative_suspected_cases__daily,Kilo,8
2026-05-28,insp_sitrep__cumulative_suspected_cases__daily,Miti Murhesa,1
2026-05-28,insp_sitrep__cumulative_suspected_cases__daily,Mongbwalu,346
2026-05-28,insp_sitrep__cumulative_suspected_cases__daily,Nizi,6
2026-05-28,insp_sitrep__cumulative_suspected_cases__daily,Nyankunde,52
2026-05-28,insp_sitrep__cumulative_suspected_cases__daily,Oicha,0
2026-05-28,insp_sitrep__cumulative_suspected_cases__daily,Rwampara,241
2026-05-28,insp_sitrep__cumulative_suspected_deaths__daily,Aru,1
2026-05-28,insp_sitrep__cumulative_suspected_deaths__daily,Bambu,3
2026-05-28,insp_sitrep__cumulative_suspected_deaths__daily,Bunia,57
2026-05-28,insp_sitrep__cumulative_suspected_deaths__daily,Butembo,0
2026-05-28,insp_sitrep__cumulative_suspected_deaths__daily,Damas,0
2026-05-28,insp_sitrep__cumulative_suspected_deaths__daily,Goma,0
2026-05-28,insp_sitrep__cumulative_suspected_deaths__daily,Kalunguta,0
2026-05-28,insp_sitrep__cumulative_suspected_deaths__daily,Karisimbi,0
2026-05-28,insp_sitrep__cumulative_suspected_deaths__daily,Katwa,0
2026-05-28,insp_sitrep__cumulative_suspected_deaths__daily,Kilo,2
2026-05-28,insp_sitrep__cumulative_suspected_deaths__daily,Kyondo,0
2026-05-28,insp_sitrep__cumulative_suspected_deaths__daily,Miti Murhesa,0
2026-05-28,insp_sitrep__cumulative_suspected_deaths__daily,Mongbwalu,88
2026-05-28,insp_sitrep__cumulative_suspected_deaths__daily,Nizi,2
2026-05-28,insp_sitrep__cumulative_suspected_deaths__daily,Nyankunde,12
2026-05-28,insp_sitrep__cumulative_suspected_deaths__daily,Oicha,0
2026-05-28,insp_sitrep__cumulative_suspected_deaths__daily,Rwampara,71
2026-05-28,insp_sitrep__national_cumulative_confirmed_cases__daily,DRC,210
2026-05-28,insp_sitrep__national_cumulative_confirmed_deaths__daily,DRC,17
2026-05-28,insp_sitrep__national_cumulative_suspected_cases__daily,DRC,349
2026-05-29,insp_sitrep__cumulative_confirmed_cases__daily,Aru,2
2026-05-29,insp_sitrep__cumulative_confirmed_cases__daily,Aungba,1
2026-05-29,insp_sitrep__cumulative_confirmed_cases__daily,Bambu,2
2026-05-29,insp_sitrep__cumulative_confirmed_cases__daily,Beni,2
2026-05-29,insp_sitrep__cumulative_confirmed_cases__daily,Bunia,80
2026-05-29,insp_sitrep__cumulative_confirmed_cases__daily,Butembo,5
2026-05-29,insp_sitrep__cumulative_confirmed_cases__daily,Damas,1
2026-05-29,insp_sitrep__cumulative_confirmed_cases__daily,Gety,1
2026-05-29,insp_sitrep__cumulative_confirmed_cases__daily,Goma,1
2026-05-29,insp_sitrep__cumulative_confirmed_cases__daily,Kalunguta,1
2026-05-29,insp_sitrep__cumulative_confirmed_cases__daily,Karisimbi,0
2026-05-29,insp_sitrep__cumulative_confirmed_cases__daily,Katwa,4
2026-05-29,insp_sitrep__cumulative_confirmed_cases__daily,Kilo,2
2026-05-29,insp_sitrep__cumulative_confirmed_cases__daily,Komanda,1
2026-05-29,insp_sitrep__cumulative_confirmed_cases__daily,Kyondo,1
2026-05-29,insp_sitrep__cumulative_confirmed_cases__daily,Lita,1
2026-05-29,insp_sitrep__cumulative_confirmed_cases__daily,Mangala,1
2026-05-29,insp_sitrep__cumulative_confirmed_cases__daily,Manguredjipa,0
2026-05-29,insp_sitrep__cumulative_confirmed_cases__daily,Miti Murhesa,3
2026-05-29,insp_sitrep__cumulative_confirmed_cases__daily,Mongbwalu,47
2026-05-29,insp_sitrep__cumulative_confirmed_cases__daily,Nizi,2
2026-05-29,insp_sitrep__cumulative_confirmed_cases__daily,Nyankunde,19
2026-05-29,insp_sitrep__cumulative_confirmed_cases__daily,Oicha,1
2026-05-29,insp_sitrep__cumulative_confirmed_cases__daily,Rwampara,65
2026-05-29,insp_sitrep__cumulative_confirmed_deaths__daily,Aru,1
2026-05-29,insp_sitrep__cumulative_confirmed_deaths__daily,Aungba,0
2026-05-29,insp_sitrep__cumulative_confirmed_deaths__daily,Bambu,2
2026-05-29,insp_sitrep__cumulative_confirmed_deaths__daily,Beni,0
2026-05-29,insp_sitrep__cumulative_confirmed_deaths__daily,Bunia,8
2026-05-29,insp_sitrep__cumulative_confirmed_deaths__daily,Butembo,2
2026-05-29,insp_sitrep__cumulative_confirmed_deaths__daily,Damas,0
2026-05-29,insp_sitrep__cumulative_confirmed_deaths__daily,Gety,0
2026-05-29,insp_sitrep__cumulative_confirmed_deaths__daily,Goma,0
2026-05-29,insp_sitrep__cumulative_confirmed_deaths__daily,Jiba,0
2026-05-29,insp_sitrep__cumulative_confirmed_deaths__daily,Kalunguta,1
2026-05-29,insp_sitrep__cumulative_confirmed_deaths__daily,Karisimbi,0
2026-05-29,insp_sitrep__cumulative_confirmed_deaths__daily,Katwa,3
2026-05-29,insp_sitrep__cumulative_confirmed_deaths__daily,Kilo,0
2026-05-29,insp_sitrep__cumulative_confirmed_deaths__daily,Komanda,0
2026-05-29,insp_sitrep__cumulative_confirmed_deaths__daily,Kyondo,0
2026-05-29,insp_sitrep__cumulative_confirmed_deaths__daily,Lita,0
2026-05-29,insp_sitrep__cumulative_confirmed_deaths__daily,Mangala,0
2026-05-29,insp_sitrep__cumulative_confirmed_deaths__daily,Miti Murhesa,1
2026-05-29,insp_sitrep__cumulative_confirmed_deaths__daily,Mongbwalu,10
2026-05-29,insp_sitrep__cumulative_confirmed_deaths__daily,Nizi,0
2026-05-29,insp_sitrep__cumulative_confirmed_deaths__daily,Nyankunde,1
2026-05-29,insp_sitrep__cumulative_confirmed_deaths__daily,Oicha,0
2026-05-29,insp_sitrep__cumulative_confirmed_deaths__daily,Rwampara,13
2026-05-29,insp_sitrep__cumulative_suspected_cases__daily,Aru,4
2026-05-29,insp_sitrep__cumulative_suspected_cases__daily,Bambu,14
2026-05-29,insp_sitrep__cumulative_suspected_cases__daily,Bunia,268
2026-05-29,insp_sitrep__cumulative_suspected_cases__daily,Butembo,7
2026-05-29,insp_sitrep__cumulative_suspected_cases__daily,Damas,1
2026-05-29,insp_sitrep__cumulative_suspected_cases__daily,Gety,3
2026-05-29,insp_sitrep__cumulative_suspected_cases__daily,Goma,0
2026-05-29,insp_sitrep__cumulative_suspected_cases__daily,Jiba,2
2026-05-29,insp_sitrep__cumulative_suspected_cases__daily,Kalunguta,13
2026-05-29,insp_sitrep__cumulative_suspected_cases__daily,Kilo,8
2026-05-29,insp_sitrep__cumulative_suspected_cases__daily,Miti Murhesa,1
2026-05-29,insp_sitrep__cumulative_suspected_cases__daily,Mongbwalu,346
2026-05-29,insp_sitrep__cumulative_suspected_cases__daily,Nizi,6
2026-05-29,insp_sitrep__cumulative_suspected_cases__daily,Nyankunde,52
2026-05-29,insp_sitrep__cumulative_suspected_cases__daily,Oicha,0
2026-05-29,insp_sitrep__cumulative_suspected_cases__daily,Rwampara,241
2026-05-29,insp_sitrep__cumulative_suspected_deaths__daily,Aru,1
2026-05-29,insp_sitrep__cumulative_suspected_deaths__daily,Bambu,3
2026-05-29,insp_sitrep__cumulative_suspected_deaths__daily,Bunia,57
2026-05-29,insp_sitrep__cumulative_suspected_deaths__daily,Butembo,0
2026-05-29,insp_sitrep__cumulative_suspected_deaths__daily,Damas,0
2026-05-29,insp_sitrep__cumulative_suspected_deaths__daily,Goma,0
2026-05-29,insp_sitrep__cumulative_suspected_deaths__daily,Kalunguta,0
2026-05-29,insp_sitrep__cumulative_suspected_deaths__daily,Karisimbi,0
2026-05-29,insp_sitrep__cumulative_suspected_deaths__daily,Katwa,0
2026-05-29,insp_sitrep__cumulative_suspected_deaths__daily,Kilo,2
2026-05-29,insp_sitrep__cumulative_suspected_deaths__daily,Kyondo,0
2026-05-29,insp_sitrep__cumulative_suspected_deaths__daily,Miti Murhesa,0
2026-05-29,insp_sitrep__cumulative_suspected_deaths__daily,Mongbwalu,88
2026-05-29,insp_sitrep__cumulative_suspected_deaths__daily,Nizi,2
2026-05-29,insp_sitrep__cumulative_suspected_deaths__daily,Nyankunde,12
2026-05-29,insp_sitrep__cumulative_suspected_deaths__daily,Oicha,0
2026-05-29,insp_sitrep__cumulative_suspected_deaths__daily,Rwampara,71
2026-05-29,insp_sitrep__hospitalised__daily,Aru,2
2026-05-29,insp_sitrep__hospitalised__daily,Bambu,5
2026-05-29,insp_sitrep__hospitalised__daily,Bunia,17
2026-05-29,insp_sitrep__hospitalised__daily,Mongbwalu,11
2026-05-29,insp_sitrep__hospitalised__daily,Nyankunde,38
2026-05-29,insp_sitrep__hospitalised__daily,Rwampara,13
2026-05-29,insp_sitrep__national_cumulative_confirmed_cases__daily,DRC,263
2026-05-29,insp_sitrep__national_cumulative_confirmed_deaths__daily,DRC,42
2026-05-29,insp_sitrep__national_cumulative_suspected_cases__daily,DRC,349
2026-05-30,insp_sitrep__cumulative_confirmed_cases__daily,Aru,2
2026-05-30,insp_sitrep__cumulative_confirmed_cases__daily,Aungba,1
2026-05-30,insp_sitrep__cumulative_confirmed_cases__daily,Bambu,2
2026-05-30,insp_sitrep__cumulative_confirmed_cases__daily,Beni,2
2026-05-30,insp_sitrep__cumulative_confirmed_cases__daily,Bunia,80
2026-05-30,insp_sitrep__cumulative_confirmed_cases__daily,Butembo,5
2026-05-30,insp_sitrep__cumulative_confirmed_cases__daily,Damas,1
2026-05-30,insp_sitrep__cumulative_confirmed_cases__daily,Gety,1
2026-05-30,insp_sitrep__cumulative_confirmed_cases__daily,Goma,1
2026-05-30,insp_sitrep__cumulative_confirmed_cases__daily,Kalunguta,1
2026-05-30,insp_sitrep__cumulative_confirmed_cases__daily,Karisimbi,0
2026-05-30,insp_sitrep__cumulative_confirmed_cases__daily,Katwa,4
2026-05-30,insp_sitrep__cumulative_confirmed_cases__daily,Kilo,2
2026-05-30,insp_sitrep__cumulative_confirmed_cases__daily,Komanda,1
2026-05-30,insp_sitrep__cumulative_confirmed_cases__daily,Kyondo,1
2026-05-30,insp_sitrep__cumulative_confirmed_cases__daily,Lita,1
2026-05-30,insp_sitrep__cumulative_confirmed_cases__daily,Mangala,1
2026-05-30,insp_sitrep__cumulative_confirmed_cases__daily,Manguredjipa,0
2026-05-30,insp_sitrep__cumulative_confirmed_cases__daily,Miti Murhesa,3
2026-05-30,insp_sitrep__cumulative_confirmed_cases__daily,Mongbwalu,47
2026-05-30,insp_sitrep__cumulative_confirmed_cases__daily,Nizi,2
2026-05-30,insp_sitrep__cumulative_confirmed_cases__daily,Nyankunde,19
2026-05-30,insp_sitrep__cumulative_confirmed_cases__daily,Oicha,1
2026-05-30,insp_sitrep__cumulative_confirmed_cases__daily,Rwampara,65
2026-05-30,insp_sitrep__cumulative_confirmed_deaths__daily,Aru,1
2026-05-30,insp_sitrep__cumulative_confirmed_deaths__daily,Aungba,0
2026-05-30,insp_sitrep__cumulative_confirmed_deaths__daily,Bambu,2
2026-05-30,insp_sitrep__cumulative_confirmed_deaths__daily,Beni,0
2026-05-30,insp_sitrep__cumulative_confirmed_deaths__daily,Bunia,8
2026-05-30,insp_sitrep__cumulative_confirmed_deaths__daily,Butembo,2
2026-05-30,insp_sitrep__cumulative_confirmed_deaths__daily,Damas,0
2026-05-30,insp_sitrep__cumulative_confirmed_deaths__daily,Gety,0
2026-05-30,insp_sitrep__cumulative_confirmed_deaths__daily,Goma,0
2026-05-30,insp_sitrep__cumulative_confirmed_deaths__daily,Jiba,0
2026-05-30,insp_sitrep__cumulative_confirmed_deaths__daily,Kalunguta,1
2026-05-30,insp_sitrep__cumulative_confirmed_deaths__daily,Karisimbi,0
2026-05-30,insp_sitrep__cumulative_confirmed_deaths__daily,Katwa,3
2026-05-30,insp_sitrep__cumulative_confirmed_deaths__daily,Kilo,0
2026-05-30,insp_sitrep__cumulative_confirmed_deaths__daily,Komanda,0
2026-05-30,insp_sitrep__cumulative_confirmed_deaths__daily,Kyondo,0
2026-05-30,insp_sitrep__cumulative_confirmed_deaths__daily,Lita,0
2026-05-30,insp_sitrep__cumulative_confirmed_deaths__daily,Mangala,0
2026-05-30,insp_sitrep__cumulative_confirmed_deaths__daily,Miti Murhesa,1
2026-05-30,insp_sitrep__cumulative_confirmed_deaths__daily,Mongbwalu,10
2026-05-30,insp_sitrep__cumulative_confirmed_deaths__daily,Nizi,0
2026-05-30,insp_sitrep__cumulative_confirmed_deaths__daily,Nyankunde,1
2026-05-30,insp_sitrep__cumulative_confirmed_deaths__daily,Oicha,0
2026-05-30,insp_sitrep__cumulative_confirmed_deaths__daily,Rwampara,13
2026-05-30,insp_sitrep__cumulative_suspected_cases__daily,Aru,4
2026-05-30,insp_sitrep__cumulative_suspected_cases__daily,Bambu,14
2026-05-30,insp_sitrep__cumulative_suspected_cases__daily,Bunia,268
2026-05-30,insp_sitrep__cumulative_suspected_cases__daily,Butembo,7
2026-05-30,insp_sitrep__cumulative_suspected_cases__daily,Damas,1
2026-05-30,insp_sitrep__cumulative_suspected_cases__daily,Gety,3
2026-05-30,insp_sitrep__cumulative_suspected_cases__daily,Goma,0
2026-05-30,insp_sitrep__cumulative_suspected_cases__daily,Jiba,2
2026-05-30,insp_sitrep__cumulative_suspected_cases__daily,Kalunguta,13
2026-05-30,insp_sitrep__cumulative_suspected_cases__daily,Kilo,8
2026-05-30,insp_sitrep__cumulative_suspected_cases__daily,Miti Murhesa,1
2026-05-30,insp_sitrep__cumulative_suspected_cases__daily,Mongbwalu,346
2026-05-30,insp_sitrep__cumulative_suspected_cases__daily,Nizi,6
2026-05-30,insp_sitrep__cumulative_suspected_cases__daily,Nyankunde,52
2026-05-30,insp_sitrep__cumulative_suspected_cases__daily,Oicha,0
2026-05-30,insp_sitrep__cumulative_suspected_cases__daily,Rwampara,241
2026-05-30,insp_sitrep__cumulative_suspected_deaths__daily,Aru,1
2026-05-30,insp_sitrep__cumulative_suspected_deaths__daily,Bambu,3
2026-05-30,insp_sitrep__cumulative_suspected_deaths__daily,Bunia,57
2026-05-30,insp_sitrep__cumulative_suspected_deaths__daily,Butembo,0
2026-05-30,insp_sitrep__cumulative_suspected_deaths__daily,Damas,0
2026-05-30,insp_sitrep__cumulative_suspected_deaths__daily,Goma,0
2026-05-30,insp_sitrep__cumulative_suspected_deaths__daily,Kalunguta,0
2026-05-30,insp_sitrep__cumulative_suspected_deaths__daily,Karisimbi,0
2026-05-30,insp_sitrep__cumulative_suspected_deaths__daily,Katwa,0
2026-05-30,insp_sitrep__cumulative_suspected_deaths__daily,Kilo,2
2026-05-30,insp_sitrep__cumulative_suspected_deaths__daily,Kyondo,0
2026-05-30,insp_sitrep__cumulative_suspected_deaths__daily,Miti Murhesa,0
2026-05-30,insp_sitrep__cumulative_suspected_deaths__daily,Mongbwalu,88
2026-05-30,insp_sitrep__cumulative_suspected_deaths__daily,Nizi,2
2026-05-30,insp_sitrep__cumulative_suspected_deaths__daily,Nyankunde,12
2026-05-30,insp_sitrep__cumulative_suspected_deaths__daily,Oicha,0
2026-05-30,insp_sitrep__cumulative_suspected_deaths__daily,Rwampara,71
2026-05-30,insp_sitrep__hospitalised__daily,Aru,5
2026-05-30,insp_sitrep__hospitalised__daily,Bambu,10
2026-05-30,insp_sitrep__hospitalised__daily,Bunia,23
2026-05-30,insp_sitrep__hospitalised__daily,Mongbwalu,22
2026-05-30,insp_sitrep__hospitalised__daily,Nyankunde,44
2026-05-30,insp_sitrep__hospitalised__daily,Rwampara,19
2026-05-30,insp_sitrep__national_cumulative_confirmed_cases__daily,DRC,282
2026-05-30,insp_sitrep__national_cumulative_confirmed_deaths__daily,DRC,42
2026-05-30,insp_sitrep__national_cumulative_suspected_cases__daily,DRC,321
2026-05-31,insp_sitrep__national_cumulative_confirmed_cases__daily,DRC,321
2026-05-31,insp_sitrep__national_cumulative_confirmed_deaths__daily,DRC,48
2026-05-31,insp_sitrep__national_cumulative_suspected_cases__daily,DRC,220
2026-06-01,insp_sitrep__cumulative_confirmed_cases__daily,Aru,2
2026-06-01,insp_sitrep__cumulative_confirmed_cases__daily,Aungba,1
2026-06-01,insp_sitrep__cumulative_confirmed_cases__daily,Bambu,2
2026-06-01,insp_sitrep__cumulative_confirmed_cases__daily,Beni,5
2026-06-01,insp_sitrep__cumulative_confirmed_cases__daily,Bunia,80
2026-06-01,insp_sitrep__cumulative_confirmed_cases__daily,Butembo,2
2026-06-01,insp_sitrep__cumulative_confirmed_cases__daily,Damas,1
2026-06-01,insp_sitrep__cumulative_confirmed_cases__daily,Gety,1
2026-06-01,insp_sitrep__cumulative_confirmed_cases__daily,Goma,1
2026-06-01,insp_sitrep__cumulative_confirmed_cases__daily,Kalunguta,1
2026-06-01,insp_sitrep__cumulative_confirmed_cases__daily,Katwa,7
2026-06-01,insp_sitrep__cumulative_confirmed_cases__daily,Kilo,2
2026-06-01,insp_sitrep__cumulative_confirmed_cases__daily,Komanda,1
2026-06-01,insp_sitrep__cumulative_confirmed_cases__daily,Kyondo,1
2026-06-01,insp_sitrep__cumulative_confirmed_cases__daily,Lita,1
2026-06-01,insp_sitrep__cumulative_confirmed_cases__daily,Logo,1
2026-06-01,insp_sitrep__cumulative_confirmed_cases__daily,Mambasa,2
2026-06-01,insp_sitrep__cumulative_confirmed_cases__daily,Mangala,1
2026-06-01,insp_sitrep__cumulative_confirmed_cases__daily,Miti Murhesa,3
2026-06-01,insp_sitrep__cumulative_confirmed_cases__daily,Mongbwalu,47
2026-06-01,insp_sitrep__cumulative_confirmed_cases__daily,NA,94
2026-06-01,insp_sitrep__cumulative_confirmed_cases__daily,Nizi,2
2026-06-01,insp_sitrep__cumulative_confirmed_cases__daily,Nyankunde,19
2026-06-01,insp_sitrep__cumulative_confirmed_cases__daily,Oicha,2
2026-06-01,insp_sitrep__cumulative_confirmed_cases__daily,Rwampara,65
2026-06-01,insp_sitrep__cumulative_confirmed_deaths__daily,Aru,1
2026-06-01,insp_sitrep__cumulative_confirmed_deaths__daily,Aungba,0
2026-06-01,insp_sitrep__cumulative_confirmed_deaths__daily,Bambu,2
2026-06-01,insp_sitrep__cumulative_confirmed_deaths__daily,Beni,3
2026-06-01,insp_sitrep__cumulative_confirmed_deaths__daily,Bunia,8
2026-06-01,insp_sitrep__cumulative_confirmed_deaths__daily,Butembo,2
2026-06-01,insp_sitrep__cumulative_confirmed_deaths__daily,Damas,0
2026-06-01,insp_sitrep__cumulative_confirmed_deaths__daily,Gety,0
2026-06-01,insp_sitrep__cumulative_confirmed_deaths__daily,Goma,0
2026-06-01,insp_sitrep__cumulative_confirmed_deaths__daily,Kalunguta,1
2026-06-01,insp_sitrep__cumulative_confirmed_deaths__daily,Katwa,5
2026-06-01,insp_sitrep__cumulative_confirmed_deaths__daily,Kilo,0
2026-06-01,insp_sitrep__cumulative_confirmed_deaths__daily,Komanda,0
2026-06-01,insp_sitrep__cumulative_confirmed_deaths__daily,Kyondo,0
2026-06-01,insp_sitrep__cumulative_confirmed_deaths__daily,Lita,0
2026-06-01,insp_sitrep__cumulative_confirmed_deaths__daily,Logo,0
2026-06-01,insp_sitrep__cumulative_confirmed_deaths__daily,Mambasa,1
2026-06-01,insp_sitrep__cumulative_confirmed_deaths__daily,Mangala,0
2026-06-01,insp_sitrep__cumulative_confirmed_deaths__daily,Miti Murhesa,1
2026-06-01,insp_sitrep__cumulative_confirmed_deaths__daily,Mongbwalu,10
2026-06-01,insp_sitrep__cumulative_confirmed_deaths__daily,NA,10
2026-06-01,insp_sitrep__cumulative_confirmed_deaths__daily,Nizi,0
2026-06-01,insp_sitrep__cumulative_confirmed_deaths__daily,Nyankunde,1
2026-06-01,insp_sitrep__cumulative_confirmed_deaths__daily,Oicha,2
2026-06-01,insp_sitrep__cumulative_confirmed_deaths__daily,Rwampara,13
2026-06-01,insp_sitrep__national_cumulative_confirmed_cases__daily,DRC,344
2026-06-01,insp_sitrep__national_cumulative_confirmed_deaths__daily,DRC,60
2026-06-01,insp_sitrep__national_cumulative_suspected_cases__daily,DRC,289
2026-06-02,insp_sitrep__cumulative_confirmed_cases__daily,Aru,2
2026-06-02,insp_sitrep__cumulative_confirmed_cases__daily,Aungba,1
2026-06-02,insp_sitrep__cumulative_confirmed_cases__daily,Bambu,2
2026-06-02,insp_sitrep__cumulative_confirmed_cases__daily,Beni,5
2026-06-02,insp_sitrep__cumulative_confirmed_cases__daily,Bunia,85
2026-06-02,insp_sitrep__cumulative_confirmed_cases__daily,Butembo,2
2026-06-02,insp_sitrep__cumulative_confirmed_cases__daily,Damas,2
2026-06-02,insp_sitrep__cumulative_confirmed_cases__daily,Gety,1
2026-06-02,insp_sitrep__cumulative_confirmed_cases__daily,Goma,1
2026-06-02,insp_sitrep__cumulative_confirmed_cases__daily,Kalunguta,1
2026-06-02,insp_sitrep__cumulative_confirmed_cases__daily,Katwa,7
2026-06-02,insp_sitrep__cumulative_confirmed_cases__daily,Kilo,2
2026-06-02,insp_sitrep__cumulative_confirmed_cases__daily,Komanda,1
2026-06-02,insp_sitrep__cumulative_confirmed_cases__daily,Kyondo,1
2026-06-02,insp_sitrep__cumulative_confirmed_cases__daily,Lita,1
2026-06-02,insp_sitrep__cumulative_confirmed_cases__daily,Logo,1
2026-06-02,insp_sitrep__cumulative_confirmed_cases__daily,Mambasa,2
2026-06-02,insp_sitrep__cumulative_confirmed_cases__daily,Mangala,1
2026-06-02,insp_sitrep__cumulative_confirmed_cases__daily,Miti Murhesa,3
2026-06-02,insp_sitrep__cumulative_confirmed_cases__daily,Mongbwalu,47
2026-06-02,insp_sitrep__cumulative_confirmed_cases__daily,NA,94
2026-06-02,insp_sitrep__cumulative_confirmed_cases__daily,Nizi,2
2026-06-02,insp_sitrep__cumulative_confirmed_cases__daily,Nyankunde,22
2026-06-02,insp_sitrep__cumulative_confirmed_cases__daily,Oicha,2
2026-06-02,insp_sitrep__cumulative_confirmed_cases__daily,Rimba,3
2026-06-02,insp_sitrep__cumulative_confirmed_cases__daily,Rwampara,72
2026-06-02,insp_sitrep__cumulative_confirmed_deaths__daily,Aru,1
2026-06-02,insp_sitrep__cumulative_confirmed_deaths__daily,Aungba,0
2026-06-02,insp_sitrep__cumulative_confirmed_deaths__daily,Bambu,2
2026-06-02,insp_sitrep__cumulative_confirmed_deaths__daily,Beni,3
2026-06-02,insp_sitrep__cumulative_confirmed_deaths__daily,Bunia,8
2026-06-02,insp_sitrep__cumulative_confirmed_deaths__daily,Butembo,2
2026-06-02,insp_sitrep__cumulative_confirmed_deaths__daily,Damas,0
2026-06-02,insp_sitrep__cumulative_confirmed_deaths__daily,Gety,0
2026-06-02,insp_sitrep__cumulative_confirmed_deaths__daily,Goma,0
2026-06-02,insp_sitrep__cumulative_confirmed_deaths__daily,Kalunguta,1
2026-06-02,insp_sitrep__cumulative_confirmed_deaths__daily,Katwa,5
2026-06-02,insp_sitrep__cumulative_confirmed_deaths__daily,Kilo,0
2026-06-02,insp_sitrep__cumulative_confirmed_deaths__daily,Komanda,0
2026-06-02,insp_sitrep__cumulative_confirmed_deaths__daily,Kyondo,0
2026-06-02,insp_sitrep__cumulative_confirmed_deaths__daily,Lita,0
2026-06-02,insp_sitrep__cumulative_confirmed_deaths__daily,Logo,0
2026-06-02,insp_sitrep__cumulative_confirmed_deaths__daily,Mambasa,1
2026-06-02,insp_sitrep__cumulative_confirmed_deaths__daily,Mangala,0
2026-06-02,insp_sitrep__cumulative_confirmed_deaths__daily,Miti Murhesa,1
2026-06-02,insp_sitrep__cumulative_confirmed_deaths__daily,Mongbwalu,10
2026-06-02,insp_sitrep__cumulative_confirmed_deaths__daily,NA,10
2026-06-02,insp_sitrep__cumulative_confirmed_deaths__daily,Nizi,0
2026-06-02,insp_sitrep__cumulative_confirmed_deaths__daily,Nyankunde,1
2026-06-02,insp_sitrep__cumulative_confirmed_deaths__daily,Oicha,2
2026-06-02,insp_sitrep__cumulative_confirmed_deaths__daily,Rimba,0
2026-06-02,insp_sitrep__cumulative_confirmed_deaths__daily,Rwampara,15
2026-06-02,insp_sitrep__national_cumulative_confirmed_cases__daily,DRC,363
2026-06-02,insp_sitrep__national_cumulative_confirmed_deaths__daily,DRC,62
2026-06-02,insp_sitrep__national_cumulative_suspected_cases__daily,DRC,206
2026-06-03,insp_sitrep__cumulative_confirmed_cases__daily,Aru,2
2026-06-03,insp_sitrep__cumulative_confirmed_cases__daily,Aungba,1
2026-06-03,insp_sitrep__cumulative_confirmed_cases__daily,Bambu,2
2026-06-03,insp_sitrep__cumulative_confirmed_cases__daily,Beni,5
2026-06-03,insp_sitrep__cumulative_confirmed_cases__daily,Bunia,97
2026-06-03,insp_sitrep__cumulative_confirmed_cases__daily,Butembo,2
2026-06-03,insp_sitrep__cumulative_confirmed_cases__daily,Damas,3
2026-06-03,insp_sitrep__cumulative_confirmed_cases__daily,Gety,1
2026-06-03,insp_sitrep__cumulative_confirmed_cases__daily,Goma,1
2026-06-03,insp_sitrep__cumulative_confirmed_cases__daily,Kalunguta,1
2026-06-03,insp_sitrep__cumulative_confirmed_cases__daily,Katwa,7
2026-06-03,insp_sitrep__cumulative_confirmed_cases__daily,Kilo,2
2026-06-03,insp_sitrep__cumulative_confirmed_cases__daily,Komanda,1
2026-06-03,insp_sitrep__cumulative_confirmed_cases__daily,Kyondo,1
2026-06-03,insp_sitrep__cumulative_confirmed_cases__daily,Lita,2
2026-06-03,insp_sitrep__cumulative_confirmed_cases__daily,Mangala,1
2026-06-03,insp_sitrep__cumulative_confirmed_cases__daily,Miti Murhesa,3
2026-06-03,insp_sitrep__cumulative_confirmed_cases__daily,Mongbwalu,47
2026-06-03,insp_sitrep__cumulative_confirmed_cases__daily,NA,97
2026-06-03,insp_sitrep__cumulative_confirmed_cases__daily,Nizi,2
2026-06-03,insp_sitrep__cumulative_confirmed_cases__daily,Nyankunde,22
2026-06-03,insp_sitrep__cumulative_confirmed_cases__daily,Oicha,2
2026-06-03,insp_sitrep__cumulative_confirmed_cases__daily,Rwampara,76
2026-06-03,insp_sitrep__cumulative_confirmed_deaths__daily,Aru,1
2026-06-03,insp_sitrep__cumulative_confirmed_deaths__daily,Aungba,0
2026-06-03,insp_sitrep__cumulative_confirmed_deaths__daily,Bambu,2
2026-06-03,insp_sitrep__cumulative_confirmed_deaths__daily,Beni,3
2026-06-03,insp_sitrep__cumulative_confirmed_deaths__daily,Bunia,9
2026-06-03,insp_sitrep__cumulative_confirmed_deaths__daily,Butembo,2
2026-06-03,insp_sitrep__cumulative_confirmed_deaths__daily,Damas,0
2026-06-03,insp_sitrep__cumulative_confirmed_deaths__daily,Gety,0
2026-06-03,insp_sitrep__cumulative_confirmed_deaths__daily,Goma,0
2026-06-03,insp_sitrep__cumulative_confirmed_deaths__daily,Kalunguta,1
2026-06-03,insp_sitrep__cumulative_confirmed_deaths__daily,Katwa,5
2026-06-03,insp_sitrep__cumulative_confirmed_deaths__daily,Kilo,0
2026-06-03,insp_sitrep__cumulative_confirmed_deaths__daily,Komanda,0
2026-06-03,insp_sitrep__cumulative_confirmed_deaths__daily,Kyondo,0
2026-06-03,insp_sitrep__cumulative_confirmed_deaths__daily,Lita,0
2026-06-03,insp_sitrep__cumulative_confirmed_deaths__daily,Mangala,0
2026-06-03,insp_sitrep__cumulative_confirmed_deaths__daily,Miti Murhesa,1
2026-06-03,insp_sitrep__cumulative_confirmed_deaths__daily,Mongbwalu,10
2026-06-03,insp_sitrep__cumulative_confirmed_deaths__daily,NA,1
2026-06-03,insp_sitrep__cumulative_confirmed_deaths__daily,Nizi,0
2026-06-03,insp_sitrep__cumulative_confirmed_deaths__daily,Nyankunde,1
2026-06-03,insp_sitrep__cumulative_confirmed_deaths__daily,Oicha,2
2026-06-03,insp_sitrep__cumulative_confirmed_deaths__daily,Rwampara,16
2026-06-03,insp_sitrep__national_cumulative_confirmed_cases__daily,DRC,381
2026-06-03,insp_sitrep__national_cumulative_confirmed_deaths__daily,DRC,64
2026-06-04,insp_sitrep__cumulative_confirmed_cases__daily,Aru,3
2026-06-04,insp_sitrep__cumulative_confirmed_cases__daily,Aungba,1
2026-06-04,insp_sitrep__cumulative_confirmed_cases__daily,Bambu,5
2026-06-04,insp_sitrep__cumulative_confirmed_cases__daily,Beni,5
2026-06-04,insp_sitrep__cumulative_confirmed_cases__daily,Bunia,123
2026-06-04,insp_sitrep__cumulative_confirmed_cases__daily,Butembo,4
2026-06-04,insp_sitrep__cumulative_confirmed_cases__daily,Damas,3
2026-06-04,insp_sitrep__cumulative_confirmed_cases__daily,Gety,1
2026-06-04,insp_sitrep__cumulative_confirmed_cases__daily,Goma,1
2026-06-04,insp_sitrep__cumulative_confirmed_cases__daily,Kalunguta,1
2026-06-04,insp_sitrep__cumulative_confirmed_cases__daily,Katwa,11
2026-06-04,insp_sitrep__cumulative_confirmed_cases__daily,Kilo,3
2026-06-04,insp_sitrep__cumulative_confirmed_cases__daily,Komanda,3
2026-06-04,insp_sitrep__cumulative_confirmed_cases__daily,Kyondo,1
2026-06-04,insp_sitrep__cumulative_confirmed_cases__daily,Lita,3
2026-06-04,insp_sitrep__cumulative_confirmed_cases__daily,Logo,2
2026-06-04,insp_sitrep__cumulative_confirmed_cases__daily,Mambasa,2
2026-06-04,insp_sitrep__cumulative_confirmed_cases__daily,Mangala,1
2026-06-04,insp_sitrep__cumulative_confirmed_cases__daily,Miti Murhesa,1
2026-06-04,insp_sitrep__cumulative_confirmed_cases__daily,Mongbwalu,64
2026-06-04,insp_sitrep__cumulative_confirmed_cases__daily,NA,94
2026-06-04,insp_sitrep__cumulative_confirmed_cases__daily,Nizi,5
2026-06-04,insp_sitrep__cumulative_confirmed_cases__daily,Nyankunde,22
2026-06-04,insp_sitrep__cumulative_confirmed_cases__daily,Oicha,2
2026-06-04,insp_sitrep__cumulative_confirmed_cases__daily,Rimba,3
2026-06-04,insp_sitrep__cumulative_confirmed_cases__daily,Rwampara,86
2026-06-04,insp_sitrep__cumulative_confirmed_deaths__daily,Aru,1
2026-06-04,insp_sitrep__cumulative_confirmed_deaths__daily,Aungba,0
2026-06-04,insp_sitrep__cumulative_confirmed_deaths__daily,Bambu,2
2026-06-04,insp_sitrep__cumulative_confirmed_deaths__daily,Beni,3
2026-06-04,insp_sitrep__cumulative_confirmed_deaths__daily,Bunia,11
2026-06-04,insp_sitrep__cumulative_confirmed_deaths__daily,Butembo,2
2026-06-04,insp_sitrep__cumulative_confirmed_deaths__daily,Damas,0
2026-06-04,insp_sitrep__cumulative_confirmed_deaths__daily,Gety,0
2026-06-04,insp_sitrep__cumulative_confirmed_deaths__daily,Goma,0
2026-06-04,insp_sitrep__cumulative_confirmed_deaths__daily,Kalunguta,1
2026-06-04,insp_sitrep__cumulative_confirmed_deaths__daily,Katwa,7
2026-06-04,insp_sitrep__cumulative_confirmed_deaths__daily,Kilo,1
2026-06-04,insp_sitrep__cumulative_confirmed_deaths__daily,Komanda,0
2026-06-04,insp_sitrep__cumulative_confirmed_deaths__daily,Kyondo,0
2026-06-04,insp_sitrep__cumulative_confirmed_deaths__daily,Lita,0
2026-06-04,insp_sitrep__cumulative_confirmed_deaths__daily,Logo,0
2026-06-04,insp_sitrep__cumulative_confirmed_deaths__daily,Mambasa,1
2026-06-04,insp_sitrep__cumulative_confirmed_deaths__daily,Mangala,0
2026-06-04,insp_sitrep__cumulative_confirmed_deaths__daily,Miti Murhesa,1
2026-06-04,insp_sitrep__cumulative_confirmed_deaths__daily,Mongbwalu,21
2026-06-04,insp_sitrep__cumulative_confirmed_deaths__daily,NA,10
2026-06-04,insp_sitrep__cumulative_confirmed_deaths__daily,Nizi,0
2026-06-04,insp_sitrep__cumulative_confirmed_deaths__daily,Nyankunde,1
2026-06-04,insp_sitrep__cumulative_confirmed_deaths__daily,Oicha,2
2026-06-04,insp_sitrep__cumulative_confirmed_deaths__daily,Rimba,0
2026-06-04,insp_sitrep__cumulative_confirmed_deaths__daily,Rwampara,18
2026-06-04,insp_sitrep__national_cumulative_confirmed_cases__daily,DRC,452
2026-06-04,insp_sitrep__national_cumulative_confirmed_deaths__daily,DRC,82
2026-06-04,insp_sitrep__national_cumulative_suspected_cases__daily,DRC,153
2026-06-05,insp_sitrep__cumulative_confirmed_cases__daily,Aru,3
2026-06-05,insp_sitrep__cumulative_confirmed_cases__daily,Aungba,1
2026-06-05,insp_sitrep__cumulative_confirmed_cases__daily,Bambu,5
2026-06-05,insp_sitrep__cumulative_confirmed_cases__daily,Beni,5
2026-06-05,insp_sitrep__cumulative_confirmed_cases__daily,Bunia,138
2026-06-05,insp_sitrep__cumulative_confirmed_cases__daily,Butembo,4
2026-06-05,insp_sitrep__cumulative_confirmed_cases__daily,Damas,3
2026-06-05,insp_sitrep__cumulative_confirmed_cases__daily,Gety,1
2026-06-05,insp_sitrep__cumulative_confirmed_cases__daily,Goma,1
2026-06-05,insp_sitrep__cumulative_confirmed_cases__daily,Kalunguta,1
2026-06-05,insp_sitrep__cumulative_confirmed_cases__daily,Katwa,11
2026-06-05,insp_sitrep__cumulative_confirmed_cases__daily,Kilo,4
2026-06-05,insp_sitrep__cumulative_confirmed_cases__daily,Komanda,3
2026-06-05,insp_sitrep__cumulative_confirmed_cases__daily,Kyondo,1
2026-06-05,insp_sitrep__cumulative_confirmed_cases__daily,Lita,4
2026-06-05,insp_sitrep__cumulative_confirmed_cases__daily,Logo,2
2026-06-05,insp_sitrep__cumulative_confirmed_cases__daily,Mambasa,2
2026-06-05,insp_sitrep__cumulative_confirmed_cases__daily,Mangala,1
2026-06-05,insp_sitrep__cumulative_confirmed_cases__daily,Miti Murhesa,3
2026-06-05,insp_sitrep__cumulative_confirmed_cases__daily,Mongbwalu,74
2026-06-05,insp_sitrep__cumulative_confirmed_cases__daily,NA,94
2026-06-05,insp_sitrep__cumulative_confirmed_cases__daily,Nizi,5
2026-06-05,insp_sitrep__cumulative_confirmed_cases__daily,Nyankunde,24
2026-06-05,insp_sitrep__cumulative_confirmed_cases__daily,Oicha,2
2026-06-05,insp_sitrep__cumulative_confirmed_cases__daily,Rimba,3
2026-06-05,insp_sitrep__cumulative_confirmed_cases__daily,Rwampara,93
2026-06-05,insp_sitrep__cumulative_confirmed_deaths__daily,Aru,1
2026-06-05,insp_sitrep__cumulative_confirmed_deaths__daily,Aungba,0
2026-06-05,insp_sitrep__cumulative_confirmed_deaths__daily,Bambu,2
2026-06-05,insp_sitrep__cumulative_confirmed_deaths__daily,Beni,3
2026-06-05,insp_sitrep__cumulative_confirmed_deaths__daily,Bunia,14
2026-06-05,insp_sitrep__cumulative_confirmed_deaths__daily,Butembo,2
2026-06-05,insp_sitrep__cumulative_confirmed_deaths__daily,Damas,0
2026-06-05,insp_sitrep__cumulative_confirmed_deaths__daily,Gety,0
2026-06-05,insp_sitrep__cumulative_confirmed_deaths__daily,Goma,0
2026-06-05,insp_sitrep__cumulative_confirmed_deaths__daily,Kalunguta,1
2026-06-05,insp_sitrep__cumulative_confirmed_deaths__daily,Katwa,7
2026-06-05,insp_sitrep__cumulative_confirmed_deaths__daily,Kilo,1
2026-06-05,insp_sitrep__cumulative_confirmed_deaths__daily,Komanda,0
2026-06-05,insp_sitrep__cumulative_confirmed_deaths__daily,Kyondo,0
2026-06-05,insp_sitrep__cumulative_confirmed_deaths__daily,Lita,0
2026-06-05,insp_sitrep__cumulative_confirmed_deaths__daily,Logo,0
2026-06-05,insp_sitrep__cumulative_confirmed_deaths__daily,Mambasa,1
2026-06-05,insp_sitrep__cumulative_confirmed_deaths__daily,Mangala,0
2026-06-05,insp_sitrep__cumulative_confirmed_deaths__daily,Miti Murhesa,1
2026-06-05,insp_sitrep__cumulative_confirmed_deaths__daily,Mongbwalu,21
2026-06-05,insp_sitrep__cumulative_confirmed_deaths__daily,NA,10
2026-06-05,insp_sitrep__cumulative_confirmed_deaths__daily,Nizi,0
2026-06-05,insp_sitrep__cumulative_confirmed_deaths__daily,Nyankunde,1
2026-06-05,insp_sitrep__cumulative_confirmed_deaths__daily,Oicha,2
2026-06-05,insp_sitrep__cumulative_confirmed_deaths__daily,Rimba,0
2026-06-05,insp_sitrep__cumulative_confirmed_deaths__daily,Rwampara,19
2026-06-05,insp_sitrep__national_cumulative_confirmed_cases__daily,DRC,488
2026-06-05,insp_sitrep__national_cumulative_confirmed_deaths__daily,DRC,86
2026-06-05,insp_sitrep__national_cumulative_suspected_cases__daily,DRC,119
2026-06-06,insp_sitrep__cumulative_confirmed_cases__daily,Aru,3
2026-06-06,insp_sitrep__cumulative_confirmed_cases__daily,Aungba,1
2026-06-06,insp_sitrep__cumulative_confirmed_cases__daily,Bambu,5
2026-06-06,insp_sitrep__cumulative_confirmed_cases__daily,Beni,5
2026-06-06,insp_sitrep__cumulative_confirmed_cases__daily,Bunia,142
2026-06-06,insp_sitrep__cumulative_confirmed_cases__daily,Butembo,4
2026-06-06,insp_sitrep__cumulative_confirmed_cases__daily,Damas,3
2026-06-06,insp_sitrep__cumulative_confirmed_cases__daily,Gety,1
2026-06-06,insp_sitrep__cumulative_confirmed_cases__daily,Goma,1
2026-06-06,insp_sitrep__cumulative_confirmed_cases__daily,Kalunguta,1
2026-06-06,insp_sitrep__cumulative_confirmed_cases__daily,Katwa,11
2026-06-06,insp_sitrep__cumulative_confirmed_cases__daily,Kilo,4
2026-06-06,insp_sitrep__cumulative_confirmed_cases__daily,Komanda,3
2026-06-06,insp_sitrep__cumulative_confirmed_cases__daily,Kyondo,1
2026-06-06,insp_sitrep__cumulative_confirmed_cases__daily,Lita,4
2026-06-06,insp_sitrep__cumulative_confirmed_cases__daily,Logo,2
2026-06-06,insp_sitrep__cumulative_confirmed_cases__daily,Mambasa,2
2026-06-06,insp_sitrep__cumulative_confirmed_cases__daily,Mangala,1
2026-06-06,insp_sitrep__cumulative_confirmed_cases__daily,Miti Murhesa,3
2026-06-06,insp_sitrep__cumulative_confirmed_cases__daily,Mongbwalu,92
2026-06-06,insp_sitrep__cumulative_confirmed_cases__daily,NA,94
2026-06-06,insp_sitrep__cumulative_confirmed_cases__daily,Nizi,5
2026-06-06,insp_sitrep__cumulative_confirmed_cases__daily,Nyankunde,24
2026-06-06,insp_sitrep__cumulative_confirmed_cases__daily,Oicha,2
2026-06-06,insp_sitrep__cumulative_confirmed_cases__daily,Rimba,3
2026-06-06,insp_sitrep__cumulative_confirmed_cases__daily,Rwampara,98
2026-06-06,insp_sitrep__cumulative_confirmed_deaths__daily,Aru,1
2026-06-06,insp_sitrep__cumulative_confirmed_deaths__daily,Aungba,0
2026-06-06,insp_sitrep__cumulative_confirmed_deaths__daily,Bambu,2
2026-06-06,insp_sitrep__cumulative_confirmed_deaths__daily,Beni,3
2026-06-06,insp_sitrep__cumulative_confirmed_deaths__daily,Bunia,14
2026-06-06,insp_sitrep__cumulative_confirmed_deaths__daily,Butembo,2
2026-06-06,insp_sitrep__cumulative_confirmed_deaths__daily,Damas,0
2026-06-06,insp_sitrep__cumulative_confirmed_deaths__daily,Gety,0
2026-06-06,insp_sitrep__cumulative_confirmed_deaths__daily,Goma,0
2026-06-06,insp_sitrep__cumulative_confirmed_deaths__daily,Kalunguta,1
2026-06-06,insp_sitrep__cumulative_confirmed_deaths__daily,Katwa,8
2026-06-06,insp_sitrep__cumulative_confirmed_deaths__daily,Kilo,1
2026-06-06,insp_sitrep__cumulative_confirmed_deaths__daily,Komanda,0
2026-06-06,insp_sitrep__cumulative_confirmed_deaths__daily,Kyondo,0
2026-06-06,insp_sitrep__cumulative_confirmed_deaths__daily,Lita,0
2026-06-06,insp_sitrep__cumulative_confirmed_deaths__daily,Logo,0
2026-06-06,insp_sitrep__cumulative_confirmed_deaths__daily,Mambasa,1
2026-06-06,insp_sitrep__cumulative_confirmed_deaths__daily,Mangala,0
2026-06-06,insp_sitrep__cumulative_confirmed_deaths__daily,Miti Murhesa,1
2026-06-06,insp_sitrep__cumulative_confirmed_deaths__daily,Mongbwalu,25
2026-06-06,insp_sitrep__cumulative_confirmed_deaths__daily,NA,10
2026-06-06,insp_sitrep__cumulative_confirmed_deaths__daily,Nizi,0
2026-06-06,insp_sitrep__cumulative_confirmed_deaths__daily,Nyankunde,1
2026-06-06,insp_sitrep__cumulative_confirmed_deaths__daily,Oicha,2
2026-06-06,insp_sitrep__cumulative_confirmed_deaths__daily,Rimba,0
2026-06-06,insp_sitrep__cumulative_confirmed_deaths__daily,Rwampara,19
2026-06-06,insp_sitrep__national_cumulative_confirmed_cases__daily,DRC,515
2026-06-06,insp_sitrep__national_cumulative_confirmed_deaths__daily,DRC,91
2026-06-06,insp_sitrep__national_cumulative_suspected_cases__daily,DRC,117
2026-06-07,insp_sitrep__cumulative_confirmed_cases__daily,Aru,3
2026-06-07,insp_sitrep__cumulative_confirmed_cases__daily,Aungba,1
2026-06-07,insp_sitrep__cumulative_confirmed_cases__daily,Bambu,5
2026-06-07,insp_sitrep__cumulative_confirmed_cases__daily,Beni,9
2026-06-07,insp_sitrep__cumulative_confirmed_cases__daily,Bunia,152
2026-06-07,insp_sitrep__cumulative_confirmed_cases__daily,Butembo,4
2026-06-07,insp_sitrep__cumulative_confirmed_cases__daily,Damas,3
2026-06-07,insp_sitrep__cumulative_confirmed_cases__daily,Gety,1
2026-06-07,insp_sitrep__cumulative_confirmed_cases__daily,Goma,1
2026-06-07,insp_sitrep__cumulative_confirmed_cases__daily,Kalunguta,1
2026-06-07,insp_sitrep__cumulative_confirmed_cases__daily,Katwa,11
2026-06-07,insp_sitrep__cumulative_confirmed_cases__daily,Kilo,4
2026-06-07,insp_sitrep__cumulative_confirmed_cases__daily,Komanda,3
2026-06-07,insp_sitrep__cumulative_confirmed_cases__daily,Kyondo,1
2026-06-07,insp_sitrep__cumulative_confirmed_cases__daily,Lita,4
2026-06-07,insp_sitrep__cumulative_confirmed_cases__daily,Logo,2
2026-06-07,insp_sitrep__cumulative_confirmed_cases__daily,Mambasa,2
2026-06-07,insp_sitrep__cumulative_confirmed_cases__daily,Mangala,1
2026-06-07,insp_sitrep__cumulative_confirmed_cases__daily,Miti Murhesa,3
2026-06-07,insp_sitrep__cumulative_confirmed_cases__daily,Mongbwalu,98
2026-06-07,insp_sitrep__cumulative_confirmed_cases__daily,NA,94
2026-06-07,insp_sitrep__cumulative_confirmed_cases__daily,Nizi,5
2026-06-07,insp_sitrep__cumulative_confirmed_cases__daily,Nyankunde,26
2026-06-07,insp_sitrep__cumulative_confirmed_cases__daily,Oicha,2
2026-06-07,insp_sitrep__cumulative_confirmed_cases__daily,Rimba,3
2026-06-07,insp_sitrep__cumulative_confirmed_cases__daily,Rwampara,111
2026-06-07,insp_sitrep__cumulative_confirmed_deaths__daily,Aru,1
2026-06-07,insp_sitrep__cumulative_confirmed_deaths__daily,Aungba,0
2026-06-07,insp_sitrep__cumulative_confirmed_deaths__daily,Bambu,2
2026-06-07,insp_sitrep__cumulative_confirmed_deaths__daily,Beni,7
2026-06-07,insp_sitrep__cumulative_confirmed_deaths__daily,Bunia,15
2026-06-07,insp_sitrep__cumulative_confirmed_deaths__daily,Butembo,2
2026-06-07,insp_sitrep__cumulative_confirmed_deaths__daily,Damas,0
2026-06-07,insp_sitrep__cumulative_confirmed_deaths__daily,Gety,0
2026-06-07,insp_sitrep__cumulative_confirmed_deaths__daily,Goma,0
2026-06-07,insp_sitrep__cumulative_confirmed_deaths__daily,Kalunguta,1
2026-06-07,insp_sitrep__cumulative_confirmed_deaths__daily,Katwa,8
2026-06-07,insp_sitrep__cumulative_confirmed_deaths__daily,Kilo,1
2026-06-07,insp_sitrep__cumulative_confirmed_deaths__daily,Komanda,0
2026-06-07,insp_sitrep__cumulative_confirmed_deaths__daily,Kyondo,0
2026-06-07,insp_sitrep__cumulative_confirmed_deaths__daily,Lita,0
2026-06-07,insp_sitrep__cumulative_confirmed_deaths__daily,Logo,0
2026-06-07,insp_sitrep__cumulative_confirmed_deaths__daily,Mambasa,1
2026-06-07,insp_sitrep__cumulative_confirmed_deaths__daily,Mangala,0
2026-06-07,insp_sitrep__cumulative_confirmed_deaths__daily,Miti Murhesa,1
2026-06-07,insp_sitrep__cumulative_confirmed_deaths__daily,Mongbwalu,29
2026-06-07,insp_sitrep__cumulative_confirmed_deaths__daily,NA,10
2026-06-07,insp_sitrep__cumulative_confirmed_deaths__daily,Nizi,0
2026-06-07,insp_sitrep__cumulative_confirmed_deaths__daily,Nyankunde,1
2026-06-07,insp_sitrep__cumulative_confirmed_deaths__daily,Oicha,2
2026-06-07,insp_sitrep__cumulative_confirmed_deaths__daily,Rimba,0
2026-06-07,insp_sitrep__cumulative_confirmed_deaths__daily,Rwampara,20
2026-06-07,insp_sitrep__national_cumulative_confirmed_cases__daily,DRC,550
2026-06-07,insp_sitrep__national_cumulative_confirmed_deaths__daily,DRC,101
2026-06-07,insp_sitrep__national_cumulative_suspected_cases__daily,DRC,94
2026-06-08,insp_sitrep__cumulative_confirmed_cases__daily,Aru,3
2026-06-08,insp_sitrep__cumulative_confirmed_cases__daily,Aungba,2
2026-06-08,insp_sitrep__cumulative_confirmed_cases__daily,Bambu,5
2026-06-08,insp_sitrep__cumulative_confirmed_cases__daily,Beni,9
2026-06-08,insp_sitrep__cumulative_confirmed_cases__daily,Bunia,163
2026-06-08,insp_sitrep__cumulative_confirmed_cases__daily,Butembo,6
2026-06-08,insp_sitrep__cumulative_confirmed_cases__daily,Damas,3
2026-06-08,insp_sitrep__cumulative_confirmed_cases__daily,Gety,1
2026-06-08,insp_sitrep__cumulative_confirmed_cases__daily,Goma,1
2026-06-08,insp_sitrep__cumulative_confirmed_cases__daily,Kalunguta,1
2026-06-08,insp_sitrep__cumulative_confirmed_cases__daily,Katwa,12
2026-06-08,insp_sitrep__cumulative_confirmed_cases__daily,Kilo,4
2026-06-08,insp_sitrep__cumulative_confirmed_cases__daily,Komanda,3
2026-06-08,insp_sitrep__cumulative_confirmed_cases__daily,Kyondo,1
2026-06-08,insp_sitrep__cumulative_confirmed_cases__daily,Lita,4
2026-06-08,insp_sitrep__cumulative_confirmed_cases__daily,Logo,2
2026-06-08,insp_sitrep__cumulative_confirmed_cases__daily,Mambasa,2
2026-06-08,insp_sitrep__cumulative_confirmed_cases__daily,Mangala,1
2026-06-08,insp_sitrep__cumulative_confirmed_cases__daily,Miti Murhesa,1
2026-06-08,insp_sitrep__cumulative_confirmed_cases__daily,Mongbwalu,114
2026-06-08,insp_sitrep__cumulative_confirmed_cases__daily,NA,94
2026-06-08,insp_sitrep__cumulative_confirmed_cases__daily,Nizi,5
2026-06-08,insp_sitrep__cumulative_confirmed_cases__daily,Nyankunde,32
2026-06-08,insp_sitrep__cumulative_confirmed_cases__daily,Oicha,2
2026-06-08,insp_sitrep__cumulative_confirmed_cases__daily,Rimba,3
2026-06-08,insp_sitrep__cumulative_confirmed_cases__daily,Rwampara,122
2026-06-08,insp_sitrep__cumulative_confirmed_deaths__daily,Aru,1
2026-06-08,insp_sitrep__cumulative_confirmed_deaths__daily,Aungba,1
2026-06-08,insp_sitrep__cumulative_confirmed_deaths__daily,Bambu,2
2026-06-08,insp_sitrep__cumulative_confirmed_deaths__daily,Beni,7
2026-06-08,insp_sitrep__cumulative_confirmed_deaths__daily,Bunia,15
2026-06-08,insp_sitrep__cumulative_confirmed_deaths__daily,Butembo,4
2026-06-08,insp_sitrep__cumulative_confirmed_deaths__daily,Damas,0
2026-06-08,insp_sitrep__cumulative_confirmed_deaths__daily,Gety,0
2026-06-08,insp_sitrep__cumulative_confirmed_deaths__daily,Goma,0
2026-06-08,insp_sitrep__cumulative_confirmed_deaths__daily,Kalunguta,1
2026-06-08,insp_sitrep__cumulative_confirmed_deaths__daily,Katwa,8
2026-06-08,insp_sitrep__cumulative_confirmed_deaths__daily,Kilo,1
2026-06-08,insp_sitrep__cumulative_confirmed_deaths__daily,Komanda,0
2026-06-08,insp_sitrep__cumulative_confirmed_deaths__daily,Kyondo,0
2026-06-08,insp_sitrep__cumulative_confirmed_deaths__daily,Lita,0
2026-06-08,insp_sitrep__cumulative_confirmed_deaths__daily,Logo,0
2026-06-08,insp_sitrep__cumulative_confirmed_deaths__daily,Mambasa,1
2026-06-08,insp_sitrep__cumulative_confirmed_deaths__daily,Mangala,0
2026-06-08,insp_sitrep__cumulative_confirmed_deaths__daily,Miti Murhesa,1
2026-06-08,insp_sitrep__cumulative_confirmed_deaths__daily,Mongbwalu,40
2026-06-08,insp_sitrep__cumulative_confirmed_deaths__daily,NA,10
2026-06-08,insp_sitrep__cumulative_confirmed_deaths__daily,Nizi,0
2026-06-08,insp_sitrep__cumulative_confirmed_deaths__daily,Nyankunde,1
2026-06-08,insp_sitrep__cumulative_confirmed_deaths__daily,Oicha,2
2026-06-08,insp_sitrep__cumulative_confirmed_deaths__daily,Rimba,0
2026-06-08,insp_sitrep__cumulative_confirmed_deaths__daily,Rwampara,20
2026-06-08,insp_sitrep__national_cumulative_confirmed_cases__daily,DRC,598
2026-06-08,insp_sitrep__national_cumulative_confirmed_deaths__daily,DRC,115
2026-06-08,insp_sitrep__national_cumulative_suspected_cases__daily,DRC,138
2026-06-09,insp_sitrep__cumulative_confirmed_cases__daily,Aru,3
2026-06-09,insp_sitrep__cumulative_confirmed_cases__daily,Aungba,2
2026-06-09,insp_sitrep__cumulative_confirmed_cases__daily,Bambu,5
2026-06-09,insp_sitrep__cumulative_confirmed_cases__daily,Beni,9
2026-06-09,insp_sitrep__cumulative_confirmed_cases__daily,Bunia,173
2026-06-09,insp_sitrep__cumulative_confirmed_cases__daily,Butembo,6
2026-06-09,insp_sitrep__cumulative_confirmed_cases__daily,Damas,3
2026-06-09,insp_sitrep__cumulative_confirmed_cases__daily,Gety,1
2026-06-09,insp_sitrep__cumulative_confirmed_cases__daily,Goma,1
2026-06-09,insp_sitrep__cumulative_confirmed_cases__daily,Kalunguta,1
2026-06-09,insp_sitrep__cumulative_confirmed_cases__daily,Katwa,12
2026-06-09,insp_sitrep__cumulative_confirmed_cases__daily,Kilo,4
2026-06-09,insp_sitrep__cumulative_confirmed_cases__daily,Komanda,3
2026-06-09,insp_sitrep__cumulative_confirmed_cases__daily,Kyondo,1
2026-06-09,insp_sitrep__cumulative_confirmed_cases__daily,Lita,5
2026-06-09,insp_sitrep__cumulative_confirmed_cases__daily,Logo,2
2026-06-09,insp_sitrep__cumulative_confirmed_cases__daily,Mambasa,2
2026-06-09,insp_sitrep__cumulative_confirmed_cases__daily,Mangala,1
2026-06-09,insp_sitrep__cumulative_confirmed_cases__daily,Miti Murhesa,3
2026-06-09,insp_sitrep__cumulative_confirmed_cases__daily,Mongbwalu,127
2026-06-09,insp_sitrep__cumulative_confirmed_cases__daily,NA,94
2026-06-09,insp_sitrep__cumulative_confirmed_cases__daily,Nizi,5
2026-06-09,insp_sitrep__cumulative_confirmed_cases__daily,Nyankunde,32
2026-06-09,insp_sitrep__cumulative_confirmed_cases__daily,Oicha,2
2026-06-09,insp_sitrep__cumulative_confirmed_cases__daily,Rimba,3
2026-06-09,insp_sitrep__cumulative_confirmed_cases__daily,Rwampara,133
2026-06-09,insp_sitrep__cumulative_confirmed_cases__daily,Tchomia,2
2026-06-09,insp_sitrep__cumulative_confirmed_deaths__daily,Aru,1
2026-06-09,insp_sitrep__cumulative_confirmed_deaths__daily,Aungba,1
2026-06-09,insp_sitrep__cumulative_confirmed_deaths__daily,Bambu,2
2026-06-09,insp_sitrep__cumulative_confirmed_deaths__daily,Beni,7
2026-06-09,insp_sitrep__cumulative_confirmed_deaths__daily,Bunia,15
2026-06-09,insp_sitrep__cumulative_confirmed_deaths__daily,Butembo,4
2026-06-09,insp_sitrep__cumulative_confirmed_deaths__daily,Damas,0
2026-06-09,insp_sitrep__cumulative_confirmed_deaths__daily,Gety,0
2026-06-09,insp_sitrep__cumulative_confirmed_deaths__daily,Goma,0
2026-06-09,insp_sitrep__cumulative_confirmed_deaths__daily,Kalunguta,1
2026-06-09,insp_sitrep__cumulative_confirmed_deaths__daily,Katwa,8
2026-06-09,insp_sitrep__cumulative_confirmed_deaths__daily,Kilo,1
2026-06-09,insp_sitrep__cumulative_confirmed_deaths__daily,Komanda,0
2026-06-09,insp_sitrep__cumulative_confirmed_deaths__daily,Kyondo,0
2026-06-09,insp_sitrep__cumulative_confirmed_deaths__daily,Lita,0
2026-06-09,insp_sitrep__cumulative_confirmed_deaths__daily,Logo,0
2026-06-09,insp_sitrep__cumulative_confirmed_deaths__daily,Mambasa,1
2026-06-09,insp_sitrep__cumulative_confirmed_deaths__daily,Mangala,0
2026-06-09,insp_sitrep__cumulative_confirmed_deaths__daily,Miti Murhesa,1
2026-06-09,insp_sitrep__cumulative_confirmed_deaths__daily,Mongbwalu,47
2026-06-09,insp_sitrep__cumulative_confirmed_deaths__daily,NA,10
2026-06-09,insp_sitrep__cumulative_confirmed_deaths__daily,Nizi,0
2026-06-09,insp_sitrep__cumulative_confirmed_deaths__daily,Nyankunde,1
2026-06-09,insp_sitrep__cumulative_confirmed_deaths__daily,Oicha,2
2026-06-09,insp_sitrep__cumulative_confirmed_deaths__daily,Rimba,0
2026-06-09,insp_sitrep__cumulative_confirmed_deaths__daily,Rwampara,25
2026-06-09,insp_sitrep__cumulative_confirmed_deaths__daily,Tchomia,0
2026-06-09,insp_sitrep__national_cumulative_confirmed_cases__daily,DRC,635
2026-06-09,insp_sitrep__national_cumulative_confirmed_deaths__daily,DRC,127
2026-06-09,insp_sitrep__national_cumulative_suspected_cases__daily,DRC,119
2026-06-10,insp_sitrep__cumulative_confirmed_cases__daily,Aru,3
2026-06-10,insp_sitrep__cumulative_confirmed_cases__daily,Aungba,2
2026-06-10,insp_sitrep__cumulative_confirmed_cases__daily,Bambu,7
2026-06-10,insp_sitrep__cumulative_confirmed_cases__daily,Beni,9
2026-06-10,insp_sitrep__cumulative_confirmed_cases__daily,Bunia,185
2026-06-10,insp_sitrep__cumulative_confirmed_cases__daily,Butembo,9
2026-06-10,insp_sitrep__cumulative_confirmed_cases__daily,Damas,3
2026-06-10,insp_sitrep__cumulative_confirmed_cases__daily,Gety,1
2026-06-10,insp_sitrep__cumulative_confirmed_cases__daily,Goma,1
2026-06-10,insp_sitrep__cumulative_confirmed_cases__daily,Kalunguta,1
2026-06-10,insp_sitrep__cumulative_confirmed_cases__daily,Kambala,1
2026-06-10,insp_sitrep__cumulative_confirmed_cases__daily,Katwa,18
2026-06-10,insp_sitrep__cumulative_confirmed_cases__daily,Kilo,4
2026-06-10,insp_sitrep__cumulative_confirmed_cases__daily,Komanda,3
2026-06-10,insp_sitrep__cumulative_confirmed_cases__daily,Kyondo,2
2026-06-10,insp_sitrep__cumulative_confirmed_cases__daily,Lita,6
2026-06-10,insp_sitrep__cumulative_confirmed_cases__daily,Logo,2
2026-06-10,insp_sitrep__cumulative_confirmed_cases__daily,Mambasa,2
2026-06-10,insp_sitrep__cumulative_confirmed_cases__daily,Mangala,2
2026-06-10,insp_sitrep__cumulative_confirmed_cases__daily,Masereka,1
2026-06-10,insp_sitrep__cumulative_confirmed_cases__daily,Miti Murhesa,3
2026-06-10,insp_sitrep__cumulative_confirmed_cases__daily,Mongbwalu,132
2026-06-10,insp_sitrep__cumulative_confirmed_cases__daily,NA,94
2026-06-10,insp_sitrep__cumulative_confirmed_cases__daily,Nizi,7
2026-06-10,insp_sitrep__cumulative_confirmed_cases__daily,Nyankunde,33
2026-06-10,insp_sitrep__cumulative_confirmed_cases__daily,Oicha,2
2026-06-10,insp_sitrep__cumulative_confirmed_cases__daily,Rimba,3
2026-06-10,insp_sitrep__cumulative_confirmed_cases__daily,Rwampara,137
2026-06-10,insp_sitrep__cumulative_confirmed_cases__daily,Tchomia,2
2026-06-10,insp_sitrep__cumulative_confirmed_cases__daily,Vuhovi,1
2026-06-10,insp_sitrep__cumulative_confirmed_deaths__daily,Aru,1
2026-06-10,insp_sitrep__cumulative_confirmed_deaths__daily,Aungba,1
2026-06-10,insp_sitrep__cumulative_confirmed_deaths__daily,Bambu,2
2026-06-10,insp_sitrep__cumulative_confirmed_deaths__daily,Beni,7
2026-06-10,insp_sitrep__cumulative_confirmed_deaths__daily,Bunia,17
2026-06-10,insp_sitrep__cumulative_confirmed_deaths__daily,Butembo,5
2026-06-10,insp_sitrep__cumulative_confirmed_deaths__daily,Damas,0
2026-06-10,insp_sitrep__cumulative_confirmed_deaths__daily,Gety,0
2026-06-10,insp_sitrep__cumulative_confirmed_deaths__daily,Goma,0
2026-06-10,insp_sitrep__cumulative_confirmed_deaths__daily,Kalunguta,1
2026-06-10,insp_sitrep__cumulative_confirmed_deaths__daily,Kambala,1
2026-06-10,insp_sitrep__cumulative_confirmed_deaths__daily,Katwa,10
2026-06-10,insp_sitrep__cumulative_confirmed_deaths__daily,Kilo,1
2026-06-10,insp_sitrep__cumulative_confirmed_deaths__daily,Komanda,0
2026-06-10,insp_sitrep__cumulative_confirmed_deaths__daily,Kyondo,0
2026-06-10,insp_sitrep__cumulative_confirmed_deaths__daily,Lita,0
2026-06-10,insp_sitrep__cumulative_confirmed_deaths__daily,Logo,0
2026-06-10,insp_sitrep__cumulative_confirmed_deaths__daily,Mambasa,1
2026-06-10,insp_sitrep__cumulative_confirmed_deaths__daily,Mangala,0
2026-06-10,insp_sitrep__cumulative_confirmed_deaths__daily,Masereka,0
2026-06-10,insp_sitrep__cumulative_confirmed_deaths__daily,Miti Murhesa,1
2026-06-10,insp_sitrep__cumulative_confirmed_deaths__daily,Mongbwalu,49
2026-06-10,insp_sitrep__cumulative_confirmed_deaths__daily,NA,10
2026-06-10,insp_sitrep__cumulative_confirmed_deaths__daily,Nizi,0
2026-06-10,insp_sitrep__cumulative_confirmed_deaths__daily,Nyankunde,1
2026-06-10,insp_sitrep__cumulative_confirmed_deaths__daily,Oicha,2
2026-06-10,insp_sitrep__cumulative_confirmed_deaths__daily,Rimba,0
2026-06-10,insp_sitrep__cumulative_confirmed_deaths__daily,Rwampara,25
2026-06-10,insp_sitrep__cumulative_confirmed_deaths__daily,Tchomia,0
2026-06-10,insp_sitrep__cumulative_confirmed_deaths__daily,Vuhovi,1
2026-06-10,insp_sitrep__national_cumulative_confirmed_cases__daily,DRC,676
2026-06-10,insp_sitrep__national_cumulative_confirmed_deaths__daily,DRC,136
2026-06-10,insp_sitrep__national_cumulative_suspected_cases__daily,DRC,119
2026-06-11,insp_sitrep__cumulative_confirmed_cases__daily,Aru,3
2026-06-11,insp_sitrep__cumulative_confirmed_cases__daily,Aungba,2
2026-06-11,insp_sitrep__cumulative_confirmed_cases__daily,Bambu,7
2026-06-11,insp_sitrep__cumulative_confirmed_cases__daily,Beni,9
2026-06-11,insp_sitrep__cumulative_confirmed_cases__daily,Bunia,191
2026-06-11,insp_sitrep__cumulative_confirmed_cases__daily,Butembo,7
2026-06-11,insp_sitrep__cumulative_confirmed_cases__daily,Damas,3
2026-06-11,insp_sitrep__cumulative_confirmed_cases__daily,Gety,1
2026-06-11,insp_sitrep__cumulative_confirmed_cases__daily,Goma,1
2026-06-11,insp_sitrep__cumulative_confirmed_cases__daily,Kalunguta,1
2026-06-11,insp_sitrep__cumulative_confirmed_cases__daily,Kambala,1
2026-06-11,insp_sitrep__cumulative_confirmed_cases__daily,Katwa,16
2026-06-11,insp_sitrep__cumulative_confirmed_cases__daily,Kilo,4
2026-06-11,insp_sitrep__cumulative_confirmed_cases__daily,Komanda,3
2026-06-11,insp_sitrep__cumulative_confirmed_cases__daily,Kyondo,2
2026-06-11,insp_sitrep__cumulative_confirmed_cases__daily,Lita,6
2026-06-11,insp_sitrep__cumulative_confirmed_cases__daily,Logo,2
2026-06-11,insp_sitrep__cumulative_confirmed_cases__daily,Mambasa,2
2026-06-11,insp_sitrep__cumulative_confirmed_cases__daily,Mangala,2
2026-06-11,insp_sitrep__cumulative_confirmed_cases__daily,Masereka,1
2026-06-11,insp_sitrep__cumulative_confirmed_cases__daily,Miti Murhesa,3
2026-06-11,insp_sitrep__cumulative_confirmed_cases__daily,Mongbwalu,136
2026-06-11,insp_sitrep__cumulative_confirmed_cases__daily,NA,94
2026-06-11,insp_sitrep__cumulative_confirmed_cases__daily,Nizi,9
2026-06-11,insp_sitrep__cumulative_confirmed_cases__daily,Nyankunde,33
2026-06-11,insp_sitrep__cumulative_confirmed_cases__daily,Oicha,2
2026-06-11,insp_sitrep__cumulative_confirmed_cases__daily,Rimba,3
2026-06-11,insp_sitrep__cumulative_confirmed_cases__daily,Rwampara,142
2026-06-11,insp_sitrep__cumulative_confirmed_cases__daily,Tchomia,2
2026-06-11,insp_sitrep__cumulative_confirmed_cases__daily,Vuhovi,1
2026-06-11,insp_sitrep__cumulative_confirmed_deaths__daily,Aru,1
2026-06-11,insp_sitrep__cumulative_confirmed_deaths__daily,Aungba,1
2026-06-11,insp_sitrep__cumulative_confirmed_deaths__daily,Bambu,2
2026-06-11,insp_sitrep__cumulative_confirmed_deaths__daily,Beni,5
2026-06-11,insp_sitrep__cumulative_confirmed_deaths__daily,Bunia,17
2026-06-11,insp_sitrep__cumulative_confirmed_deaths__daily,Butembo,5
2026-06-11,insp_sitrep__cumulative_confirmed_deaths__daily,Damas,0
2026-06-11,insp_sitrep__cumulative_confirmed_deaths__daily,Gety,0
2026-06-11,insp_sitrep__cumulative_confirmed_deaths__daily,Goma,1
2026-06-11,insp_sitrep__cumulative_confirmed_deaths__daily,Kalunguta,1
2026-06-11,insp_sitrep__cumulative_confirmed_deaths__daily,Kambala,1
2026-06-11,insp_sitrep__cumulative_confirmed_deaths__daily,Katwa,9
2026-06-11,insp_sitrep__cumulative_confirmed_deaths__daily,Kilo,1
2026-06-11,insp_sitrep__cumulative_confirmed_deaths__daily,Komanda,0
2026-06-11,insp_sitrep__cumulative_confirmed_deaths__daily,Kyondo,2
2026-06-11,insp_sitrep__cumulative_confirmed_deaths__daily,Lita,0
2026-06-11,insp_sitrep__cumulative_confirmed_deaths__daily,Logo,0
2026-06-11,insp_sitrep__cumulative_confirmed_deaths__daily,Mambasa,1
2026-06-11,insp_sitrep__cumulative_confirmed_deaths__daily,Mangala,0
2026-06-11,insp_sitrep__cumulative_confirmed_deaths__daily,Masereka,1
2026-06-11,insp_sitrep__cumulative_confirmed_deaths__daily,Miti Murhesa,1
2026-06-11,insp_sitrep__cumulative_confirmed_deaths__daily,Mongbwalu,52
2026-06-11,insp_sitrep__cumulative_confirmed_deaths__daily,NA,10
2026-06-11,insp_sitrep__cumulative_confirmed_deaths__daily,Nizi,1
2026-06-11,insp_sitrep__cumulative_confirmed_deaths__daily,Nyankunde,1
2026-06-11,insp_sitrep__cumulative_confirmed_deaths__daily,Oicha,2
2026-06-11,insp_sitrep__cumulative_confirmed_deaths__daily,Rimba,0
2026-06-11,insp_sitrep__cumulative_confirmed_deaths__daily,Rwampara,26
2026-06-11,insp_sitrep__cumulative_confirmed_deaths__daily,Tchomia,0
2026-06-11,insp_sitrep__cumulative_confirmed_deaths__daily,Vuhovi,1
2026-06-11,insp_sitrep__national_cumulative_confirmed_cases__daily,DRC,689
2026-06-11,insp_sitrep__national_cumulative_confirmed_deaths__daily,DRC,139
2026-06-11,insp_sitrep__national_cumulative_suspected_cases__daily,DRC,168
2026-06-13,insp_sitrep__cumulative_confirmed_cases__daily,Aru,3
2026-06-13,insp_sitrep__cumulative_confirmed_cases__daily,Aungba,2
2026-06-13,insp_sitrep__cumulative_confirmed_cases__daily,Bambu,7
2026-06-13,insp_sitrep__cumulative_confirmed_cases__daily,Beni,14
2026-06-13,insp_sitrep__cumulative_confirmed_cases__daily,Bunia,212
2026-06-13,insp_sitrep__cumulative_confirmed_cases__daily,Butembo,18
2026-06-13,insp_sitrep__cumulative_confirmed_cases__daily,Damas,4
2026-06-13,insp_sitrep__cumulative_confirmed_cases__daily,Gety,1
2026-06-13,insp_sitrep__cumulative_confirmed_cases__daily,Goma,1
2026-06-13,insp_sitrep__cumulative_confirmed_cases__daily,Kalunguta,1
2026-06-13,insp_sitrep__cumulative_confirmed_cases__daily,Kambala,1
2026-06-13,insp_sitrep__cumulative_confirmed_cases__daily,Katwa,21
2026-06-13,insp_sitrep__cumulative_confirmed_cases__daily,Kilo,4
2026-06-13,insp_sitrep__cumulative_confirmed_cases__daily,Komanda,6
2026-06-13,insp_sitrep__cumulative_confirmed_cases__daily,Kyondo,2
2026-06-13,insp_sitrep__cumulative_confirmed_cases__daily,Lita,6
2026-06-13,insp_sitrep__cumulative_confirmed_cases__daily,Logo,2
2026-06-13,insp_sitrep__cumulative_confirmed_cases__daily,Mabalako,1
2026-06-13,insp_sitrep__cumulative_confirmed_cases__daily,Mambasa,2
2026-06-13,insp_sitrep__cumulative_confirmed_cases__daily,Mangala,5
2026-06-13,insp_sitrep__cumulative_confirmed_cases__daily,Masereka,1
2026-06-13,insp_sitrep__cumulative_confirmed_cases__daily,Miti Murhesa,3
2026-06-13,insp_sitrep__cumulative_confirmed_cases__daily,Mongbwalu,164
2026-06-13,insp_sitrep__cumulative_confirmed_cases__daily,NA,94
2026-06-13,insp_sitrep__cumulative_confirmed_cases__daily,Nia Nia,1
2026-06-13,insp_sitrep__cumulative_confirmed_cases__daily,Nizi,11
2026-06-13,insp_sitrep__cumulative_confirmed_cases__daily,Nyankunde,38
2026-06-13,insp_sitrep__cumulative_confirmed_cases__daily,Oicha,2
2026-06-13,insp_sitrep__cumulative_confirmed_cases__daily,Rimba,3
2026-06-13,insp_sitrep__cumulative_confirmed_cases__daily,Rwampara,149
2026-06-13,insp_sitrep__cumulative_confirmed_cases__daily,Tchomia,2
2026-06-13,insp_sitrep__cumulative_confirmed_cases__daily,Vuhovi,1
2026-06-13,insp_sitrep__cumulative_confirmed_deaths__daily,Aru,1
2026-06-13,insp_sitrep__cumulative_confirmed_deaths__daily,Aungba,1
2026-06-13,insp_sitrep__cumulative_confirmed_deaths__daily,Bambu,2
2026-06-13,insp_sitrep__cumulative_confirmed_deaths__daily,Beni,10
2026-06-13,insp_sitrep__cumulative_confirmed_deaths__daily,Bunia,20
2026-06-13,insp_sitrep__cumulative_confirmed_deaths__daily,Butembo,7
2026-06-13,insp_sitrep__cumulative_confirmed_deaths__daily,Damas,0
2026-06-13,insp_sitrep__cumulative_confirmed_deaths__daily,Gety,0
2026-06-13,insp_sitrep__cumulative_confirmed_deaths__daily,Goma,0
2026-06-13,insp_sitrep__cumulative_confirmed_deaths__daily,Kalunguta,1
2026-06-13,insp_sitrep__cumulative_confirmed_deaths__daily,Kambala,1
2026-06-13,insp_sitrep__cumulative_confirmed_deaths__daily,Katwa,12
2026-06-13,insp_sitrep__cumulative_confirmed_deaths__daily,Kilo,1
2026-06-13,insp_sitrep__cumulative_confirmed_deaths__daily,Komanda,0
2026-06-13,insp_sitrep__cumulative_confirmed_deaths__daily,Kyondo,1
2026-06-13,insp_sitrep__cumulative_confirmed_deaths__daily,Lita,0
2026-06-13,insp_sitrep__cumulative_confirmed_deaths__daily,Logo,0
2026-06-13,insp_sitrep__cumulative_confirmed_deaths__daily,Mabalako,0
2026-06-13,insp_sitrep__cumulative_confirmed_deaths__daily,Mambasa,1
2026-06-13,insp_sitrep__cumulative_confirmed_deaths__daily,Mangala,3
2026-06-13,insp_sitrep__cumulative_confirmed_deaths__daily,Masereka,0
2026-06-13,insp_sitrep__cumulative_confirmed_deaths__daily,Miti Murhesa,1
2026-06-13,insp_sitrep__cumulative_confirmed_deaths__daily,Mongbwalu,73
2026-06-13,insp_sitrep__cumulative_confirmed_deaths__daily,NA,10
2026-06-13,insp_sitrep__cumulative_confirmed_deaths__daily,Nia Nia,1
2026-06-13,insp_sitrep__cumulative_confirmed_deaths__daily,Nizi,1
2026-06-13,insp_sitrep__cumulative_confirmed_deaths__daily,Nyankunde,4
2026-06-13,insp_sitrep__cumulative_confirmed_deaths__daily,Oicha,2
2026-06-13,insp_sitrep__cumulative_confirmed_deaths__daily,Rimba,0
2026-06-13,insp_sitrep__cumulative_confirmed_deaths__daily,Rwampara,27
2026-06-13,insp_sitrep__cumulative_confirmed_deaths__daily,Tchomia,0
2026-06-13,insp_sitrep__cumulative_confirmed_deaths__daily,Vuhovi,1
2026-06-13,insp_sitrep__national_cumulative_confirmed_cases__daily,DRC,782
2026-06-13,insp_sitrep__national_cumulative_confirmed_deaths__daily,DRC,181
2026-06-13,insp_sitrep__national_cumulative_suspected_cases__daily,DRC,136
2026-06-14,insp_sitrep__cumulative_confirmed_cases__daily,Aru,3
2026-06-14,insp_sitrep__cumulative_confirmed_cases__daily,Aungba,2
2026-06-14,insp_sitrep__cumulative_confirmed_cases__daily,Bambu,7
2026-06-14,insp_sitrep__cumulative_confirmed_cases__daily,Beni,14
2026-06-14,insp_sitrep__cumulative_confirmed_cases__daily,Bunia,215
2026-06-14,insp_sitrep__cumulative_confirmed_cases__daily,Butembo,19
2026-06-14,insp_sitrep__cumulative_confirmed_cases__daily,Damas,4
2026-06-14,insp_sitrep__cumulative_confirmed_cases__daily,Gety,1
2026-06-14,insp_sitrep__cumulative_confirmed_cases__daily,Goma,1
2026-06-14,insp_sitrep__cumulative_confirmed_cases__daily,Kalunguta,1
2026-06-14,insp_sitrep__cumulative_confirmed_cases__daily,Kambala,1
2026-06-14,insp_sitrep__cumulative_confirmed_cases__daily,Katwa,25
2026-06-14,insp_sitrep__cumulative_confirmed_cases__daily,Kilo,4
2026-06-14,insp_sitrep__cumulative_confirmed_cases__daily,Komanda,6
2026-06-14,insp_sitrep__cumulative_confirmed_cases__daily,Kyondo,2
2026-06-14,insp_sitrep__cumulative_confirmed_cases__daily,Lita,6
2026-06-14,insp_sitrep__cumulative_confirmed_cases__daily,Logo,2
2026-06-14,insp_sitrep__cumulative_confirmed_cases__daily,Mabalako,1
2026-06-14,insp_sitrep__cumulative_confirmed_cases__daily,Mambasa,2
2026-06-14,insp_sitrep__cumulative_confirmed_cases__daily,Mangala,5
2026-06-14,insp_sitrep__cumulative_confirmed_cases__daily,Masereka,1
2026-06-14,insp_sitrep__cumulative_confirmed_cases__daily,Miti Murhesa,3
2026-06-14,insp_sitrep__cumulative_confirmed_cases__daily,Mongbwalu,175
2026-06-14,insp_sitrep__cumulative_confirmed_cases__daily,NA,94
2026-06-14,insp_sitrep__cumulative_confirmed_cases__daily,Nia Nia,1
2026-06-14,insp_sitrep__cumulative_confirmed_cases__daily,Nizi,11
2026-06-14,insp_sitrep__cumulative_confirmed_cases__daily,Nyankunde,42
2026-06-14,insp_sitrep__cumulative_confirmed_cases__daily,Oicha,2
2026-06-14,insp_sitrep__cumulative_confirmed_cases__daily,Rimba,3
2026-06-14,insp_sitrep__cumulative_confirmed_cases__daily,Rwampara,152
2026-06-14,insp_sitrep__cumulative_confirmed_cases__daily,Tchomia,2
2026-06-14,insp_sitrep__cumulative_confirmed_cases__daily,Vuhovi,1
2026-06-14,insp_sitrep__cumulative_confirmed_deaths__daily,Aru,1
2026-06-14,insp_sitrep__cumulative_confirmed_deaths__daily,Aungba,1
2026-06-14,insp_sitrep__cumulative_confirmed_deaths__daily,Bambu,2
2026-06-14,insp_sitrep__cumulative_confirmed_deaths__daily,Beni,10
2026-06-14,insp_sitrep__cumulative_confirmed_deaths__daily,Bunia,20
2026-06-14,insp_sitrep__cumulative_confirmed_deaths__daily,Butembo,7
2026-06-14,insp_sitrep__cumulative_confirmed_deaths__daily,Damas,0
2026-06-14,insp_sitrep__cumulative_confirmed_deaths__daily,Gety,0
2026-06-14,insp_sitrep__cumulative_confirmed_deaths__daily,Goma,0
2026-06-14,insp_sitrep__cumulative_confirmed_deaths__daily,Kalunguta,1
2026-06-14,insp_sitrep__cumulative_confirmed_deaths__daily,Kambala,1
2026-06-14,insp_sitrep__cumulative_confirmed_deaths__daily,Katwa,16
2026-06-14,insp_sitrep__cumulative_confirmed_deaths__daily,Kilo,1
2026-06-14,insp_sitrep__cumulative_confirmed_deaths__daily,Komanda,0
2026-06-14,insp_sitrep__cumulative_confirmed_deaths__daily,Kyondo,1
2026-06-14,insp_sitrep__cumulative_confirmed_deaths__daily,Lita,0
2026-06-14,insp_sitrep__cumulative_confirmed_deaths__daily,Logo,0
2026-06-14,insp_sitrep__cumulative_confirmed_deaths__daily,Mabalako,0
2026-06-14,insp_sitrep__cumulative_confirmed_deaths__daily,Mambasa,1
2026-06-14,insp_sitrep__cumulative_confirmed_deaths__daily,Mangala,3
2026-06-14,insp_sitrep__cumulative_confirmed_deaths__daily,Masereka,0
2026-06-14,insp_sitrep__cumulative_confirmed_deaths__daily,Miti Murhesa,1
2026-06-14,insp_sitrep__cumulative_confirmed_deaths__daily,Mongbwalu,80
2026-06-14,insp_sitrep__cumulative_confirmed_deaths__daily,NA,10
2026-06-14,insp_sitrep__cumulative_confirmed_deaths__daily,Nia Nia,1
2026-06-14,insp_sitrep__cumulative_confirmed_deaths__daily,Nizi,1
2026-06-14,insp_sitrep__cumulative_confirmed_deaths__daily,Nyankunde,4
2026-06-14,insp_sitrep__cumulative_confirmed_deaths__daily,Oicha,2
2026-06-14,insp_sitrep__cumulative_confirmed_deaths__daily,Rimba,0
2026-06-14,insp_sitrep__cumulative_confirmed_deaths__daily,Rwampara,27
2026-06-14,insp_sitrep__cumulative_confirmed_deaths__daily,Tchomia,0
2026-06-14,insp_sitrep__cumulative_confirmed_deaths__daily,Vuhovi,1
2026-06-14,insp_sitrep__national_cumulative_confirmed_cases__daily,DRC,808
2026-06-14,insp_sitrep__national_cumulative_confirmed_deaths__daily,DRC,192
2026-06-14,insp_sitrep__national_cumulative_suspected_cases__daily,DRC,165
2026-06-15,insp_sitrep__cumulative_confirmed_cases__daily,Aru,3
2026-06-15,insp_sitrep__cumulative_confirmed_cases__daily,Aungba,2
2026-06-15,insp_sitrep__cumulative_confirmed_cases__daily,Bambu,7
2026-06-15,insp_sitrep__cumulative_confirmed_cases__daily,Beni,14
2026-06-15,insp_sitrep__cumulative_confirmed_cases__daily,Bunia,215
2026-06-15,insp_sitrep__cumulative_confirmed_cases__daily,Butembo,19
2026-06-15,insp_sitrep__cumulative_confirmed_cases__daily,Damas,4
2026-06-15,insp_sitrep__cumulative_confirmed_cases__daily,Gety,1
2026-06-15,insp_sitrep__cumulative_confirmed_cases__daily,Goma,1
2026-06-15,insp_sitrep__cumulative_confirmed_cases__daily,Kalunguta,1
2026-06-15,insp_sitrep__cumulative_confirmed_cases__daily,Kambala,1
2026-06-15,insp_sitrep__cumulative_confirmed_cases__daily,Katwa,25
2026-06-15,insp_sitrep__cumulative_confirmed_cases__daily,Kilo,4
2026-06-15,insp_sitrep__cumulative_confirmed_cases__daily,Komanda,7
2026-06-15,insp_sitrep__cumulative_confirmed_cases__daily,Kyondo,2
2026-06-15,insp_sitrep__cumulative_confirmed_cases__daily,Lita,9
2026-06-15,insp_sitrep__cumulative_confirmed_cases__daily,Logo,2
2026-06-15,insp_sitrep__cumulative_confirmed_cases__daily,Mabalako,1
2026-06-15,insp_sitrep__cumulative_confirmed_cases__daily,Mambasa,2
2026-06-15,insp_sitrep__cumulative_confirmed_cases__daily,Mangala,5
2026-06-15,insp_sitrep__cumulative_confirmed_cases__daily,Masereka,1
2026-06-15,insp_sitrep__cumulative_confirmed_cases__daily,Miti Murhesa,3
2026-06-15,insp_sitrep__cumulative_confirmed_cases__daily,Mongbwalu,185
2026-06-15,insp_sitrep__cumulative_confirmed_cases__daily,NA,94
2026-06-15,insp_sitrep__cumulative_confirmed_cases__daily,Nia Nia,1
2026-06-15,insp_sitrep__cumulative_confirmed_cases__daily,Nizi,16
2026-06-15,insp_sitrep__cumulative_confirmed_cases__daily,Nyankunde,45
2026-06-15,insp_sitrep__cumulative_confirmed_cases__daily,Oicha,2
2026-06-15,insp_sitrep__cumulative_confirmed_cases__daily,Rimba,3
2026-06-15,insp_sitrep__cumulative_confirmed_cases__daily,Rwampara,192
2026-06-15,insp_sitrep__cumulative_confirmed_cases__daily,Tchomia,2
2026-06-15,insp_sitrep__cumulative_confirmed_cases__daily,Vuhovi,1
2026-06-15,insp_sitrep__cumulative_confirmed_deaths__daily,Aru,1
2026-06-15,insp_sitrep__cumulative_confirmed_deaths__daily,Aungba,1
2026-06-15,insp_sitrep__cumulative_confirmed_deaths__daily,Bambu,2
2026-06-15,insp_sitrep__cumulative_confirmed_deaths__daily,Beni,10
2026-06-15,insp_sitrep__cumulative_confirmed_deaths__daily,Bunia,20
2026-06-15,insp_sitrep__cumulative_confirmed_deaths__daily,Butembo,7
2026-06-15,insp_sitrep__cumulative_confirmed_deaths__daily,Damas,0
2026-06-15,insp_sitrep__cumulative_confirmed_deaths__daily,Gety,0
2026-06-15,insp_sitrep__cumulative_confirmed_deaths__daily,Goma,0
2026-06-15,insp_sitrep__cumulative_confirmed_deaths__daily,Kalunguta,1
2026-06-15,insp_sitrep__cumulative_confirmed_deaths__daily,Kambala,1
2026-06-15,insp_sitrep__cumulative_confirmed_deaths__daily,Katwa,16
2026-06-15,insp_sitrep__cumulative_confirmed_deaths__daily,Kilo,1
2026-06-15,insp_sitrep__cumulative_confirmed_deaths__daily,Komanda,1
2026-06-15,insp_sitrep__cumulative_confirmed_deaths__daily,Kyondo,1
2026-06-15,insp_sitrep__cumulative_confirmed_deaths__daily,Lita,0
2026-06-15,insp_sitrep__cumulative_confirmed_deaths__daily,Logo,0
2026-06-15,insp_sitrep__cumulative_confirmed_deaths__daily,Mabalako,0
2026-06-15,insp_sitrep__cumulative_confirmed_deaths__daily,Mambasa,1
2026-06-15,insp_sitrep__cumulative_confirmed_deaths__daily,Mangala,3
2026-06-15,insp_sitrep__cumulative_confirmed_deaths__daily,Masereka,0
2026-06-15,insp_sitrep__cumulative_confirmed_deaths__daily,Miti Murhesa,1
2026-06-15,insp_sitrep__cumulative_confirmed_deaths__daily,Mongbwalu,83
2026-06-15,insp_sitrep__cumulative_confirmed_deaths__daily,NA,10
2026-06-15,insp_sitrep__cumulative_confirmed_deaths__daily,Nia Nia,1
2026-06-15,insp_sitrep__cumulative_confirmed_deaths__daily,Nizi,1
2026-06-15,insp_sitrep__cumulative_confirmed_deaths__daily,Nyankunde,4
2026-06-15,insp_sitrep__cumulative_confirmed_deaths__daily,Oicha,2
2026-06-15,insp_sitrep__cumulative_confirmed_deaths__daily,Rimba,0
2026-06-15,insp_sitrep__cumulative_confirmed_deaths__daily,Rwampara,27
2026-06-15,insp_sitrep__cumulative_confirmed_deaths__daily,Tchomia,0
2026-06-15,insp_sitrep__cumulative_confirmed_deaths__daily,Vuhovi,1
2026-06-15,insp_sitrep__national_cumulative_confirmed_cases__daily,DRC,837
2026-06-15,insp_sitrep__national_cumulative_confirmed_deaths__daily,DRC,196
2026-06-15,insp_sitrep__national_cumulative_suspected_cases__daily,DRC,235
2026-06-16,insp_sitrep__cumulative_confirmed_cases__daily,Aru,3
2026-06-16,insp_sitrep__cumulative_confirmed_cases__daily,Aungba,2
2026-06-16,insp_sitrep__cumulative_confirmed_cases__daily,Bambu,7
2026-06-16,insp_sitrep__cumulative_confirmed_cases__daily,Beni,14
2026-06-16,insp_sitrep__cumulative_confirmed_cases__daily,Bunia,226
2026-06-16,insp_sitrep__cumulative_confirmed_cases__daily,Butembo,24
2026-06-16,insp_sitrep__cumulative_confirmed_cases__daily,Damas,4
2026-06-16,insp_sitrep__cumulative_confirmed_cases__daily,Fataki,1
2026-06-16,insp_sitrep__cumulative_confirmed_cases__daily,Gety,1
2026-06-16,insp_sitrep__cumulative_confirmed_cases__daily,Goma,1
2026-06-16,insp_sitrep__cumulative_confirmed_cases__daily,Kalunguta,2
2026-06-16,insp_sitrep__cumulative_confirmed_cases__daily,Kambala,1
2026-06-16,insp_sitrep__cumulative_confirmed_cases__daily,Katwa,23
2026-06-16,insp_sitrep__cumulative_confirmed_cases__daily,Kilo,4
2026-06-16,insp_sitrep__cumulative_confirmed_cases__daily,Komanda,7
2026-06-16,insp_sitrep__cumulative_confirmed_cases__daily,Kyondo,2
2026-06-16,insp_sitrep__cumulative_confirmed_cases__daily,Lita,9
2026-06-16,insp_sitrep__cumulative_confirmed_cases__daily,Logo,2
2026-06-16,insp_sitrep__cumulative_confirmed_cases__daily,Mabalako,1
2026-06-16,insp_sitrep__cumulative_confirmed_cases__daily,Mambasa,2
2026-06-16,insp_sitrep__cumulative_confirmed_cases__daily,Mangala,5
2026-06-16,insp_sitrep__cumulative_confirmed_cases__daily,Masereka,1
2026-06-16,insp_sitrep__cumulative_confirmed_cases__daily,Miti Murhesa,3
2026-06-16,insp_sitrep__cumulative_confirmed_cases__daily,Mongbwalu,189
2026-06-16,insp_sitrep__cumulative_confirmed_cases__daily,Musienene,1
2026-06-16,insp_sitrep__cumulative_confirmed_cases__daily,Nia Nia,1
2026-06-16,insp_sitrep__cumulative_confirmed_cases__daily,Nizi,16
2026-06-16,insp_sitrep__cumulative_confirmed_cases__daily,Nyankunde,45
2026-06-16,insp_sitrep__cumulative_confirmed_cases__daily,Oicha,3
2026-06-16,insp_sitrep__cumulative_confirmed_cases__daily,Rimba,3
2026-06-16,insp_sitrep__cumulative_confirmed_cases__daily,Rwampara,172
2026-06-16,insp_sitrep__cumulative_confirmed_cases__daily,Tchomia,5
2026-06-16,insp_sitrep__cumulative_confirmed_cases__daily,Vuhovi,1
2026-06-16,insp_sitrep__national_cumulative_confirmed_cases__daily,DRC,875
2026-06-16,insp_sitrep__national_cumulative_confirmed_deaths__daily,DRC,202
2026-06-16,insp_sitrep__national_cumulative_suspected_cases__daily,DRC,192
2026-06-17,insp_sitrep__cumulative_confirmed_cases__daily,Aru,3
2026-06-17,insp_sitrep__cumulative_confirmed_cases__daily,Aungba,4
2026-06-17,insp_sitrep__cumulative_confirmed_cases__daily,Bambu,9
2026-06-17,insp_sitrep__cumulative_confirmed_cases__daily,Beni,15
2026-06-17,insp_sitrep__cumulative_confirmed_cases__daily,Bunia,247
2026-06-17,insp_sitrep__cumulative_confirmed_cases__daily,Butembo,25
2026-06-17,insp_sitrep__cumulative_confirmed_cases__daily,Damas,4
2026-06-17,insp_sitrep__cumulative_confirmed_cases__daily,Drodro,1
2026-06-17,insp_sitrep__cumulative_confirmed_cases__daily,Fataki,1
2026-06-17,insp_sitrep__cumulative_confirmed_cases__daily,Gety,1
2026-06-17,insp_sitrep__cumulative_confirmed_cases__daily,Goma,1
2026-06-17,insp_sitrep__cumulative_confirmed_cases__daily,Kalunguta,2
2026-06-17,insp_sitrep__cumulative_confirmed_cases__daily,Kambala,1
2026-06-17,insp_sitrep__cumulative_confirmed_cases__daily,Katwa,24
2026-06-17,insp_sitrep__cumulative_confirmed_cases__daily,Kilo,7
2026-06-17,insp_sitrep__cumulative_confirmed_cases__daily,Komanda,10
2026-06-17,insp_sitrep__cumulative_confirmed_cases__daily,Kyondo,2
2026-06-17,insp_sitrep__cumulative_confirmed_cases__daily,Lita,18
2026-06-17,insp_sitrep__cumulative_confirmed_cases__daily,Logo,2
2026-06-17,insp_sitrep__cumulative_confirmed_cases__daily,Mabalako,1
2026-06-17,insp_sitrep__cumulative_confirmed_cases__daily,Mambasa,2
2026-06-17,insp_sitrep__cumulative_confirmed_cases__daily,Mangala,5
2026-06-17,insp_sitrep__cumulative_confirmed_cases__daily,Masereka,1
2026-06-17,insp_sitrep__cumulative_confirmed_cases__daily,Miti Murhesa,3
2026-06-17,insp_sitrep__cumulative_confirmed_cases__daily,Mongbwalu,189
2026-06-17,insp_sitrep__cumulative_confirmed_cases__daily,Musienene,1
2026-06-17,insp_sitrep__cumulative_confirmed_cases__daily,NA,17
2026-06-17,insp_sitrep__cumulative_confirmed_cases__daily,Nia Nia,1
2026-06-17,insp_sitrep__cumulative_confirmed_cases__daily,Nizi,25
2026-06-17,insp_sitrep__cumulative_confirmed_cases__daily,Nyankunde,68
2026-06-17,insp_sitrep__cumulative_confirmed_cases__daily,Oicha,3
2026-06-17,insp_sitrep__cumulative_confirmed_cases__daily,Rimba,3
2026-06-17,insp_sitrep__cumulative_confirmed_cases__daily,Rwampara,195
2026-06-17,insp_sitrep__cumulative_confirmed_cases__daily,Tchomia,5
2026-06-17,insp_sitrep__cumulative_confirmed_cases__daily,Vuhovi,1
2026-06-17,insp_sitrep__cumulative_confirmed_deaths__daily,Aru,1
2026-06-17,insp_sitrep__cumulative_confirmed_deaths__daily,Aungba,1
2026-06-17,insp_sitrep__cumulative_confirmed_deaths__daily,Bambu,2
2026-06-17,insp_sitrep__cumulative_confirmed_deaths__daily,Beni,12
2026-06-17,insp_sitrep__cumulative_confirmed_deaths__daily,Bunia,41
2026-06-17,insp_sitrep__cumulative_confirmed_deaths__daily,Butembo,11
2026-06-17,insp_sitrep__cumulative_confirmed_deaths__daily,Damas,0
2026-06-17,insp_sitrep__cumulative_confirmed_deaths__daily,Drodro,1
2026-06-17,insp_sitrep__cumulative_confirmed_deaths__daily,Fataki,0
2026-06-17,insp_sitrep__cumulative_confirmed_deaths__daily,Gety,0
2026-06-17,insp_sitrep__cumulative_confirmed_deaths__daily,Goma,0
2026-06-17,insp_sitrep__cumulative_confirmed_deaths__daily,Kalunguta,1
2026-06-17,insp_sitrep__cumulative_confirmed_deaths__daily,Kambala,1
2026-06-17,insp_sitrep__cumulative_confirmed_deaths__daily,Katwa,16
2026-06-17,insp_sitrep__cumulative_confirmed_deaths__daily,Kilo,1
2026-06-17,insp_sitrep__cumulative_confirmed_deaths__daily,Komanda,3
2026-06-17,insp_sitrep__cumulative_confirmed_deaths__daily,Kyondo,1
2026-06-17,insp_sitrep__cumulative_confirmed_deaths__daily,Lita,4
2026-06-17,insp_sitrep__cumulative_confirmed_deaths__daily,Logo,0
2026-06-17,insp_sitrep__cumulative_confirmed_deaths__daily,Mabalako,0
2026-06-17,insp_sitrep__cumulative_confirmed_deaths__daily,Mambasa,1
2026-06-17,insp_sitrep__cumulative_confirmed_deaths__daily,Mangala,3
2026-06-17,insp_sitrep__cumulative_confirmed_deaths__daily,Masereka,0
2026-06-17,insp_sitrep__cumulative_confirmed_deaths__daily,Miti Murhesa,1
2026-06-17,insp_sitrep__cumulative_confirmed_deaths__daily,Mongbwalu,83
2026-06-17,insp_sitrep__cumulative_confirmed_deaths__daily,Musienene,1
2026-06-17,insp_sitrep__cumulative_confirmed_deaths__daily,NA,0
2026-06-17,insp_sitrep__cumulative_confirmed_deaths__daily,Nia Nia,1
2026-06-17,insp_sitrep__cumulative_confirmed_deaths__daily,Nizi,5
2026-06-17,insp_sitrep__cumulative_confirmed_deaths__daily,Nyankunde,6
2026-06-17,insp_sitrep__cumulative_confirmed_deaths__daily,Oicha,2
2026-06-17,insp_sitrep__cumulative_confirmed_deaths__daily,Rimba,0
2026-06-17,insp_sitrep__cumulative_confirmed_deaths__daily,Rwampara,33
2026-06-17,insp_sitrep__cumulative_confirmed_deaths__daily,Tchomia,0
2026-06-17,insp_sitrep__cumulative_confirmed_deaths__daily,Vuhovi,1
2026-06-17,insp_sitrep__national_cumulative_confirmed_cases__daily,DRC,896
2026-06-17,insp_sitrep__national_cumulative_confirmed_deaths__daily,DRC,232
2026-06-17,insp_sitrep__national_cumulative_suspected_cases__daily,DRC,151
2026-06-18,insp_sitrep__cumulative_confirmed_cases__daily,Aru,3
2026-06-18,insp_sitrep__cumulative_confirmed_cases__daily,Aungba,6
2026-06-18,insp_sitrep__cumulative_confirmed_cases__daily,Bambu,9
2026-06-18,insp_sitrep__cumulative_confirmed_cases__daily,Beni,16
2026-06-18,insp_sitrep__cumulative_confirmed_cases__daily,Bunia,253
2026-06-18,insp_sitrep__cumulative_confirmed_cases__daily,Butembo,25
2026-06-18,insp_sitrep__cumulative_confirmed_cases__daily,Damas,4
2026-06-18,insp_sitrep__cumulative_confirmed_cases__daily,Drodro,1
2026-06-18,insp_sitrep__cumulative_confirmed_cases__daily,Fataki,1
2026-06-18,insp_sitrep__cumulative_confirmed_cases__daily,Gety,1
2026-06-18,insp_sitrep__cumulative_confirmed_cases__daily,Goma,1
2026-06-18,insp_sitrep__cumulative_confirmed_cases__daily,Kalunguta,2
2026-06-18,insp_sitrep__cumulative_confirmed_cases__daily,Kambala,1
2026-06-18,insp_sitrep__cumulative_confirmed_cases__daily,Katwa,24
2026-06-18,insp_sitrep__cumulative_confirmed_cases__daily,Kilo,7
2026-06-18,insp_sitrep__cumulative_confirmed_cases__daily,Komanda,10
2026-06-18,insp_sitrep__cumulative_confirmed_cases__daily,Kyondo,2
2026-06-18,insp_sitrep__cumulative_confirmed_cases__daily,Lita,20
2026-06-18,insp_sitrep__cumulative_confirmed_cases__daily,Logo,2
2026-06-18,insp_sitrep__cumulative_confirmed_cases__daily,Mabalako,1
2026-06-18,insp_sitrep__cumulative_confirmed_cases__daily,Mambasa,2
2026-06-18,insp_sitrep__cumulative_confirmed_cases__daily,Mangala,7
2026-06-18,insp_sitrep__cumulative_confirmed_cases__daily,Masereka,1
2026-06-18,insp_sitrep__cumulative_confirmed_cases__daily,Miti Murhesa,3
2026-06-18,insp_sitrep__cumulative_confirmed_cases__daily,Mongbwalu,198
2026-06-18,insp_sitrep__cumulative_confirmed_cases__daily,Musienene,1
2026-06-18,insp_sitrep__cumulative_confirmed_cases__daily,Nia Nia,1
2026-06-18,insp_sitrep__cumulative_confirmed_cases__daily,Nizi,26
2026-06-18,insp_sitrep__cumulative_confirmed_cases__daily,Nyankunde,77
2026-06-18,insp_sitrep__cumulative_confirmed_cases__daily,Oicha,3
2026-06-18,insp_sitrep__cumulative_confirmed_cases__daily,Rimba,3
2026-06-18,insp_sitrep__cumulative_confirmed_cases__daily,Rwampara,199
2026-06-18,insp_sitrep__cumulative_confirmed_cases__daily,Tchomia,5
2026-06-18,insp_sitrep__cumulative_confirmed_cases__daily,Vuhovi,1
2026-06-18,insp_sitrep__cumulative_confirmed_deaths__daily,Aru,1
2026-06-18,insp_sitrep__cumulative_confirmed_deaths__daily,Aungba,2
2026-06-18,insp_sitrep__cumulative_confirmed_deaths__daily,Bambu,2
2026-06-18,insp_sitrep__cumulative_confirmed_deaths__daily,Beni,12
2026-06-18,insp_sitrep__cumulative_confirmed_deaths__daily,Bunia,42
2026-06-18,insp_sitrep__cumulative_confirmed_deaths__daily,Butembo,11
2026-06-18,insp_sitrep__cumulative_confirmed_deaths__daily,Damas,0
2026-06-18,insp_sitrep__cumulative_confirmed_deaths__daily,Drodro,1
2026-06-18,insp_sitrep__cumulative_confirmed_deaths__daily,Fataki,0
2026-06-18,insp_sitrep__cumulative_confirmed_deaths__daily,Gety,0
2026-06-18,insp_sitrep__cumulative_confirmed_deaths__daily,Goma,0
2026-06-18,insp_sitrep__cumulative_confirmed_deaths__daily,Kalunguta,1
2026-06-18,insp_sitrep__cumulative_confirmed_deaths__daily,Kambala,1
2026-06-18,insp_sitrep__cumulative_confirmed_deaths__daily,Katwa,16
2026-06-18,insp_sitrep__cumulative_confirmed_deaths__daily,Kilo,1
2026-06-18,insp_sitrep__cumulative_confirmed_deaths__daily,Komanda,3
2026-06-18,insp_sitrep__cumulative_confirmed_deaths__daily,Kyondo,1
2026-06-18,insp_sitrep__cumulative_confirmed_deaths__daily,Lita,6
2026-06-18,insp_sitrep__cumulative_confirmed_deaths__daily,Logo,0
2026-06-18,insp_sitrep__cumulative_confirmed_deaths__daily,Mabalako,0
2026-06-18,insp_sitrep__cumulative_confirmed_deaths__daily,Mambasa,1
2026-06-18,insp_sitrep__cumulative_confirmed_deaths__daily,Mangala,4
2026-06-18,insp_sitrep__cumulative_confirmed_deaths__daily,Masereka,0
2026-06-18,insp_sitrep__cumulative_confirmed_deaths__daily,Miti Murhesa,1
2026-06-18,insp_sitrep__cumulative_confirmed_deaths__daily,Mongbwalu,87
2026-06-18,insp_sitrep__cumulative_confirmed_deaths__daily,Musienene,1
2026-06-18,insp_sitrep__cumulative_confirmed_deaths__daily,NA,0
2026-06-18,insp_sitrep__cumulative_confirmed_deaths__daily,Nia Nia,1
2026-06-18,insp_sitrep__cumulative_confirmed_deaths__daily,Nizi,5
2026-06-18,insp_sitrep__cumulative_confirmed_deaths__daily,Nyankunde,7
2026-06-18,insp_sitrep__cumulative_confirmed_deaths__daily,Oicha,2
2026-06-18,insp_sitrep__cumulative_confirmed_deaths__daily,Rimba,0
2026-06-18,insp_sitrep__cumulative_confirmed_deaths__daily,Rwampara,35
2026-06-18,insp_sitrep__cumulative_confirmed_deaths__daily,Tchomia,0
2026-06-18,insp_sitrep__cumulative_confirmed_deaths__daily,Vuhovi,1
2026-06-18,insp_sitrep__national_cumulative_confirmed_cases__daily,DRC,933
2026-06-18,insp_sitrep__national_cumulative_confirmed_deaths__daily,DRC,245
2026-06-18,insp_sitrep__national_cumulative_suspected_cases__daily,DRC,238
2026-06-19,insp_sitrep__cumulative_confirmed_cases__daily,Aru,3
2026-06-19,insp_sitrep__cumulative_confirmed_cases__daily,Aungba,6
2026-06-19,insp_sitrep__cumulative_confirmed_cases__daily,Bambu,9
2026-06-19,insp_sitrep__cumulative_confirmed_cases__daily,Beni,16
2026-06-19,insp_sitrep__cumulative_confirmed_cases__daily,Bunia,259
2026-06-19,insp_sitrep__cumulative_confirmed_cases__daily,Butembo,25
2026-06-19,insp_sitrep__cumulative_confirmed_cases__daily,Damas,4
2026-06-19,insp_sitrep__cumulative_confirmed_cases__daily,Drodro,1
2026-06-19,insp_sitrep__cumulative_confirmed_cases__daily,Fataki,1
2026-06-19,insp_sitrep__cumulative_confirmed_cases__daily,Gety,1
2026-06-19,insp_sitrep__cumulative_confirmed_cases__daily,Goma,1
2026-06-19,insp_sitrep__cumulative_confirmed_cases__daily,Kalunguta,2
2026-06-19,insp_sitrep__cumulative_confirmed_cases__daily,Kambala,1
2026-06-19,insp_sitrep__cumulative_confirmed_cases__daily,Katwa,26
2026-06-19,insp_sitrep__cumulative_confirmed_cases__daily,Kilo,7
2026-06-19,insp_sitrep__cumulative_confirmed_cases__daily,Komanda,10
2026-06-19,insp_sitrep__cumulative_confirmed_cases__daily,Kyondo,2
2026-06-19,insp_sitrep__cumulative_confirmed_cases__daily,Lita,20
2026-06-19,insp_sitrep__cumulative_confirmed_cases__daily,Logo,2
2026-06-19,insp_sitrep__cumulative_confirmed_cases__daily,Mabalako,1
2026-06-19,insp_sitrep__cumulative_confirmed_cases__daily,Mambasa,2
2026-06-19,insp_sitrep__cumulative_confirmed_cases__daily,Mangala,7
2026-06-19,insp_sitrep__cumulative_confirmed_cases__daily,Masereka,1
2026-06-19,insp_sitrep__cumulative_confirmed_cases__daily,Miti Murhesa,3
2026-06-19,insp_sitrep__cumulative_confirmed_cases__daily,Mongbwalu,209
2026-06-19,insp_sitrep__cumulative_confirmed_cases__daily,Musienene,1
2026-06-19,insp_sitrep__cumulative_confirmed_cases__daily,NA,17
2026-06-19,insp_sitrep__cumulative_confirmed_cases__daily,Nia Nia,1
2026-06-19,insp_sitrep__cumulative_confirmed_cases__daily,Nizi,26
2026-06-19,insp_sitrep__cumulative_confirmed_cases__daily,Nyankunde,79
2026-06-19,insp_sitrep__cumulative_confirmed_cases__daily,Oicha,3
2026-06-19,insp_sitrep__cumulative_confirmed_cases__daily,Rimba,3
2026-06-19,insp_sitrep__cumulative_confirmed_cases__daily,Rwampara,201
2026-06-19,insp_sitrep__cumulative_confirmed_cases__daily,Tchomia,5
2026-06-19,insp_sitrep__cumulative_confirmed_cases__daily,Vuhovi,1
2026-06-19,insp_sitrep__cumulative_confirmed_deaths__daily,Aru,1
2026-06-19,insp_sitrep__cumulative_confirmed_deaths__daily,Aungba,2
2026-06-19,insp_sitrep__cumulative_confirmed_deaths__daily,Bambu,2
2026-06-19,insp_sitrep__cumulative_confirmed_deaths__daily,Beni,12
2026-06-19,insp_sitrep__cumulative_confirmed_deaths__daily,Bunia,42
2026-06-19,insp_sitrep__cumulative_confirmed_deaths__daily,Butembo,11
2026-06-19,insp_sitrep__cumulative_confirmed_deaths__daily,Damas,0
2026-06-19,insp_sitrep__cumulative_confirmed_deaths__daily,Drodro,1
2026-06-19,insp_sitrep__cumulative_confirmed_deaths__daily,Fataki,0
2026-06-19,insp_sitrep__cumulative_confirmed_deaths__daily,Gety,0
2026-06-19,insp_sitrep__cumulative_confirmed_deaths__daily,Goma,0
2026-06-19,insp_sitrep__cumulative_confirmed_deaths__daily,Kalunguta,1
2026-06-19,insp_sitrep__cumulative_confirmed_deaths__daily,Kambala,1
2026-06-19,insp_sitrep__cumulative_confirmed_deaths__daily,Katwa,16
2026-06-19,insp_sitrep__cumulative_confirmed_deaths__daily,Kilo,1
2026-06-19,insp_sitrep__cumulative_confirmed_deaths__daily,Komanda,3
2026-06-19,insp_sitrep__cumulative_confirmed_deaths__daily,Kyondo,1
2026-06-19,insp_sitrep__cumulative_confirmed_deaths__daily,Lita,6
2026-06-19,insp_sitrep__cumulative_confirmed_deaths__daily,Logo,0
2026-06-19,insp_sitrep__cumulative_confirmed_deaths__daily,Mabalako,0
2026-06-19,insp_sitrep__cumulative_confirmed_deaths__daily,Mambasa,1
2026-06-19,insp_sitrep__cumulative_confirmed_deaths__daily,Mangala,4
2026-06-19,insp_sitrep__cumulative_confirmed_deaths__daily,Masereka,0
2026-06-19,insp_sitrep__cumulative_confirmed_deaths__daily,Miti Murhesa,1
2026-06-19,insp_sitrep__cumulative_confirmed_deaths__daily,Mongbwalu,89
2026-06-19,insp_sitrep__cumulative_confirmed_deaths__daily,Musienene,1
2026-06-19,insp_sitrep__cumulative_confirmed_deaths__daily,NA,0
2026-06-19,insp_sitrep__cumulative_confirmed_deaths__daily,Nia Nia,1
2026-06-19,insp_sitrep__cumulative_confirmed_deaths__daily,Nizi,5
2026-06-19,insp_sitrep__cumulative_confirmed_deaths__daily,Nyankunde,7
2026-06-19,insp_sitrep__cumulative_confirmed_deaths__daily,Oicha,2
2026-06-19,insp_sitrep__cumulative_confirmed_deaths__daily,Rimba,0
2026-06-19,insp_sitrep__cumulative_confirmed_deaths__daily,Rwampara,35
2026-06-19,insp_sitrep__cumulative_confirmed_deaths__daily,Tchomia,0
2026-06-19,insp_sitrep__cumulative_confirmed_deaths__daily,Vuhovi,1
2026-06-19,insp_sitrep__national_cumulative_confirmed_cases__daily,DRC,956
2026-06-19,insp_sitrep__national_cumulative_confirmed_deaths__daily,DRC,247
2026-06-19,insp_sitrep__national_cumulative_suspected_cases__daily,DRC,162
2026-06-20,insp_sitrep__cumulative_confirmed_cases__daily,Aru,3
2026-06-20,insp_sitrep__cumulative_confirmed_cases__daily,Aungba,6
2026-06-20,insp_sitrep__cumulative_confirmed_cases__daily,Bambu,14
2026-06-20,insp_sitrep__cumulative_confirmed_cases__daily,Beni,17
2026-06-20,insp_sitrep__cumulative_confirmed_cases__daily,Bunia,275
2026-06-20,insp_sitrep__cumulative_confirmed_cases__daily,Butembo,27
2026-06-20,insp_sitrep__cumulative_confirmed_cases__daily,Damas,4
2026-06-20,insp_sitrep__cumulative_confirmed_cases__daily,Drodro,1
2026-06-20,insp_sitrep__cumulative_confirmed_cases__daily,Fataki,1
2026-06-20,insp_sitrep__cumulative_confirmed_cases__daily,Gety,1
2026-06-20,insp_sitrep__cumulative_confirmed_cases__daily,Goma,1
2026-06-20,insp_sitrep__cumulative_confirmed_cases__daily,Kalunguta,2
2026-06-20,insp_sitrep__cumulative_confirmed_cases__daily,Kambala,1
2026-06-20,insp_sitrep__cumulative_confirmed_cases__daily,Katwa,28
2026-06-20,insp_sitrep__cumulative_confirmed_cases__daily,Kilo,7
2026-06-20,insp_sitrep__cumulative_confirmed_cases__daily,Komanda,10
2026-06-20,insp_sitrep__cumulative_confirmed_cases__daily,Kyondo,2
2026-06-20,insp_sitrep__cumulative_confirmed_cases__daily,Lita,20
2026-06-20,insp_sitrep__cumulative_confirmed_cases__daily,Logo,2
2026-06-20,insp_sitrep__cumulative_confirmed_cases__daily,Mabalako,1
2026-06-20,insp_sitrep__cumulative_confirmed_cases__daily,Mambasa,2
2026-06-20,insp_sitrep__cumulative_confirmed_cases__daily,Mangala,7
2026-06-20,insp_sitrep__cumulative_confirmed_cases__daily,Masereka,1
2026-06-20,insp_sitrep__cumulative_confirmed_cases__daily,Miti Murhesa,3
2026-06-20,insp_sitrep__cumulative_confirmed_cases__daily,Mongbwalu,220
2026-06-20,insp_sitrep__cumulative_confirmed_cases__daily,Musienene,1
2026-06-20,insp_sitrep__cumulative_confirmed_cases__daily,NA,17
2026-06-20,insp_sitrep__cumulative_confirmed_cases__daily,Nia Nia,1
2026-06-20,insp_sitrep__cumulative_confirmed_cases__daily,Nizi,26
2026-06-20,insp_sitrep__cumulative_confirmed_cases__daily,Nyankunde,79
2026-06-20,insp_sitrep__cumulative_confirmed_cases__daily,Oicha,3
2026-06-20,insp_sitrep__cumulative_confirmed_cases__daily,Rimba,3
2026-06-20,insp_sitrep__cumulative_confirmed_cases__daily,Rwampara,211
2026-06-20,insp_sitrep__cumulative_confirmed_cases__daily,Tchomia,5
2026-06-20,insp_sitrep__cumulative_confirmed_cases__daily,Vuhovi,1
2026-06-20,insp_sitrep__cumulative_confirmed_deaths__daily,Aru,1
2026-06-20,insp_sitrep__cumulative_confirmed_deaths__daily,Aungba,2
2026-06-20,insp_sitrep__cumulative_confirmed_deaths__daily,Bambu,2
2026-06-20,insp_sitrep__cumulative_confirmed_deaths__daily,Beni,12
2026-06-20,insp_sitrep__cumulative_confirmed_deaths__daily,Bunia,44
2026-06-20,insp_sitrep__cumulative_confirmed_deaths__daily,Butembo,13
2026-06-20,insp_sitrep__cumulative_confirmed_deaths__daily,Damas,0
2026-06-20,insp_sitrep__cumulative_confirmed_deaths__daily,Drodro,1
2026-06-20,insp_sitrep__cumulative_confirmed_deaths__daily,Fataki,0
2026-06-20,insp_sitrep__cumulative_confirmed_deaths__daily,Gety,0
2026-06-20,insp_sitrep__cumulative_confirmed_deaths__daily,Goma,0
2026-06-20,insp_sitrep__cumulative_confirmed_deaths__daily,Kalunguta,1
2026-06-20,insp_sitrep__cumulative_confirmed_deaths__daily,Kambala,1
2026-06-20,insp_sitrep__cumulative_confirmed_deaths__daily,Katwa,17
2026-06-20,insp_sitrep__cumulative_confirmed_deaths__daily,Kilo,1
2026-06-20,insp_sitrep__cumulative_confirmed_deaths__daily,Komanda,3
2026-06-20,insp_sitrep__cumulative_confirmed_deaths__daily,Kyondo,1
2026-06-20,insp_sitrep__cumulative_confirmed_deaths__daily,Lita,6
2026-06-20,insp_sitrep__cumulative_confirmed_deaths__daily,Logo,0
2026-06-20,insp_sitrep__cumulative_confirmed_deaths__daily,Mabalako,0
2026-06-20,insp_sitrep__cumulative_confirmed_deaths__daily,Mambasa,1
2026-06-20,insp_sitrep__cumulative_confirmed_deaths__daily,Mangala,4
2026-06-20,insp_sitrep__cumulative_confirmed_deaths__daily,Masereka,0
2026-06-20,insp_sitrep__cumulative_confirmed_deaths__daily,Miti Murhesa,1
2026-06-20,insp_sitrep__cumulative_confirmed_deaths__daily,Mongbwalu,91
2026-06-20,insp_sitrep__cumulative_confirmed_deaths__daily,Musienene,1
2026-06-20,insp_sitrep__cumulative_confirmed_deaths__daily,NA,0
2026-06-20,insp_sitrep__cumulative_confirmed_deaths__daily,Nia Nia,1
2026-06-20,insp_sitrep__cumulative_confirmed_deaths__daily,Nizi,5
2026-06-20,insp_sitrep__cumulative_confirmed_deaths__daily,Nyankunde,7
2026-06-20,insp_sitrep__cumulative_confirmed_deaths__daily,Oicha,2
2026-06-20,insp_sitrep__cumulative_confirmed_deaths__daily,Rimba,0
2026-06-20,insp_sitrep__cumulative_confirmed_deaths__daily,Rwampara,35
2026-06-20,insp_sitrep__cumulative_confirmed_deaths__daily,Tchomia,0
2026-06-20,insp_sitrep__cumulative_confirmed_deaths__daily,Vuhovi,1
2026-06-20,insp_sitrep__national_cumulative_confirmed_cases__daily,DRC,1003
2026-06-20,insp_sitrep__national_cumulative_confirmed_deaths__daily,DRC,254
2026-06-20,insp_sitrep__national_cumulative_suspected_cases__daily,DRC,201
2026-06-21,insp_sitrep__cumulative_confirmed_cases__daily,Aru,3
2026-06-21,insp_sitrep__cumulative_confirmed_cases__daily,Aungba,6
2026-06-21,insp_sitrep__cumulative_confirmed_cases__daily,Bambu,14
2026-06-21,insp_sitrep__cumulative_confirmed_cases__daily,Beni,18
2026-06-21,insp_sitrep__cumulative_confirmed_cases__daily,Bunia,285
2026-06-21,insp_sitrep__cumulative_confirmed_cases__daily,Butembo,28
2026-06-21,insp_sitrep__cumulative_confirmed_cases__daily,Damas,4
2026-06-21,insp_sitrep__cumulative_confirmed_cases__daily,Drodro,1
2026-06-21,insp_sitrep__cumulative_confirmed_cases__daily,Fataki,1
2026-06-21,insp_sitrep__cumulative_confirmed_cases__daily,Gety,1
2026-06-21,insp_sitrep__cumulative_confirmed_cases__daily,Goma,1
2026-06-21,insp_sitrep__cumulative_confirmed_cases__daily,Kalunguta,2
2026-06-21,insp_sitrep__cumulative_confirmed_cases__daily,Kambala,1
2026-06-21,insp_sitrep__cumulative_confirmed_cases__daily,Katwa,31
2026-06-21,insp_sitrep__cumulative_confirmed_cases__daily,Kilo,7
2026-06-21,insp_sitrep__cumulative_confirmed_cases__daily,Komanda,10
2026-06-21,insp_sitrep__cumulative_confirmed_cases__daily,Kyondo,3
2026-06-21,insp_sitrep__cumulative_confirmed_cases__daily,Lita,21
2026-06-21,insp_sitrep__cumulative_confirmed_cases__daily,Logo,2
2026-06-21,insp_sitrep__cumulative_confirmed_cases__daily,Mabalako,1
2026-06-21,insp_sitrep__cumulative_confirmed_cases__daily,Mambasa,2
2026-06-21,insp_sitrep__cumulative_confirmed_cases__daily,Mangala,11
2026-06-21,insp_sitrep__cumulative_confirmed_cases__daily,Masereka,1
2026-06-21,insp_sitrep__cumulative_confirmed_cases__daily,Miti Murhesa,3
2026-06-21,insp_sitrep__cumulative_confirmed_cases__daily,Mongbwalu,229
2026-06-21,insp_sitrep__cumulative_confirmed_cases__daily,Musienene,2
2026-06-21,insp_sitrep__cumulative_confirmed_cases__daily,NA,17
2026-06-21,insp_sitrep__cumulative_confirmed_cases__daily,Nia Nia,2
2026-06-21,insp_sitrep__cumulative_confirmed_cases__daily,Nizi,26
2026-06-21,insp_sitrep__cumulative_confirmed_cases__daily,Nyankunde,86
2026-06-21,insp_sitrep__cumulative_confirmed_cases__daily,Oicha,3
2026-06-21,insp_sitrep__cumulative_confirmed_cases__daily,Rimba,3
2026-06-21,insp_sitrep__cumulative_confirmed_cases__daily,Rwampara,215
2026-06-21,insp_sitrep__cumulative_confirmed_cases__daily,Tchomia,7
2026-06-21,insp_sitrep__cumulative_confirmed_cases__daily,Vuhovi,1
2026-06-21,insp_sitrep__cumulative_confirmed_deaths__daily,Aru,1
2026-06-21,insp_sitrep__cumulative_confirmed_deaths__daily,Aungba,2
2026-06-21,insp_sitrep__cumulative_confirmed_deaths__daily,Bambu,2
2026-06-21,insp_sitrep__cumulative_confirmed_deaths__daily,Beni,12
2026-06-21,insp_sitrep__cumulative_confirmed_deaths__daily,Bunia,45
2026-06-21,insp_sitrep__cumulative_confirmed_deaths__daily,Butembo,13
2026-06-21,insp_sitrep__cumulative_confirmed_deaths__daily,Damas,0
2026-06-21,insp_sitrep__cumulative_confirmed_deaths__daily,Drodro,1
2026-06-21,insp_sitrep__cumulative_confirmed_deaths__daily,Fataki,0
2026-06-21,insp_sitrep__cumulative_confirmed_deaths__daily,Gety,0
2026-06-21,insp_sitrep__cumulative_confirmed_deaths__daily,Goma,0
2026-06-21,insp_sitrep__cumulative_confirmed_deaths__daily,Kalunguta,1
2026-06-21,insp_sitrep__cumulative_confirmed_deaths__daily,Kambala,1
2026-06-21,insp_sitrep__cumulative_confirmed_deaths__daily,Katwa,19
2026-06-21,insp_sitrep__cumulative_confirmed_deaths__daily,Kilo,1
2026-06-21,insp_sitrep__cumulative_confirmed_deaths__daily,Komanda,3
2026-06-21,insp_sitrep__cumulative_confirmed_deaths__daily,Kyondo,1
2026-06-21,insp_sitrep__cumulative_confirmed_deaths__daily,Lita,6
2026-06-21,insp_sitrep__cumulative_confirmed_deaths__daily,Logo,0
2026-06-21,insp_sitrep__cumulative_confirmed_deaths__daily,Mabalako,0
2026-06-21,insp_sitrep__cumulative_confirmed_deaths__daily,Mambasa,1
2026-06-21,insp_sitrep__cumulative_confirmed_deaths__daily,Mangala,5
2026-06-21,insp_sitrep__cumulative_confirmed_deaths__daily,Masereka,0
2026-06-21,insp_sitrep__cumulative_confirmed_deaths__daily,Miti Murhesa,1
2026-06-21,insp_sitrep__cumulative_confirmed_deaths__daily,Mongbwalu,96
2026-06-21,insp_sitrep__cumulative_confirmed_deaths__daily,Musienene,1
2026-06-21,insp_sitrep__cumulative_confirmed_deaths__daily,NA,0
2026-06-21,insp_sitrep__cumulative_confirmed_deaths__daily,Nia Nia,2
2026-06-21,insp_sitrep__cumulative_confirmed_deaths__daily,Nizi,5
2026-06-21,insp_sitrep__cumulative_confirmed_deaths__daily,Nyankunde,9
2026-06-21,insp_sitrep__cumulative_confirmed_deaths__daily,Oicha,2
2026-06-21,insp_sitrep__cumulative_confirmed_deaths__daily,Rimba,0
2026-06-21,insp_sitrep__cumulative_confirmed_deaths__daily,Rwampara,36
2026-06-21,insp_sitrep__cumulative_confirmed_deaths__daily,Tchomia,0
2026-06-21,insp_sitrep__cumulative_confirmed_deaths__daily,Vuhovi,1
2026-06-21,insp_sitrep__national_cumulative_confirmed_cases__daily,DRC,1048
2026-06-21,insp_sitrep__national_cumulative_confirmed_deaths__daily,DRC,267
2026-06-21,insp_sitrep__national_cumulative_suspected_cases__daily,DRC,202
2026-06-22,insp_sitrep__cumulative_confirmed_cases__daily,Aru,3
2026-06-22,insp_sitrep__cumulative_confirmed_cases__daily,Aungba,6
2026-06-22,insp_sitrep__cumulative_confirmed_cases__daily,Bambu,14
2026-06-22,insp_sitrep__cumulative_confirmed_cases__daily,Beni,20
2026-06-22,insp_sitrep__cumulative_confirmed_cases__daily,Bunia,296
2026-06-22,insp_sitrep__cumulative_confirmed_cases__daily,Butembo,28
2026-06-22,insp_sitrep__cumulative_confirmed_cases__daily,Damas,4
2026-06-22,insp_sitrep__cumulative_confirmed_cases__daily,Drodro,1
2026-06-22,insp_sitrep__cumulative_confirmed_cases__daily,Fataki,1
2026-06-22,insp_sitrep__cumulative_confirmed_cases__daily,Gety,1
2026-06-22,insp_sitrep__cumulative_confirmed_cases__daily,Goma,1
2026-06-22,insp_sitrep__cumulative_confirmed_cases__daily,Kalunguta,2
2026-06-22,insp_sitrep__cumulative_confirmed_cases__daily,Kambala,1
2026-06-22,insp_sitrep__cumulative_confirmed_cases__daily,Katwa,32
2026-06-22,insp_sitrep__cumulative_confirmed_cases__daily,Kilo,7
2026-06-22,insp_sitrep__cumulative_confirmed_cases__daily,Komanda,10
2026-06-22,insp_sitrep__cumulative_confirmed_cases__daily,Kyondo,3
2026-06-22,insp_sitrep__cumulative_confirmed_cases__daily,Lita,24
2026-06-22,insp_sitrep__cumulative_confirmed_cases__daily,Logo,5
2026-06-22,insp_sitrep__cumulative_confirmed_cases__daily,Mabalako,1
2026-06-22,insp_sitrep__cumulative_confirmed_cases__daily,Mambasa,2
2026-06-22,insp_sitrep__cumulative_confirmed_cases__daily,Mangala,14
2026-06-22,insp_sitrep__cumulative_confirmed_cases__daily,Masereka,1
2026-06-22,insp_sitrep__cumulative_confirmed_cases__daily,Miti Murhesa,3
2026-06-22,insp_sitrep__cumulative_confirmed_cases__daily,Mongbwalu,237
2026-06-22,insp_sitrep__cumulative_confirmed_cases__daily,Musienene,2
2026-06-22,insp_sitrep__cumulative_confirmed_cases__daily,NA,17
2026-06-22,insp_sitrep__cumulative_confirmed_cases__daily,Nia Nia,2
2026-06-22,insp_sitrep__cumulative_confirmed_cases__daily,Nizi,30
2026-06-22,insp_sitrep__cumulative_confirmed_cases__daily,Nyankunde,86
2026-06-22,insp_sitrep__cumulative_confirmed_cases__daily,Oicha,3
2026-06-22,insp_sitrep__cumulative_confirmed_cases__daily,Rimba,3
2026-06-22,insp_sitrep__cumulative_confirmed_cases__daily,Rwampara,225
2026-06-22,insp_sitrep__cumulative_confirmed_cases__daily,Tchomia,8
2026-06-22,insp_sitrep__cumulative_confirmed_cases__daily,Vuhovi,1
2026-06-22,insp_sitrep__cumulative_confirmed_deaths__daily,Aru,1
2026-06-22,insp_sitrep__cumulative_confirmed_deaths__daily,Aungba,2
2026-06-22,insp_sitrep__cumulative_confirmed_deaths__daily,Bambu,2
2026-06-22,insp_sitrep__cumulative_confirmed_deaths__daily,Beni,12
2026-06-22,insp_sitrep__cumulative_confirmed_deaths__daily,Bunia,48
2026-06-22,insp_sitrep__cumulative_confirmed_deaths__daily,Butembo,13
2026-06-22,insp_sitrep__cumulative_confirmed_deaths__daily,Damas,0
2026-06-22,insp_sitrep__cumulative_confirmed_deaths__daily,Drodro,1
2026-06-22,insp_sitrep__cumulative_confirmed_deaths__daily,Fataki,0
2026-06-22,insp_sitrep__cumulative_confirmed_deaths__daily,Gety,0
2026-06-22,insp_sitrep__cumulative_confirmed_deaths__daily,Goma,0
2026-06-22,insp_sitrep__cumulative_confirmed_deaths__daily,Kalunguta,1
2026-06-22,insp_sitrep__cumulative_confirmed_deaths__daily,Kambala,1
2026-06-22,insp_sitrep__cumulative_confirmed_deaths__daily,Katwa,19
2026-06-22,insp_sitrep__cumulative_confirmed_deaths__daily,Kilo,1
2026-06-22,insp_sitrep__cumulative_confirmed_deaths__daily,Komanda,3
2026-06-22,insp_sitrep__cumulative_confirmed_deaths__daily,Kyondo,1
2026-06-22,insp_sitrep__cumulative_confirmed_deaths__daily,Lita,6
2026-06-22,insp_sitrep__cumulative_confirmed_deaths__daily,Logo,0
2026-06-22,insp_sitrep__cumulative_confirmed_deaths__daily,Mabalako,0
2026-06-22,insp_sitrep__cumulative_confirmed_deaths__daily,Mambasa,1
2026-06-22,insp_sitrep__cumulative_confirmed_deaths__daily,Mangala,6
2026-06-22,insp_sitrep__cumulative_confirmed_deaths__daily,Masereka,0
2026-06-22,insp_sitrep__cumulative_confirmed_deaths__daily,Miti Murhesa,1
2026-06-22,insp_sitrep__cumulative_confirmed_deaths__daily,Mongbwalu,100
2026-06-22,insp_sitrep__cumulative_confirmed_deaths__daily,Musienene,1
2026-06-22,insp_sitrep__cumulative_confirmed_deaths__daily,NA,0
2026-06-22,insp_sitrep__cumulative_confirmed_deaths__daily,Nia Nia,2
2026-06-22,insp_sitrep__cumulative_confirmed_deaths__daily,Nizi,6
2026-06-22,insp_sitrep__cumulative_confirmed_deaths__daily,Nyankunde,9
2026-06-22,insp_sitrep__cumulative_confirmed_deaths__daily,Oicha,2
2026-06-22,insp_sitrep__cumulative_confirmed_deaths__daily,Rimba,0
2026-06-22,insp_sitrep__cumulative_confirmed_deaths__daily,Rwampara,37
2026-06-22,insp_sitrep__cumulative_confirmed_deaths__daily,Tchomia,0
2026-06-22,insp_sitrep__cumulative_confirmed_deaths__daily,Vuhovi,1
2026-06-22,insp_sitrep__national_cumulative_confirmed_cases__daily,DRC,1094
2026-06-22,insp_sitrep__national_cumulative_confirmed_deaths__daily,DRC,277
2026-06-22,insp_sitrep__national_cumulative_suspected_cases__daily,DRC,131
2026-06-23,insp_sitrep__cumulative_confirmed_cases__daily,Aru,3
2026-06-23,insp_sitrep__cumulative_confirmed_cases__daily,Aungba,6
2026-06-23,insp_sitrep__cumulative_confirmed_cases__daily,Bambu,14
2026-06-23,insp_sitrep__cumulative_confirmed_cases__daily,Beni,20
2026-06-23,insp_sitrep__cumulative_confirmed_cases__daily,Bunia,304
2026-06-23,insp_sitrep__cumulative_confirmed_cases__daily,Butembo,29
2026-06-23,insp_sitrep__cumulative_confirmed_cases__daily,Damas,4
2026-06-23,insp_sitrep__cumulative_confirmed_cases__daily,Drodro,1
2026-06-23,insp_sitrep__cumulative_confirmed_cases__daily,Fataki,1
2026-06-23,insp_sitrep__cumulative_confirmed_cases__daily,Gety,1
2026-06-23,insp_sitrep__cumulative_confirmed_cases__daily,Goma,1
2026-06-23,insp_sitrep__cumulative_confirmed_cases__daily,Kalunguta,2
2026-06-23,insp_sitrep__cumulative_confirmed_cases__daily,Kambala,1
2026-06-23,insp_sitrep__cumulative_confirmed_cases__daily,Katwa,32
2026-06-23,insp_sitrep__cumulative_confirmed_cases__daily,Kilo,7
2026-06-23,insp_sitrep__cumulative_confirmed_cases__daily,Komanda,13
2026-06-23,insp_sitrep__cumulative_confirmed_cases__daily,Kyondo,3
2026-06-23,insp_sitrep__cumulative_confirmed_cases__daily,Lita,26
2026-06-23,insp_sitrep__cumulative_confirmed_cases__daily,Logo,5
2026-06-23,insp_sitrep__cumulative_confirmed_cases__daily,Mabalako,1
2026-06-23,insp_sitrep__cumulative_confirmed_cases__daily,Mambasa,2
2026-06-23,insp_sitrep__cumulative_confirmed_cases__daily,Mangala,17
2026-06-23,insp_sitrep__cumulative_confirmed_cases__daily,Masereka,1
2026-06-23,insp_sitrep__cumulative_confirmed_cases__daily,Mongbwalu,241
2026-06-23,insp_sitrep__cumulative_confirmed_cases__daily,Musienene,2
2026-06-23,insp_sitrep__cumulative_confirmed_cases__daily,NA,17
2026-06-23,insp_sitrep__cumulative_confirmed_cases__daily,Nia Nia,5
2026-06-23,insp_sitrep__cumulative_confirmed_cases__daily,Nizi,30
2026-06-23,insp_sitrep__cumulative_confirmed_cases__daily,Nyankunde,86
2026-06-23,insp_sitrep__cumulative_confirmed_cases__daily,Oicha,3
2026-06-23,insp_sitrep__cumulative_confirmed_cases__daily,Rimba,3
2026-06-23,insp_sitrep__cumulative_confirmed_cases__daily,Rwampara,225
2026-06-23,insp_sitrep__cumulative_confirmed_cases__daily,Tchomia,8
2026-06-23,insp_sitrep__cumulative_confirmed_cases__daily,Vuhovi,1
2026-06-23,insp_sitrep__cumulative_confirmed_deaths__daily,Aru,1
2026-06-23,insp_sitrep__cumulative_confirmed_deaths__daily,Aungba,2
2026-06-23,insp_sitrep__cumulative_confirmed_deaths__daily,Bambu,2
2026-06-23,insp_sitrep__cumulative_confirmed_deaths__daily,Beni,12
2026-06-23,insp_sitrep__cumulative_confirmed_deaths__daily,Bunia,54
2026-06-23,insp_sitrep__cumulative_confirmed_deaths__daily,Butembo,13
2026-06-23,insp_sitrep__cumulative_confirmed_deaths__daily,Damas,0
2026-06-23,insp_sitrep__cumulative_confirmed_deaths__daily,Drodro,1
2026-06-23,insp_sitrep__cumulative_confirmed_deaths__daily,Fataki,0
2026-06-23,insp_sitrep__cumulative_confirmed_deaths__daily,Gety,0
2026-06-23,insp_sitrep__cumulative_confirmed_deaths__daily,Goma,0
2026-06-23,insp_sitrep__cumulative_confirmed_deaths__daily,Kalunguta,1
2026-06-23,insp_sitrep__cumulative_confirmed_deaths__daily,Kambala,1
2026-06-23,insp_sitrep__cumulative_confirmed_deaths__daily,Katwa,19
2026-06-23,insp_sitrep__cumulative_confirmed_deaths__daily,Kilo,1
2026-06-23,insp_sitrep__cumulative_confirmed_deaths__daily,Komanda,3
2026-06-23,insp_sitrep__cumulative_confirmed_deaths__daily,Kyondo,2
2026-06-23,insp_sitrep__cumulative_confirmed_deaths__daily,Lita,6
2026-06-23,insp_sitrep__cumulative_confirmed_deaths__daily,Logo,0
2026-06-23,insp_sitrep__cumulative_confirmed_deaths__daily,Mabalako,0
2026-06-23,insp_sitrep__cumulative_confirmed_deaths__daily,Mambasa,1
2026-06-23,insp_sitrep__cumulative_confirmed_deaths__daily,Mangala,8
2026-06-23,insp_sitrep__cumulative_confirmed_deaths__daily,Masereka,0
2026-06-23,insp_sitrep__cumulative_confirmed_deaths__daily,Miti Murhesa,1
2026-06-23,insp_sitrep__cumulative_confirmed_deaths__daily,Mongbwalu,103
2026-06-23,insp_sitrep__cumulative_confirmed_deaths__daily,Musienene,2
2026-06-23,insp_sitrep__cumulative_confirmed_deaths__daily,NA,0
2026-06-23,insp_sitrep__cumulative_confirmed_deaths__daily,Nia Nia,3
2026-06-23,insp_sitrep__cumulative_confirmed_deaths__daily,Nizi,6
2026-06-23,insp_sitrep__cumulative_confirmed_deaths__daily,Nyankunde,9
2026-06-23,insp_sitrep__cumulative_confirmed_deaths__daily,Oicha,2
2026-06-23,insp_sitrep__cumulative_confirmed_deaths__daily,Rimba,0
2026-06-23,insp_sitrep__cumulative_confirmed_deaths__daily,Rwampara,37
2026-06-23,insp_sitrep__cumulative_confirmed_deaths__daily,Tchomia,0
2026-06-23,insp_sitrep__cumulative_confirmed_deaths__daily,Vuhovi,1
2026-06-23,insp_sitrep__national_cumulative_confirmed_cases__daily,DRC,1118
2026-06-23,insp_sitrep__national_cumulative_confirmed_deaths__daily,DRC,291
2026-06-23,insp_sitrep__national_cumulative_suspected_cases__daily,DRC,138
2026-06-24,insp_sitrep__cumulative_confirmed_cases__daily,Aru,3
2026-06-24,insp_sitrep__cumulative_confirmed_cases__daily,Aungba,6
2026-06-24,insp_sitrep__cumulative_confirmed_cases__daily,Bambu,14
2026-06-24,insp_sitrep__cumulative_confirmed_cases__daily,Beni,20
2026-06-24,insp_sitrep__cumulative_confirmed_cases__daily,Bunia,314
2026-06-24,insp_sitrep__cumulative_confirmed_cases__daily,Butembo,31
2026-06-24,insp_sitrep__cumulative_confirmed_cases__daily,Damas,4
2026-06-24,insp_sitrep__cumulative_confirmed_cases__daily,Drodro,1
2026-06-24,insp_sitrep__cumulative_confirmed_cases__daily,Fataki,1
2026-06-24,insp_sitrep__cumulative_confirmed_cases__daily,Gety,1
2026-06-24,insp_sitrep__cumulative_confirmed_cases__daily,Goma,1
2026-06-24,insp_sitrep__cumulative_confirmed_cases__daily,Kalunguta,2
2026-06-24,insp_sitrep__cumulative_confirmed_cases__daily,Kambala,1
2026-06-24,insp_sitrep__cumulative_confirmed_cases__daily,Katwa,33
2026-06-24,insp_sitrep__cumulative_confirmed_cases__daily,Kilo,9
2026-06-24,insp_sitrep__cumulative_confirmed_cases__daily,Komanda,13
2026-06-24,insp_sitrep__cumulative_confirmed_cases__daily,Kyondo,3
2026-06-24,insp_sitrep__cumulative_confirmed_cases__daily,Lita,26
2026-06-24,insp_sitrep__cumulative_confirmed_cases__daily,Logo,5
2026-06-24,insp_sitrep__cumulative_confirmed_cases__daily,Mabalako,1
2026-06-24,insp_sitrep__cumulative_confirmed_cases__daily,Mambasa,2
2026-06-24,insp_sitrep__cumulative_confirmed_cases__daily,Mangala,17
2026-06-24,insp_sitrep__cumulative_confirmed_cases__daily,Masereka,1
2026-06-24,insp_sitrep__cumulative_confirmed_cases__daily,Miti Murhesa,3
2026-06-24,insp_sitrep__cumulative_confirmed_cases__daily,Mongbwalu,245
2026-06-24,insp_sitrep__cumulative_confirmed_cases__daily,Musienene,2
2026-06-24,insp_sitrep__cumulative_confirmed_cases__daily,NA,17
2026-06-24,insp_sitrep__cumulative_confirmed_cases__daily,Nia Nia,5
2026-06-24,insp_sitrep__cumulative_confirmed_cases__daily,Nizi,30
2026-06-24,insp_sitrep__cumulative_confirmed_cases__daily,Nyankunde,91
2026-06-24,insp_sitrep__cumulative_confirmed_cases__daily,Oicha,3
2026-06-24,insp_sitrep__cumulative_confirmed_cases__daily,Rimba,3
2026-06-24,insp_sitrep__cumulative_confirmed_cases__daily,Rwampara,237
2026-06-24,insp_sitrep__cumulative_confirmed_cases__daily,Tchomia,9
2026-06-24,insp_sitrep__cumulative_confirmed_cases__daily,Vuhovi,1
2026-06-24,insp_sitrep__cumulative_confirmed_deaths__daily,Aru,1
2026-06-24,insp_sitrep__cumulative_confirmed_deaths__daily,Aungba,2
2026-06-24,insp_sitrep__cumulative_confirmed_deaths__daily,Bambu,2
2026-06-24,insp_sitrep__cumulative_confirmed_deaths__daily,Beni,12
2026-06-24,insp_sitrep__cumulative_confirmed_deaths__daily,Bunia,60
2026-06-24,insp_sitrep__cumulative_confirmed_deaths__daily,Butembo,13
2026-06-24,insp_sitrep__cumulative_confirmed_deaths__daily,Damas,0
2026-06-24,insp_sitrep__cumulative_confirmed_deaths__daily,Fataki,0
2026-06-24,insp_sitrep__cumulative_confirmed_deaths__daily,Gety,0
2026-06-24,insp_sitrep__cumulative_confirmed_deaths__daily,Goma,0
2026-06-24,insp_sitrep__cumulative_confirmed_deaths__daily,Kalunguta,1
2026-06-24,insp_sitrep__cumulative_confirmed_deaths__daily,Kambala,1
2026-06-24,insp_sitrep__cumulative_confirmed_deaths__daily,Katwa,20
2026-06-24,insp_sitrep__cumulative_confirmed_deaths__daily,Kilo,1
2026-06-24,insp_sitrep__cumulative_confirmed_deaths__daily,Komanda,3
2026-06-24,insp_sitrep__cumulative_confirmed_deaths__daily,Kyondo,2
2026-06-24,insp_sitrep__cumulative_confirmed_deaths__daily,Lita,6
2026-06-24,insp_sitrep__cumulative_confirmed_deaths__daily,Logo,0
2026-06-24,insp_sitrep__cumulative_confirmed_deaths__daily,Mabalako,0
2026-06-24,insp_sitrep__cumulative_confirmed_deaths__daily,Mambasa,1
2026-06-24,insp_sitrep__cumulative_confirmed_deaths__daily,Mangala,8
2026-06-24,insp_sitrep__cumulative_confirmed_deaths__daily,Masereka,0
2026-06-24,insp_sitrep__cumulative_confirmed_deaths__daily,Miti Murhesa,1
2026-06-24,insp_sitrep__cumulative_confirmed_deaths__daily,Mongbwalu,105
2026-06-24,insp_sitrep__cumulative_confirmed_deaths__daily,Musienene,2
2026-06-24,insp_sitrep__cumulative_confirmed_deaths__daily,NA,0
2026-06-24,insp_sitrep__cumulative_confirmed_deaths__daily,Nia Nia,3
2026-06-24,insp_sitrep__cumulative_confirmed_deaths__daily,Nizi,6
2026-06-24,insp_sitrep__cumulative_confirmed_deaths__daily,Nyankunde,10
2026-06-24,insp_sitrep__cumulative_confirmed_deaths__daily,Oicha,2
2026-06-24,insp_sitrep__cumulative_confirmed_deaths__daily,Rimba,0
2026-06-24,insp_sitrep__cumulative_confirmed_deaths__daily,Rwampara,40
2026-06-24,insp_sitrep__cumulative_confirmed_deaths__daily,Tchomia,0
2026-06-24,insp_sitrep__cumulative_confirmed_deaths__daily,Vuhovi,1
2026-06-24,insp_sitrep__national_cumulative_confirmed_cases__daily,DRC,1155
2026-06-24,insp_sitrep__national_cumulative_confirmed_deaths__daily,DRC,304
2026-06-24,insp_sitrep__national_cumulative_suspected_cases__daily,DRC,154
2026-06-25,insp_sitrep__cumulative_confirmed_cases__daily,Aru,3
2026-06-25,insp_sitrep__cumulative_confirmed_cases__daily,Aungba,6
2026-06-25,insp_sitrep__cumulative_confirmed_cases__daily,Bambu,14
2026-06-25,insp_sitrep__cumulative_confirmed_cases__daily,Beni,22
2026-06-25,insp_sitrep__cumulative_confirmed_cases__daily,Bunia,323
2026-06-25,insp_sitrep__cumulative_confirmed_cases__daily,Butembo,33
2026-06-25,insp_sitrep__cumulative_confirmed_cases__daily,Damas,4
2026-06-25,insp_sitrep__cumulative_confirmed_cases__daily,Drodro,1
2026-06-25,insp_sitrep__cumulative_confirmed_cases__daily,Fataki,1
2026-06-25,insp_sitrep__cumulative_confirmed_cases__daily,Gety,1
2026-06-25,insp_sitrep__cumulative_confirmed_cases__daily,Goma,1
2026-06-25,insp_sitrep__cumulative_confirmed_cases__daily,Kalunguta,2
2026-06-25,insp_sitrep__cumulative_confirmed_cases__daily,Kambala,1
2026-06-25,insp_sitrep__cumulative_confirmed_cases__daily,Katwa,35
2026-06-25,insp_sitrep__cumulative_confirmed_cases__daily,Kilo,9
2026-06-25,insp_sitrep__cumulative_confirmed_cases__daily,Komanda,13
2026-06-25,insp_sitrep__cumulative_confirmed_cases__daily,Kyondo,3
2026-06-25,insp_sitrep__cumulative_confirmed_cases__daily,Lita,26
2026-06-25,insp_sitrep__cumulative_confirmed_cases__daily,Logo,7
2026-06-25,insp_sitrep__cumulative_confirmed_cases__daily,Mabalako,1
2026-06-25,insp_sitrep__cumulative_confirmed_cases__daily,Mambasa,2
2026-06-25,insp_sitrep__cumulative_confirmed_cases__daily,Mangala,17
2026-06-25,insp_sitrep__cumulative_confirmed_cases__daily,Masereka,1
2026-06-25,insp_sitrep__cumulative_confirmed_cases__daily,Miti Murhesa,3
2026-06-25,insp_sitrep__cumulative_confirmed_cases__daily,Mongbwalu,250
2026-06-25,insp_sitrep__cumulative_confirmed_cases__daily,Musienene,2
2026-06-25,insp_sitrep__cumulative_confirmed_cases__daily,NA,17
2026-06-25,insp_sitrep__cumulative_confirmed_cases__daily,Nia Nia,5
2026-06-25,insp_sitrep__cumulative_confirmed_cases__daily,Nizi,32
2026-06-25,insp_sitrep__cumulative_confirmed_cases__daily,Oicha,3
2026-06-25,insp_sitrep__cumulative_confirmed_cases__daily,Rimba,3
2026-06-25,insp_sitrep__cumulative_confirmed_cases__daily,Rwampara,258
2026-06-25,insp_sitrep__cumulative_confirmed_cases__daily,Tchomia,10
2026-06-25,insp_sitrep__cumulative_confirmed_cases__daily,Vuhovi,1
2026-06-25,insp_sitrep__cumulative_confirmed_deaths__daily,Aru,1
2026-06-25,insp_sitrep__cumulative_confirmed_deaths__daily,Aungba,2
2026-06-25,insp_sitrep__cumulative_confirmed_deaths__daily,Bambu,3
2026-06-25,insp_sitrep__cumulative_confirmed_deaths__daily,Beni,13
2026-06-25,insp_sitrep__cumulative_confirmed_deaths__daily,Bunia,64
2026-06-25,insp_sitrep__cumulative_confirmed_deaths__daily,Butembo,14
2026-06-25,insp_sitrep__cumulative_confirmed_deaths__daily,Damas,0
2026-06-25,insp_sitrep__cumulative_confirmed_deaths__daily,Drodro,1
2026-06-25,insp_sitrep__cumulative_confirmed_deaths__daily,Fataki,0
2026-06-25,insp_sitrep__cumulative_confirmed_deaths__daily,Gety,0
2026-06-25,insp_sitrep__cumulative_confirmed_deaths__daily,Goma,0
2026-06-25,insp_sitrep__cumulative_confirmed_deaths__daily,Kalunguta,1
2026-06-25,insp_sitrep__cumulative_confirmed_deaths__daily,Kambala,1
2026-06-25,insp_sitrep__cumulative_confirmed_deaths__daily,Katwa,22
2026-06-25,insp_sitrep__cumulative_confirmed_deaths__daily,Kilo,1
2026-06-25,insp_sitrep__cumulative_confirmed_deaths__daily,Komanda,3
2026-06-25,insp_sitrep__cumulative_confirmed_deaths__daily,Kyondo,2
2026-06-25,insp_sitrep__cumulative_confirmed_deaths__daily,Lita,6
2026-06-25,insp_sitrep__cumulative_confirmed_deaths__daily,Logo,0
2026-06-25,insp_sitrep__cumulative_confirmed_deaths__daily,Mabalako,0
2026-06-25,insp_sitrep__cumulative_confirmed_deaths__daily,Mambasa,1
2026-06-25,insp_sitrep__cumulative_confirmed_deaths__daily,Mangala,8
2026-06-25,insp_sitrep__cumulative_confirmed_deaths__daily,Masereka,0
2026-06-25,insp_sitrep__cumulative_confirmed_deaths__daily,Miti Murhesa,1
2026-06-25,insp_sitrep__cumulative_confirmed_deaths__daily,Mongbwalu,109
2026-06-25,insp_sitrep__cumulative_confirmed_deaths__daily,Musienene,2
2026-06-25,insp_sitrep__cumulative_confirmed_deaths__daily,NA,0
2026-06-25,insp_sitrep__cumulative_confirmed_deaths__daily,Nia Nia,3
2026-06-25,insp_sitrep__cumulative_confirmed_deaths__daily,Nizi,6
2026-06-25,insp_sitrep__cumulative_confirmed_deaths__daily,Nyankunde,11
2026-06-25,insp_sitrep__cumulative_confirmed_deaths__daily,Oicha,2
2026-06-25,insp_sitrep__cumulative_confirmed_deaths__daily,Rimba,0
2026-06-25,insp_sitrep__cumulative_confirmed_deaths__daily,Rwampara,43
2026-06-25,insp_sitrep__cumulative_confirmed_deaths__daily,Tchomia,0
2026-06-25,insp_sitrep__cumulative_confirmed_deaths__daily,Vuhovi,1
2026-06-25,insp_sitrep__national_cumulative_confirmed_cases__daily,DRC,1203
2026-06-25,insp_sitrep__national_cumulative_confirmed_deaths__daily,DRC,321
2026-06-25,insp_sitrep__national_cumulative_suspected_cases__daily,DRC,265
2026-06-27,insp_sitrep__national_cumulative_confirmed_cases__daily,DRC,1274
2026-06-27,insp_sitrep__national_cumulative_confirmed_deaths__daily,DRC,360
2026-06-27,insp_sitrep__national_cumulative_suspected_cases__daily,DRC,239
2026-06-29,insp_sitrep__cumulative_confirmed_cases__daily,Aru,3
2026-06-29,insp_sitrep__cumulative_confirmed_cases__daily,Aungba,6
2026-06-29,insp_sitrep__cumulative_confirmed_cases__daily,Bambu,16
2026-06-29,insp_sitrep__cumulative_confirmed_cases__daily,Beni,22
2026-06-29,insp_sitrep__cumulative_confirmed_cases__daily,Bunia,358
2026-06-29,insp_sitrep__cumulative_confirmed_cases__daily,Butembo,34
2026-06-29,insp_sitrep__cumulative_confirmed_cases__daily,Damas,5
2026-06-29,insp_sitrep__cumulative_confirmed_cases__daily,Drodro,3
2026-06-29,insp_sitrep__cumulative_confirmed_cases__daily,Fataki,1
2026-06-29,insp_sitrep__cumulative_confirmed_cases__daily,Gety,1
2026-06-29,insp_sitrep__cumulative_confirmed_cases__daily,Goma,1
2026-06-29,insp_sitrep__cumulative_confirmed_cases__daily,Kalunguta,2
2026-06-29,insp_sitrep__cumulative_confirmed_cases__daily,Kambala,1
2026-06-29,insp_sitrep__cumulative_confirmed_cases__daily,Katwa,45
2026-06-29,insp_sitrep__cumulative_confirmed_cases__daily,Kilo,9
2026-06-29,insp_sitrep__cumulative_confirmed_cases__daily,Komanda,16
2026-06-29,insp_sitrep__cumulative_confirmed_cases__daily,Kyondo,3
2026-06-29,insp_sitrep__cumulative_confirmed_cases__daily,Lita,29
2026-06-29,insp_sitrep__cumulative_confirmed_cases__daily,Logo,7
2026-06-29,insp_sitrep__cumulative_confirmed_cases__daily,Mabalako,1
2026-06-29,insp_sitrep__cumulative_confirmed_cases__daily,Mambasa,2
2026-06-29,insp_sitrep__cumulative_confirmed_cases__daily,Mandima,1
2026-06-29,insp_sitrep__cumulative_confirmed_cases__daily,Mangala,24
2026-06-29,insp_sitrep__cumulative_confirmed_cases__daily,Masereka,1
2026-06-29,insp_sitrep__cumulative_confirmed_cases__daily,Miti Murhesa,3
2026-06-29,insp_sitrep__cumulative_confirmed_cases__daily,Mongbwalu,258
2026-06-29,insp_sitrep__cumulative_confirmed_cases__daily,Musienene,3
2026-06-29,insp_sitrep__cumulative_confirmed_cases__daily,NA,17
2026-06-29,insp_sitrep__cumulative_confirmed_cases__daily,Nia Nia,11
2026-06-29,insp_sitrep__cumulative_confirmed_cases__daily,Nizi,41
2026-06-29,insp_sitrep__cumulative_confirmed_cases__daily,Nyankunde,94
2026-06-29,insp_sitrep__cumulative_confirmed_cases__daily,Oicha,3
2026-06-29,insp_sitrep__cumulative_confirmed_cases__daily,Rimba,3
2026-06-29,insp_sitrep__cumulative_confirmed_cases__daily,Rwampara,295
2026-06-29,insp_sitrep__cumulative_confirmed_cases__daily,Tchomia,13
2026-06-29,insp_sitrep__cumulative_confirmed_cases__daily,Vuhovi,1
2026-06-29,insp_sitrep__cumulative_confirmed_deaths__daily,Aru,1
2026-06-29,insp_sitrep__cumulative_confirmed_deaths__daily,Aungba,2
2026-06-29,insp_sitrep__cumulative_confirmed_deaths__daily,Bambu,4
2026-06-29,insp_sitrep__cumulative_confirmed_deaths__daily,Beni,14
2026-06-29,insp_sitrep__cumulative_confirmed_deaths__daily,Bunia,82
2026-06-29,insp_sitrep__cumulative_confirmed_deaths__daily,Butembo,14
2026-06-29,insp_sitrep__cumulative_confirmed_deaths__daily,Damas,0
2026-06-29,insp_sitrep__cumulative_confirmed_deaths__daily,Drodro,3
2026-06-29,insp_sitrep__cumulative_confirmed_deaths__daily,Fataki,0
2026-06-29,insp_sitrep__cumulative_confirmed_deaths__daily,Gety,0
2026-06-29,insp_sitrep__cumulative_confirmed_deaths__daily,Goma,0
2026-06-29,insp_sitrep__cumulative_confirmed_deaths__daily,Kalunguta,1
2026-06-29,insp_sitrep__cumulative_confirmed_deaths__daily,Kambala,1
2026-06-29,insp_sitrep__cumulative_confirmed_deaths__daily,Katwa,27
2026-06-29,insp_sitrep__cumulative_confirmed_deaths__daily,Kilo,1
2026-06-29,insp_sitrep__cumulative_confirmed_deaths__daily,Komanda,5
2026-06-29,insp_sitrep__cumulative_confirmed_deaths__daily,Kyondo,2
2026-06-29,insp_sitrep__cumulative_confirmed_deaths__daily,Lita,9
2026-06-29,insp_sitrep__cumulative_confirmed_deaths__daily,Logo,0
2026-06-29,insp_sitrep__cumulative_confirmed_deaths__daily,Mabalako,0
2026-06-29,insp_sitrep__cumulative_confirmed_deaths__daily,Mambasa,1
2026-06-29,insp_sitrep__cumulative_confirmed_deaths__daily,Mandima,0
2026-06-29,insp_sitrep__cumulative_confirmed_deaths__daily,Mangala,12
2026-06-29,insp_sitrep__cumulative_confirmed_deaths__daily,Masereka,0
2026-06-29,insp_sitrep__cumulative_confirmed_deaths__daily,Miti Murhesa,1
2026-06-29,insp_sitrep__cumulative_confirmed_deaths__daily,Mongbwalu,123
2026-06-29,insp_sitrep__cumulative_confirmed_deaths__daily,Musienene,2
2026-06-29,insp_sitrep__cumulative_confirmed_deaths__daily,NA,0
2026-06-29,insp_sitrep__cumulative_confirmed_deaths__daily,Nia Nia,5
2026-06-29,insp_sitrep__cumulative_confirmed_deaths__daily,Nizi,9
2026-06-29,insp_sitrep__cumulative_confirmed_deaths__daily,Nyankunde,15
2026-06-29,insp_sitrep__cumulative_confirmed_deaths__daily,Oicha,2
2026-06-29,insp_sitrep__cumulative_confirmed_deaths__daily,Rimba,0
2026-06-29,insp_sitrep__cumulative_confirmed_deaths__daily,Rwampara,60
2026-06-29,insp_sitrep__cumulative_confirmed_deaths__daily,Tchomia,2
2026-06-29,insp_sitrep__cumulative_confirmed_deaths__daily,Vuhovi,1
2026-06-29,insp_sitrep__national_cumulative_confirmed_cases__daily,DRC,1333
2026-06-29,insp_sitrep__national_cumulative_confirmed_deaths__daily,DRC,399
2026-06-29,insp_sitrep__national_cumulative_suspected_cases__daily,DRC,309
2026-06-30,insp_sitrep__cumulative_confirmed_cases__daily,Aru,3
2026-06-30,insp_sitrep__cumulative_confirmed_cases__daily,Aungba,6
2026-06-30,insp_sitrep__cumulative_confirmed_cases__daily,Bambu,16
2026-06-30,insp_sitrep__cumulative_confirmed_cases__daily,Beni,24
2026-06-30,insp_sitrep__cumulative_confirmed_cases__daily,Bunia,387
2026-06-30,insp_sitrep__cumulative_confirmed_cases__daily,Butembo,34
2026-06-30,insp_sitrep__cumulative_confirmed_cases__daily,Damas,5
2026-06-30,insp_sitrep__cumulative_confirmed_cases__daily,Drodro,3
2026-06-30,insp_sitrep__cumulative_confirmed_cases__daily,Fataki,1
2026-06-30,insp_sitrep__cumulative_confirmed_cases__daily,Gety,1
2026-06-30,insp_sitrep__cumulative_confirmed_cases__daily,Goma,1
2026-06-30,insp_sitrep__cumulative_confirmed_cases__daily,Kalunguta,2
2026-06-30,insp_sitrep__cumulative_confirmed_cases__daily,Kambala,2
2026-06-30,insp_sitrep__cumulative_confirmed_cases__daily,Katwa,47
2026-06-30,insp_sitrep__cumulative_confirmed_cases__daily,Kilo,9
2026-06-30,insp_sitrep__cumulative_confirmed_cases__daily,Komanda,18
2026-06-30,insp_sitrep__cumulative_confirmed_cases__daily,Kyondo,3
2026-06-30,insp_sitrep__cumulative_confirmed_cases__daily,Lita,29
2026-06-30,insp_sitrep__cumulative_confirmed_cases__daily,Logo,7
2026-06-30,insp_sitrep__cumulative_confirmed_cases__daily,Lolwa,1
2026-06-30,insp_sitrep__cumulative_confirmed_cases__daily,Mabalako,1
2026-06-30,insp_sitrep__cumulative_confirmed_cases__daily,Mambasa,2
2026-06-30,insp_sitrep__cumulative_confirmed_cases__daily,Mandima,2
2026-06-30,insp_sitrep__cumulative_confirmed_cases__daily,Mangala,24
2026-06-30,insp_sitrep__cumulative_confirmed_cases__daily,Masereka,1
2026-06-30,insp_sitrep__cumulative_confirmed_cases__daily,Miti Murhesa,3
2026-06-30,insp_sitrep__cumulative_confirmed_cases__daily,Mongbwalu,264
2026-06-30,insp_sitrep__cumulative_confirmed_cases__daily,Musienene,3
2026-06-30,insp_sitrep__cumulative_confirmed_cases__daily,NA,17
2026-06-30,insp_sitrep__cumulative_confirmed_cases__daily,Nia Nia,12
2026-06-30,insp_sitrep__cumulative_confirmed_cases__daily,Nizi,61
2026-06-30,insp_sitrep__cumulative_confirmed_cases__daily,Nyankunde,95
2026-06-30,insp_sitrep__cumulative_confirmed_cases__daily,Oicha,3
2026-06-30,insp_sitrep__cumulative_confirmed_cases__daily,Rimba,3
2026-06-30,insp_sitrep__cumulative_confirmed_cases__daily,Rwampara,301
2026-06-30,insp_sitrep__cumulative_confirmed_cases__daily,Tchomia,14
2026-06-30,insp_sitrep__cumulative_confirmed_cases__daily,Vuhovi,1
2026-06-30,insp_sitrep__cumulative_confirmed_deaths__daily,Aru,1
2026-06-30,insp_sitrep__cumulative_confirmed_deaths__daily,Aungba,2
2026-06-30,insp_sitrep__cumulative_confirmed_deaths__daily,Bambu,5
2026-06-30,insp_sitrep__cumulative_confirmed_deaths__daily,Beni,15
2026-06-30,insp_sitrep__cumulative_confirmed_deaths__daily,Bunia,94
2026-06-30,insp_sitrep__cumulative_confirmed_deaths__daily,Butembo,15
2026-06-30,insp_sitrep__cumulative_confirmed_deaths__daily,Damas,0
2026-06-30,insp_sitrep__cumulative_confirmed_deaths__daily,Drodro,3
2026-06-30,insp_sitrep__cumulative_confirmed_deaths__daily,Fataki,0
2026-06-30,insp_sitrep__cumulative_confirmed_deaths__daily,Gety,0
2026-06-30,insp_sitrep__cumulative_confirmed_deaths__daily,Goma,0
2026-06-30,insp_sitrep__cumulative_confirmed_deaths__daily,Kalunguta,1
2026-06-30,insp_sitrep__cumulative_confirmed_deaths__daily,Kambala,2
2026-06-30,insp_sitrep__cumulative_confirmed_deaths__daily,Katwa,33
2026-06-30,insp_sitrep__cumulative_confirmed_deaths__daily,Kilo,1
2026-06-30,insp_sitrep__cumulative_confirmed_deaths__daily,Komanda,5
2026-06-30,insp_sitrep__cumulative_confirmed_deaths__daily,Kyondo,2
2026-06-30,insp_sitrep__cumulative_confirmed_deaths__daily,Lita,9
2026-06-30,insp_sitrep__cumulative_confirmed_deaths__daily,Logo,0
2026-06-30,insp_sitrep__cumulative_confirmed_deaths__daily,Lolwa,1
2026-06-30,insp_sitrep__cumulative_confirmed_deaths__daily,Mabalako,0
2026-06-30,insp_sitrep__cumulative_confirmed_deaths__daily,Mambasa,1
2026-06-30,insp_sitrep__cumulative_confirmed_deaths__daily,Mandima,1
2026-06-30,insp_sitrep__cumulative_confirmed_deaths__daily,Mangala,12
2026-06-30,insp_sitrep__cumulative_confirmed_deaths__daily,Masereka,0
2026-06-30,insp_sitrep__cumulative_confirmed_deaths__daily,Miti Murhesa,1
2026-06-30,insp_sitrep__cumulative_confirmed_deaths__daily,Mongbwalu,126
2026-06-30,insp_sitrep__cumulative_confirmed_deaths__daily,Musienene,2
2026-06-30,insp_sitrep__cumulative_confirmed_deaths__daily,NA,0
2026-06-30,insp_sitrep__cumulative_confirmed_deaths__daily,Nia Nia,5
2026-06-30,insp_sitrep__cumulative_confirmed_deaths__daily,Nizi,19
2026-06-30,insp_sitrep__cumulative_confirmed_deaths__daily,Nyankunde,16
2026-06-30,insp_sitrep__cumulative_confirmed_deaths__daily,Oicha,2
2026-06-30,insp_sitrep__cumulative_confirmed_deaths__daily,Rimba,0
2026-06-30,insp_sitrep__cumulative_confirmed_deaths__daily,Rwampara,61
2026-06-30,insp_sitrep__cumulative_confirmed_deaths__daily,Tchomia,2
2026-06-30,insp_sitrep__cumulative_confirmed_deaths__daily,Vuhovi,1
2026-06-30,insp_sitrep__national_cumulative_confirmed_cases__daily,DRC,1406
2026-06-30,insp_sitrep__national_cumulative_confirmed_deaths__daily,DRC,438
2026-06-30,insp_sitrep__national_cumulative_suspected_cases__daily,DRC,301
2026-07-01,insp_sitrep__cumulative_confirmed_cases__daily,Aru,3
2026-07-01,insp_sitrep__cumulative_confirmed_cases__daily,Aungba,6
2026-07-01,insp_sitrep__cumulative_confirmed_cases__daily,Bambu,16
2026-07-01,insp_sitrep__cumulative_confirmed_cases__daily,Beni,26
2026-07-01,insp_sitrep__cumulative_confirmed_cases__daily,Bunia,416
2026-07-01,insp_sitrep__cumulative_confirmed_cases__daily,Butembo,34
2026-07-01,insp_sitrep__cumulative_confirmed_cases__daily,Damas,5
2026-07-01,insp_sitrep__cumulative_confirmed_cases__daily,Drodro,3
2026-07-01,insp_sitrep__cumulative_confirmed_cases__daily,Fataki,1
2026-07-01,insp_sitrep__cumulative_confirmed_cases__daily,Gety,1
2026-07-01,insp_sitrep__cumulative_confirmed_cases__daily,Goma,1
2026-07-01,insp_sitrep__cumulative_confirmed_cases__daily,Kalunguta,2
2026-07-01,insp_sitrep__cumulative_confirmed_cases__daily,Kambala,2
2026-07-01,insp_sitrep__cumulative_confirmed_cases__daily,Katwa,49
2026-07-01,insp_sitrep__cumulative_confirmed_cases__daily,Kilo,9
2026-07-01,insp_sitrep__cumulative_confirmed_cases__daily,Komanda,19
2026-07-01,insp_sitrep__cumulative_confirmed_cases__daily,Kyondo,3
2026-07-01,insp_sitrep__cumulative_confirmed_cases__daily,Lita,32
2026-07-01,insp_sitrep__cumulative_confirmed_cases__daily,Logo,7
2026-07-01,insp_sitrep__cumulative_confirmed_cases__daily,Lolwa,1
2026-07-01,insp_sitrep__cumulative_confirmed_cases__daily,Mabalako,1
2026-07-01,insp_sitrep__cumulative_confirmed_cases__daily,Mambasa,2
2026-07-01,insp_sitrep__cumulative_confirmed_cases__daily,Mandima,2
2026-07-01,insp_sitrep__cumulative_confirmed_cases__daily,Mangala,24
2026-07-01,insp_sitrep__cumulative_confirmed_cases__daily,Masereka,1
2026-07-01,insp_sitrep__cumulative_confirmed_cases__daily,Miti Murhesa,3
2026-07-01,insp_sitrep__cumulative_confirmed_cases__daily,Mongbwalu,270
2026-07-01,insp_sitrep__cumulative_confirmed_cases__daily,Musienene,3
2026-07-01,insp_sitrep__cumulative_confirmed_cases__daily,NA,17
2026-07-01,insp_sitrep__cumulative_confirmed_cases__daily,Nia Nia,12
2026-07-01,insp_sitrep__cumulative_confirmed_cases__daily,Nizi,65
2026-07-01,insp_sitrep__cumulative_confirmed_cases__daily,Nyankunde,95
2026-07-01,insp_sitrep__cumulative_confirmed_cases__daily,Oicha,3
2026-07-01,insp_sitrep__cumulative_confirmed_cases__daily,Rimba,3
2026-07-01,insp_sitrep__cumulative_confirmed_cases__daily,Rwampara,308
2026-07-01,insp_sitrep__cumulative_confirmed_cases__daily,Tchomia,14
2026-07-01,insp_sitrep__cumulative_confirmed_cases__daily,Vuhovi,1
2026-07-01,insp_sitrep__cumulative_confirmed_deaths__daily,Aru,1
2026-07-01,insp_sitrep__cumulative_confirmed_deaths__daily,Aungba,2
2026-07-01,insp_sitrep__cumulative_confirmed_deaths__daily,Bambu,5
2026-07-01,insp_sitrep__cumulative_confirmed_deaths__daily,Beni,15
2026-07-01,insp_sitrep__cumulative_confirmed_deaths__daily,Bunia,103
2026-07-01,insp_sitrep__cumulative_confirmed_deaths__daily,Butembo,15
2026-07-01,insp_sitrep__cumulative_confirmed_deaths__daily,Damas,0
2026-07-01,insp_sitrep__cumulative_confirmed_deaths__daily,Drodro,3
2026-07-01,insp_sitrep__cumulative_confirmed_deaths__daily,Fataki,0
2026-07-01,insp_sitrep__cumulative_confirmed_deaths__daily,Gety,0
2026-07-01,insp_sitrep__cumulative_confirmed_deaths__daily,Goma,0
2026-07-01,insp_sitrep__cumulative_confirmed_deaths__daily,Kalunguta,1
2026-07-01,insp_sitrep__cumulative_confirmed_deaths__daily,Kambala,2
2026-07-01,insp_sitrep__cumulative_confirmed_deaths__daily,Katwa,33
2026-07-01,insp_sitrep__cumulative_confirmed_deaths__daily,Kilo,1
2026-07-01,insp_sitrep__cumulative_confirmed_deaths__daily,Komanda,5
2026-07-01,insp_sitrep__cumulative_confirmed_deaths__daily,Kyondo,2
2026-07-01,insp_sitrep__cumulative_confirmed_deaths__daily,Lita,11
2026-07-01,insp_sitrep__cumulative_confirmed_deaths__daily,Logo,0
2026-07-01,insp_sitrep__cumulative_confirmed_deaths__daily,Lolwa,1
2026-07-01,insp_sitrep__cumulative_confirmed_deaths__daily,Mabalako,0
2026-07-01,insp_sitrep__cumulative_confirmed_deaths__daily,Mambasa,1
2026-07-01,insp_sitrep__cumulative_confirmed_deaths__daily,Mandima,1
2026-07-01,insp_sitrep__cumulative_confirmed_deaths__daily,Mangala,12
2026-07-01,insp_sitrep__cumulative_confirmed_deaths__daily,Masereka,0
2026-07-01,insp_sitrep__cumulative_confirmed_deaths__daily,Miti Murhesa,1
2026-07-01,insp_sitrep__cumulative_confirmed_deaths__daily,Mongbwalu,127
2026-07-01,insp_sitrep__cumulative_confirmed_deaths__daily,Musienene,2
2026-07-01,insp_sitrep__cumulative_confirmed_deaths__daily,NA,0
2026-07-01,insp_sitrep__cumulative_confirmed_deaths__daily,Nia Nia,5
2026-07-01,insp_sitrep__cumulative_confirmed_deaths__daily,Nizi,19
2026-07-01,insp_sitrep__cumulative_confirmed_deaths__daily,Nyankunde,16
2026-07-01,insp_sitrep__cumulative_confirmed_deaths__daily,Oicha,2
2026-07-01,insp_sitrep__cumulative_confirmed_deaths__daily,Rimba,0
2026-07-01,insp_sitrep__cumulative_confirmed_deaths__daily,Rwampara,63
2026-07-01,insp_sitrep__cumulative_confirmed_deaths__daily,Tchomia,2
2026-07-01,insp_sitrep__cumulative_confirmed_deaths__daily,Vuhovi,1
2026-07-01,insp_sitrep__national_cumulative_confirmed_cases__daily,DRC,1460
2026-07-01,insp_sitrep__national_cumulative_confirmed_deaths__daily,DRC,452
2026-07-01,insp_sitrep__national_cumulative_suspected_cases__daily,DRC,150
2026-07-02,insp_sitrep__cumulative_confirmed_cases__daily,Aru,3
2026-07-02,insp_sitrep__cumulative_confirmed_cases__daily,Aungba,6
2026-07-02,insp_sitrep__cumulative_confirmed_cases__daily,Bambu,18
2026-07-02,insp_sitrep__cumulative_confirmed_cases__daily,Beni,28
2026-07-02,insp_sitrep__cumulative_confirmed_cases__daily,Bunia,426
2026-07-02,insp_sitrep__cumulative_confirmed_cases__daily,Butembo,38
2026-07-02,insp_sitrep__cumulative_confirmed_cases__daily,Damas,5
2026-07-02,insp_sitrep__cumulative_confirmed_cases__daily,Drodro,3
2026-07-02,insp_sitrep__cumulative_confirmed_cases__daily,Fataki,1
2026-07-02,insp_sitrep__cumulative_confirmed_cases__daily,Gety,1
2026-07-02,insp_sitrep__cumulative_confirmed_cases__daily,Goma,2
2026-07-02,insp_sitrep__cumulative_confirmed_cases__daily,Kalunguta,2
2026-07-02,insp_sitrep__cumulative_confirmed_cases__daily,Kambala,2
2026-07-02,insp_sitrep__cumulative_confirmed_cases__daily,Katwa,51
2026-07-02,insp_sitrep__cumulative_confirmed_cases__daily,Kilo,9
2026-07-02,insp_sitrep__cumulative_confirmed_cases__daily,Komanda,19
2026-07-02,insp_sitrep__cumulative_confirmed_cases__daily,Kyondo,3
2026-07-02,insp_sitrep__cumulative_confirmed_cases__daily,Lita,33
2026-07-02,insp_sitrep__cumulative_confirmed_cases__daily,Logo,7
2026-07-02,insp_sitrep__cumulative_confirmed_cases__daily,Lolwa,1
2026-07-02,insp_sitrep__cumulative_confirmed_cases__daily,Mabalako,1
2026-07-02,insp_sitrep__cumulative_confirmed_cases__daily,Mambasa,2
2026-07-02,insp_sitrep__cumulative_confirmed_cases__daily,Mandima,4
2026-07-02,insp_sitrep__cumulative_confirmed_cases__daily,Mangala,24
2026-07-02,insp_sitrep__cumulative_confirmed_cases__daily,Masereka,1
2026-07-02,insp_sitrep__cumulative_confirmed_cases__daily,Miti Murhesa,3
2026-07-02,insp_sitrep__cumulative_confirmed_cases__daily,Mongbwalu,273
2026-07-02,insp_sitrep__cumulative_confirmed_cases__daily,Musienene,3
2026-07-02,insp_sitrep__cumulative_confirmed_cases__daily,NA,17
2026-07-02,insp_sitrep__cumulative_confirmed_cases__daily,Nia Nia,12
2026-07-02,insp_sitrep__cumulative_confirmed_cases__daily,Nizi,65
2026-07-02,insp_sitrep__cumulative_confirmed_cases__daily,Nyankunde,95
2026-07-02,insp_sitrep__cumulative_confirmed_cases__daily,Oicha,3
2026-07-02,insp_sitrep__cumulative_confirmed_cases__daily,Rimba,3
2026-07-02,insp_sitrep__cumulative_confirmed_cases__daily,Rwampara,322
2026-07-02,insp_sitrep__cumulative_confirmed_cases__daily,Tchomia,15
2026-07-02,insp_sitrep__cumulative_confirmed_cases__daily,Vuhovi,1
2026-07-02,insp_sitrep__cumulative_confirmed_deaths__daily,Aru,1
2026-07-02,insp_sitrep__cumulative_confirmed_deaths__daily,Aungba,2
2026-07-02,insp_sitrep__cumulative_confirmed_deaths__daily,Bambu,5
2026-07-02,insp_sitrep__cumulative_confirmed_deaths__daily,Beni,16
2026-07-02,insp_sitrep__cumulative_confirmed_deaths__daily,Bunia,106
2026-07-02,insp_sitrep__cumulative_confirmed_deaths__daily,Butembo,16
2026-07-02,insp_sitrep__cumulative_confirmed_deaths__daily,Damas,0
2026-07-02,insp_sitrep__cumulative_confirmed_deaths__daily,Drodro,3
2026-07-02,insp_sitrep__cumulative_confirmed_deaths__daily,Fataki,0
2026-07-02,insp_sitrep__cumulative_confirmed_deaths__daily,Gety,0
2026-07-02,insp_sitrep__cumulative_confirmed_deaths__daily,Goma,0
2026-07-02,insp_sitrep__cumulative_confirmed_deaths__daily,Kalunguta,1
2026-07-02,insp_sitrep__cumulative_confirmed_deaths__daily,Kambala,2
2026-07-02,insp_sitrep__cumulative_confirmed_deaths__daily,Katwa,35
2026-07-02,insp_sitrep__cumulative_confirmed_deaths__daily,Kilo,1
2026-07-02,insp_sitrep__cumulative_confirmed_deaths__daily,Komanda,5
2026-07-02,insp_sitrep__cumulative_confirmed_deaths__daily,Kyondo,2
2026-07-02,insp_sitrep__cumulative_confirmed_deaths__daily,Lita,12
2026-07-02,insp_sitrep__cumulative_confirmed_deaths__daily,Logo,0
2026-07-02,insp_sitrep__cumulative_confirmed_deaths__daily,Lolwa,1
2026-07-02,insp_sitrep__cumulative_confirmed_deaths__daily,Mabalako,0
2026-07-02,insp_sitrep__cumulative_confirmed_deaths__daily,Mambasa,1
2026-07-02,insp_sitrep__cumulative_confirmed_deaths__daily,Mandima,1
2026-07-02,insp_sitrep__cumulative_confirmed_deaths__daily,Mangala,12
2026-07-02,insp_sitrep__cumulative_confirmed_deaths__daily,Masereka,0
2026-07-02,insp_sitrep__cumulative_confirmed_deaths__daily,Miti Murhesa,1
2026-07-02,insp_sitrep__cumulative_confirmed_deaths__daily,Mongbwalu,136
2026-07-02,insp_sitrep__cumulative_confirmed_deaths__daily,Musienene,2
2026-07-02,insp_sitrep__cumulative_confirmed_deaths__daily,NA,0
2026-07-02,insp_sitrep__cumulative_confirmed_deaths__daily,Nia Nia,5
2026-07-02,insp_sitrep__cumulative_confirmed_deaths__daily,Nizi,19
2026-07-02,insp_sitrep__cumulative_confirmed_deaths__daily,Nyankunde,16
2026-07-02,insp_sitrep__cumulative_confirmed_deaths__daily,Oicha,2
2026-07-02,insp_sitrep__cumulative_confirmed_deaths__daily,Rimba,0
2026-07-02,insp_sitrep__cumulative_confirmed_deaths__daily,Rwampara,67
2026-07-02,insp_sitrep__cumulative_confirmed_deaths__daily,Tchomia,2
2026-07-02,insp_sitrep__cumulative_confirmed_deaths__daily,Vuhovi,1
2026-07-02,insp_sitrep__national_cumulative_confirmed_cases__daily,DRC,1502
2026-07-02,insp_sitrep__national_cumulative_confirmed_deaths__daily,DRC,473
2026-07-02,insp_sitrep__national_cumulative_suspected_cases__daily,DRC,213
2026-07-03,insp_sitrep__cumulative_confirmed_cases__daily,Aru,3
2026-07-03,insp_sitrep__cumulative_confirmed_cases__daily,Aungba,6
2026-07-03,insp_sitrep__cumulative_confirmed_cases__daily,Bambu,18
2026-07-03,insp_sitrep__cumulative_confirmed_cases__daily,Beni,29
2026-07-03,insp_sitrep__cumulative_confirmed_cases__daily,Bunia,431
2026-07-03,insp_sitrep__cumulative_confirmed_cases__daily,Butembo,40
2026-07-03,insp_sitrep__cumulative_confirmed_cases__daily,Damas,5
2026-07-03,insp_sitrep__cumulative_confirmed_cases__daily,Drodro,3
2026-07-03,insp_sitrep__cumulative_confirmed_cases__daily,Fataki,1
2026-07-03,insp_sitrep__cumulative_confirmed_cases__daily,Gety,1
2026-07-03,insp_sitrep__cumulative_confirmed_cases__daily,Goma,1
2026-07-03,insp_sitrep__cumulative_confirmed_cases__daily,Kalunguta,2
2026-07-03,insp_sitrep__cumulative_confirmed_cases__daily,Kambala,2
2026-07-03,insp_sitrep__cumulative_confirmed_cases__daily,Katwa,51
2026-07-03,insp_sitrep__cumulative_confirmed_cases__daily,Kilo,9
2026-07-03,insp_sitrep__cumulative_confirmed_cases__daily,Komanda,19
2026-07-03,insp_sitrep__cumulative_confirmed_cases__daily,Kyondo,4
2026-07-03,insp_sitrep__cumulative_confirmed_cases__daily,Lita,33
2026-07-03,insp_sitrep__cumulative_confirmed_cases__daily,Logo,7
2026-07-03,insp_sitrep__cumulative_confirmed_cases__daily,Lolwa,1
2026-07-03,insp_sitrep__cumulative_confirmed_cases__daily,Mabalako,1
2026-07-03,insp_sitrep__cumulative_confirmed_cases__daily,Mambasa,2
2026-07-03,insp_sitrep__cumulative_confirmed_cases__daily,Mandima,4
2026-07-03,insp_sitrep__cumulative_confirmed_cases__daily,Mangala,26
2026-07-03,insp_sitrep__cumulative_confirmed_cases__daily,Masereka,2
2026-07-03,insp_sitrep__cumulative_confirmed_cases__daily,Miti Murhesa,3
2026-07-03,insp_sitrep__cumulative_confirmed_cases__daily,Mongbwalu,276
2026-07-03,insp_sitrep__cumulative_confirmed_cases__daily,Musienene,4
2026-07-03,insp_sitrep__cumulative_confirmed_cases__daily,NA,17
2026-07-03,insp_sitrep__cumulative_confirmed_cases__daily,Nia Nia,12
2026-07-03,insp_sitrep__cumulative_confirmed_cases__daily,Nizi,65
2026-07-03,insp_sitrep__cumulative_confirmed_cases__daily,Nyankunde,95
2026-07-03,insp_sitrep__cumulative_confirmed_cases__daily,Oicha,3
2026-07-03,insp_sitrep__cumulative_confirmed_cases__daily,Rimba,3
2026-07-03,insp_sitrep__cumulative_confirmed_cases__daily,Rwampara,333
2026-07-03,insp_sitrep__cumulative_confirmed_cases__daily,Tchomia,15
2026-07-03,insp_sitrep__cumulative_confirmed_cases__daily,Vuhovi,1
2026-07-03,insp_sitrep__cumulative_confirmed_deaths__daily,Aru,1
2026-07-03,insp_sitrep__cumulative_confirmed_deaths__daily,Aungba,2
2026-07-03,insp_sitrep__cumulative_confirmed_deaths__daily,Bambu,5
2026-07-03,insp_sitrep__cumulative_confirmed_deaths__daily,Beni,17
2026-07-03,insp_sitrep__cumulative_confirmed_deaths__daily,Bunia,112
2026-07-03,insp_sitrep__cumulative_confirmed_deaths__daily,Butembo,18
2026-07-03,insp_sitrep__cumulative_confirmed_deaths__daily,Damas,0
2026-07-03,insp_sitrep__cumulative_confirmed_deaths__daily,Drodro,3
2026-07-03,insp_sitrep__cumulative_confirmed_deaths__daily,Fataki,0
2026-07-03,insp_sitrep__cumulative_confirmed_deaths__daily,Gety,0
2026-07-03,insp_sitrep__cumulative_confirmed_deaths__daily,Goma,0
2026-07-03,insp_sitrep__cumulative_confirmed_deaths__daily,Kalunguta,1
2026-07-03,insp_sitrep__cumulative_confirmed_deaths__daily,Kambala,2
2026-07-03,insp_sitrep__cumulative_confirmed_deaths__daily,Katwa,37
2026-07-03,insp_sitrep__cumulative_confirmed_deaths__daily,Kilo,1
2026-07-03,insp_sitrep__cumulative_confirmed_deaths__daily,Komanda,5
2026-07-03,insp_sitrep__cumulative_confirmed_deaths__daily,Kyondo,2
2026-07-03,insp_sitrep__cumulative_confirmed_deaths__daily,Lita,12
2026-07-03,insp_sitrep__cumulative_confirmed_deaths__daily,Logo,0
2026-07-03,insp_sitrep__cumulative_confirmed_deaths__daily,Lolwa,1
2026-07-03,insp_sitrep__cumulative_confirmed_deaths__daily,Mabalako,0
2026-07-03,insp_sitrep__cumulative_confirmed_deaths__daily,Mambasa,1
2026-07-03,insp_sitrep__cumulative_confirmed_deaths__daily,Mandima,1
2026-07-03,insp_sitrep__cumulative_confirmed_deaths__daily,Mangala,14
2026-07-03,insp_sitrep__cumulative_confirmed_deaths__daily,Masereka,0
2026-07-03,insp_sitrep__cumulative_confirmed_deaths__daily,Miti Murhesa,1
2026-07-03,insp_sitrep__cumulative_confirmed_deaths__daily,Mongbwalu,139
2026-07-03,insp_sitrep__cumulative_confirmed_deaths__daily,Musienene,2
2026-07-03,insp_sitrep__cumulative_confirmed_deaths__daily,NA,0
2026-07-03,insp_sitrep__cumulative_confirmed_deaths__daily,Nia Nia,5
2026-07-03,insp_sitrep__cumulative_confirmed_deaths__daily,Nizi,19
2026-07-03,insp_sitrep__cumulative_confirmed_deaths__daily,Nyankunde,17
2026-07-03,insp_sitrep__cumulative_confirmed_deaths__daily,Oicha,2
2026-07-03,insp_sitrep__cumulative_confirmed_deaths__daily,Rimba,0
2026-07-03,insp_sitrep__cumulative_confirmed_deaths__daily,Rwampara,69
2026-07-03,insp_sitrep__cumulative_confirmed_deaths__daily,Tchomia,2
2026-07-03,insp_sitrep__cumulative_confirmed_deaths__daily,Vuhovi,1
2026-07-03,insp_sitrep__national_cumulative_confirmed_cases__daily,DRC,1528
2026-07-03,insp_sitrep__national_cumulative_confirmed_deaths__daily,DRC,492
2026-07-03,insp_sitrep__national_cumulative_suspected_cases__daily,DRC,185
2026-07-04,insp_sitrep__cumulative_confirmed_cases__daily,Aru,3
2026-07-04,insp_sitrep__cumulative_confirmed_cases__daily,Aungba,6
2026-07-04,insp_sitrep__cumulative_confirmed_cases__daily,Bambu,18
2026-07-04,insp_sitrep__cumulative_confirmed_cases__daily,Beni,29
2026-07-04,insp_sitrep__cumulative_confirmed_cases__daily,Bunia,438
2026-07-04,insp_sitrep__cumulative_confirmed_cases__daily,Butembo,40
2026-07-04,insp_sitrep__cumulative_confirmed_cases__daily,Damas,5
2026-07-04,insp_sitrep__cumulative_confirmed_cases__daily,Drodro,3
2026-07-04,insp_sitrep__cumulative_confirmed_cases__daily,Fataki,1
2026-07-04,insp_sitrep__cumulative_confirmed_cases__daily,Gety,1
2026-07-04,insp_sitrep__cumulative_confirmed_cases__daily,Goma,1
2026-07-04,insp_sitrep__cumulative_confirmed_cases__daily,Kalunguta,2
2026-07-04,insp_sitrep__cumulative_confirmed_cases__daily,Kambala,2
2026-07-04,insp_sitrep__cumulative_confirmed_cases__daily,Katwa,52
2026-07-04,insp_sitrep__cumulative_confirmed_cases__daily,Kilo,9
2026-07-04,insp_sitrep__cumulative_confirmed_cases__daily,Komanda,22
2026-07-04,insp_sitrep__cumulative_confirmed_cases__daily,Kyondo,4
2026-07-04,insp_sitrep__cumulative_confirmed_cases__daily,Lita,33
2026-07-04,insp_sitrep__cumulative_confirmed_cases__daily,Logo,7
2026-07-04,insp_sitrep__cumulative_confirmed_cases__daily,Lolwa,1
2026-07-04,insp_sitrep__cumulative_confirmed_cases__daily,Mabalako,1
2026-07-04,insp_sitrep__cumulative_confirmed_cases__daily,Mambasa,2
2026-07-04,insp_sitrep__cumulative_confirmed_cases__daily,Mandima,4
2026-07-04,insp_sitrep__cumulative_confirmed_cases__daily,Mangala,26
2026-07-04,insp_sitrep__cumulative_confirmed_cases__daily,Masereka,2
2026-07-04,insp_sitrep__cumulative_confirmed_cases__daily,Miti Murhesa,3
2026-07-04,insp_sitrep__cumulative_confirmed_cases__daily,Mongbwalu,278
2026-07-04,insp_sitrep__cumulative_confirmed_cases__daily,Musienene,6
2026-07-04,insp_sitrep__cumulative_confirmed_cases__daily,NA,17
2026-07-04,insp_sitrep__cumulative_confirmed_cases__daily,Nia Nia,12
2026-07-04,insp_sitrep__cumulative_confirmed_cases__daily,Nizi,72
2026-07-04,insp_sitrep__cumulative_confirmed_cases__daily,Nyankunde,95
2026-07-04,insp_sitrep__cumulative_confirmed_cases__daily,Oicha,3
2026-07-04,insp_sitrep__cumulative_confirmed_cases__daily,Rimba,3
2026-07-04,insp_sitrep__cumulative_confirmed_cases__daily,Rwampara,344
2026-07-04,insp_sitrep__cumulative_confirmed_cases__daily,Tchomia,15
2026-07-04,insp_sitrep__cumulative_confirmed_cases__daily,Vuhovi,1
2026-07-04,insp_sitrep__cumulative_confirmed_deaths__daily,Aru,1
2026-07-04,insp_sitrep__cumulative_confirmed_deaths__daily,Aungba,2
2026-07-04,insp_sitrep__cumulative_confirmed_deaths__daily,Bambu,5
2026-07-04,insp_sitrep__cumulative_confirmed_deaths__daily,Beni,17
2026-07-04,insp_sitrep__cumulative_confirmed_deaths__daily,Bunia,118
2026-07-04,insp_sitrep__cumulative_confirmed_deaths__daily,Butembo,18
2026-07-04,insp_sitrep__cumulative_confirmed_deaths__daily,Damas,0
2026-07-04,insp_sitrep__cumulative_confirmed_deaths__daily,Drodro,3
2026-07-04,insp_sitrep__cumulative_confirmed_deaths__daily,Fataki,0
2026-07-04,insp_sitrep__cumulative_confirmed_deaths__daily,Gety,0
2026-07-04,insp_sitrep__cumulative_confirmed_deaths__daily,Goma,0
2026-07-04,insp_sitrep__cumulative_confirmed_deaths__daily,Kalunguta,1
2026-07-04,insp_sitrep__cumulative_confirmed_deaths__daily,Kambala,2
2026-07-04,insp_sitrep__cumulative_confirmed_deaths__daily,Katwa,38
2026-07-04,insp_sitrep__cumulative_confirmed_deaths__daily,Kilo,1
2026-07-04,insp_sitrep__cumulative_confirmed_deaths__daily,Komanda,8
2026-07-04,insp_sitrep__cumulative_confirmed_deaths__daily,Kyondo,2
2026-07-04,insp_sitrep__cumulative_confirmed_deaths__daily,Lita,12
2026-07-04,insp_sitrep__cumulative_confirmed_deaths__daily,Logo,0
2026-07-04,insp_sitrep__cumulative_confirmed_deaths__daily,Lolwa,1
2026-07-04,insp_sitrep__cumulative_confirmed_deaths__daily,Mabalako,0
2026-07-04,insp_sitrep__cumulative_confirmed_deaths__daily,Mambasa,1
2026-07-04,insp_sitrep__cumulative_confirmed_deaths__daily,Mandima,1
2026-07-04,insp_sitrep__cumulative_confirmed_deaths__daily,Mangala,14
2026-07-04,insp_sitrep__cumulative_confirmed_deaths__daily,Masereka,0
2026-07-04,insp_sitrep__cumulative_confirmed_deaths__daily,Miti Murhesa,1
2026-07-04,insp_sitrep__cumulative_confirmed_deaths__daily,Mongbwalu,141
2026-07-04,insp_sitrep__cumulative_confirmed_deaths__daily,Musienene,2
2026-07-04,insp_sitrep__cumulative_confirmed_deaths__daily,NA,0
2026-07-04,insp_sitrep__cumulative_confirmed_deaths__daily,Nia Nia,5
2026-07-04,insp_sitrep__cumulative_confirmed_deaths__daily,Nizi,19
2026-07-04,insp_sitrep__cumulative_confirmed_deaths__daily,Nyankunde,17
2026-07-04,insp_sitrep__cumulative_confirmed_deaths__daily,Oicha,2
2026-07-04,insp_sitrep__cumulative_confirmed_deaths__daily,Rimba,0
2026-07-04,insp_sitrep__cumulative_confirmed_deaths__daily,Rwampara,71
2026-07-04,insp_sitrep__cumulative_confirmed_deaths__daily,Tchomia,2
2026-07-04,insp_sitrep__cumulative_confirmed_deaths__daily,Vuhovi,1
2026-07-04,insp_sitrep__national_cumulative_confirmed_cases__daily,DRC,1561
2026-07-04,insp_sitrep__national_cumulative_confirmed_deaths__daily,DRC,506
2026-07-04,insp_sitrep__national_cumulative_suspected_cases__daily,DRC,354
2026-07-05,insp_sitrep__cumulative_confirmed_cases__daily,Aru,3
2026-07-05,insp_sitrep__cumulative_confirmed_cases__daily,Aungba,6
2026-07-05,insp_sitrep__cumulative_confirmed_cases__daily,Bambu,25
2026-07-05,insp_sitrep__cumulative_confirmed_cases__daily,Beni,29
2026-07-05,insp_sitrep__cumulative_confirmed_cases__daily,Bunia,452
2026-07-05,insp_sitrep__cumulative_confirmed_cases__daily,Butembo,40
2026-07-05,insp_sitrep__cumulative_confirmed_cases__daily,Damas,5
2026-07-05,insp_sitrep__cumulative_confirmed_cases__daily,Drodro,3
2026-07-05,insp_sitrep__cumulative_confirmed_cases__daily,Fataki,2
2026-07-05,insp_sitrep__cumulative_confirmed_cases__daily,Gety,1
2026-07-05,insp_sitrep__cumulative_confirmed_cases__daily,Goma,1
2026-07-05,insp_sitrep__cumulative_confirmed_cases__daily,Kalunguta,2
2026-07-05,insp_sitrep__cumulative_confirmed_cases__daily,Kambala,2
2026-07-05,insp_sitrep__cumulative_confirmed_cases__daily,Katwa,52
2026-07-05,insp_sitrep__cumulative_confirmed_cases__daily,Kilo,9
2026-07-05,insp_sitrep__cumulative_confirmed_cases__daily,Komanda,22
2026-07-05,insp_sitrep__cumulative_confirmed_cases__daily,Kyondo,4
2026-07-05,insp_sitrep__cumulative_confirmed_cases__daily,Lita,33
2026-07-05,insp_sitrep__cumulative_confirmed_cases__daily,Logo,7
2026-07-05,insp_sitrep__cumulative_confirmed_cases__daily,Lolwa,1
2026-07-05,insp_sitrep__cumulative_confirmed_cases__daily,Mabalako,1
2026-07-05,insp_sitrep__cumulative_confirmed_cases__daily,Mambasa,2
2026-07-05,insp_sitrep__cumulative_confirmed_cases__daily,Mandima,4
2026-07-05,insp_sitrep__cumulative_confirmed_cases__daily,Mangala,33
2026-07-05,insp_sitrep__cumulative_confirmed_cases__daily,Masereka,3
2026-07-05,insp_sitrep__cumulative_confirmed_cases__daily,Miti Murhesa,3
2026-07-05,insp_sitrep__cumulative_confirmed_cases__daily,Mongbwalu,288
2026-07-05,insp_sitrep__cumulative_confirmed_cases__daily,Musienene,8
2026-07-05,insp_sitrep__cumulative_confirmed_cases__daily,NA,17
2026-07-05,insp_sitrep__cumulative_confirmed_cases__daily,Nia Nia,20
2026-07-05,insp_sitrep__cumulative_confirmed_cases__daily,Nizi,78
2026-07-05,insp_sitrep__cumulative_confirmed_cases__daily,Nyankunde,96
2026-07-05,insp_sitrep__cumulative_confirmed_cases__daily,Oicha,3
2026-07-05,insp_sitrep__cumulative_confirmed_cases__daily,Rimba,4
2026-07-05,insp_sitrep__cumulative_confirmed_cases__daily,Rwampara,349
2026-07-05,insp_sitrep__cumulative_confirmed_cases__daily,Tchomia,15
2026-07-05,insp_sitrep__cumulative_confirmed_cases__daily,Vuhovi,1
2026-07-05,insp_sitrep__cumulative_confirmed_deaths__daily,Aru,1
2026-07-05,insp_sitrep__cumulative_confirmed_deaths__daily,Aungba,2
2026-07-05,insp_sitrep__cumulative_confirmed_deaths__daily,Bambu,6
2026-07-05,insp_sitrep__cumulative_confirmed_deaths__daily,Beni,17
2026-07-05,insp_sitrep__cumulative_confirmed_deaths__daily,Bunia,121
2026-07-05,insp_sitrep__cumulative_confirmed_deaths__daily,Butembo,18
2026-07-05,insp_sitrep__cumulative_confirmed_deaths__daily,Damas,0
2026-07-05,insp_sitrep__cumulative_confirmed_deaths__daily,Drodro,3
2026-07-05,insp_sitrep__cumulative_confirmed_deaths__daily,Fataki,0
2026-07-05,insp_sitrep__cumulative_confirmed_deaths__daily,Gety,0
2026-07-05,insp_sitrep__cumulative_confirmed_deaths__daily,Goma,0
2026-07-05,insp_sitrep__cumulative_confirmed_deaths__daily,Kalunguta,1
2026-07-05,insp_sitrep__cumulative_confirmed_deaths__daily,Kambala,2
2026-07-05,insp_sitrep__cumulative_confirmed_deaths__daily,Katwa,38
2026-07-05,insp_sitrep__cumulative_confirmed_deaths__daily,Kilo,1
2026-07-05,insp_sitrep__cumulative_confirmed_deaths__daily,Komanda,8
2026-07-05,insp_sitrep__cumulative_confirmed_deaths__daily,Kyondo,2
2026-07-05,insp_sitrep__cumulative_confirmed_deaths__daily,Lita,12
2026-07-05,insp_sitrep__cumulative_confirmed_deaths__daily,Logo,0
2026-07-05,insp_sitrep__cumulative_confirmed_deaths__daily,Lolwa,1
2026-07-05,insp_sitrep__cumulative_confirmed_deaths__daily,Mabalako,0
2026-07-05,insp_sitrep__cumulative_confirmed_deaths__daily,Mambasa,1
2026-07-05,insp_sitrep__cumulative_confirmed_deaths__daily,Mandima,1
2026-07-05,insp_sitrep__cumulative_confirmed_deaths__daily,Mangala,14
2026-07-05,insp_sitrep__cumulative_confirmed_deaths__daily,Masereka,0
2026-07-05,insp_sitrep__cumulative_confirmed_deaths__daily,Miti Murhesa,1
2026-07-05,insp_sitrep__cumulative_confirmed_deaths__daily,Mongbwalu,149
2026-07-05,insp_sitrep__cumulative_confirmed_deaths__daily,Musienene,2
2026-07-05,insp_sitrep__cumulative_confirmed_deaths__daily,NA,0
2026-07-05,insp_sitrep__cumulative_confirmed_deaths__daily,Nia Nia,5
2026-07-05,insp_sitrep__cumulative_confirmed_deaths__daily,Nizi,19
2026-07-05,insp_sitrep__cumulative_confirmed_deaths__daily,Nyankunde,19
2026-07-05,insp_sitrep__cumulative_confirmed_deaths__daily,Oicha,2
2026-07-05,insp_sitrep__cumulative_confirmed_deaths__daily,Rimba,0
2026-07-05,insp_sitrep__cumulative_confirmed_deaths__daily,Rwampara,72
2026-07-05,insp_sitrep__cumulative_confirmed_deaths__daily,Tchomia,2
2026-07-05,insp_sitrep__cumulative_confirmed_deaths__daily,Vuhovi,1
2026-07-05,insp_sitrep__national_cumulative_confirmed_cases__daily,DRC,1624
2026-07-05,insp_sitrep__national_cumulative_confirmed_deaths__daily,DRC,521
2026-07-05,insp_sitrep__national_cumulative_suspected_cases__daily,DRC,135
2026-07-06,insp_sitrep__cumulative_confirmed_cases__daily,Aru,3
2026-07-06,insp_sitrep__cumulative_confirmed_cases__daily,Aungba,6
2026-07-06,insp_sitrep__cumulative_confirmed_cases__daily,Bambu,28
2026-07-06,insp_sitrep__cumulative_confirmed_cases__daily,Beni,29
2026-07-06,insp_sitrep__cumulative_confirmed_cases__daily,Boga,1
2026-07-06,insp_sitrep__cumulative_confirmed_cases__daily,Bunia,472
2026-07-06,insp_sitrep__cumulative_confirmed_cases__daily,Butembo,41
2026-07-06,insp_sitrep__cumulative_confirmed_cases__daily,Damas,5
2026-07-06,insp_sitrep__cumulative_confirmed_cases__daily,Drodro,3
2026-07-06,insp_sitrep__cumulative_confirmed_cases__daily,Fataki,3
2026-07-06,insp_sitrep__cumulative_confirmed_cases__daily,Gety,1
2026-07-06,insp_sitrep__cumulative_confirmed_cases__daily,Goma,1
2026-07-06,insp_sitrep__cumulative_confirmed_cases__daily,Kalunguta,2
2026-07-06,insp_sitrep__cumulative_confirmed_cases__daily,Kambala,2
2026-07-06,insp_sitrep__cumulative_confirmed_cases__daily,Katwa,56
2026-07-06,insp_sitrep__cumulative_confirmed_cases__daily,Kilo,9
2026-07-06,insp_sitrep__cumulative_confirmed_cases__daily,Komanda,23
2026-07-06,insp_sitrep__cumulative_confirmed_cases__daily,Kyondo,4
2026-07-06,insp_sitrep__cumulative_confirmed_cases__daily,Lita,40
2026-07-06,insp_sitrep__cumulative_confirmed_cases__daily,Logo,7
2026-07-06,insp_sitrep__cumulative_confirmed_cases__daily,Lolwa,1
2026-07-06,insp_sitrep__cumulative_confirmed_cases__daily,Mabalako,1
2026-07-06,insp_sitrep__cumulative_confirmed_cases__daily,Mambasa,4
2026-07-06,insp_sitrep__cumulative_confirmed_cases__daily,Mandima,5
2026-07-06,insp_sitrep__cumulative_confirmed_cases__daily,Mangala,39
2026-07-06,insp_sitrep__cumulative_confirmed_cases__daily,Masereka,3
2026-07-06,insp_sitrep__cumulative_confirmed_cases__daily,Miti Murhesa,3
2026-07-06,insp_sitrep__cumulative_confirmed_cases__daily,Mongbwalu,298
2026-07-06,insp_sitrep__cumulative_confirmed_cases__daily,Musienene,8
2026-07-06,insp_sitrep__cumulative_confirmed_cases__daily,NA,17
2026-07-06,insp_sitrep__cumulative_confirmed_cases__daily,Nia Nia,33
2026-07-06,insp_sitrep__cumulative_confirmed_cases__daily,Nizi,84
2026-07-06,insp_sitrep__cumulative_confirmed_cases__daily,Nyankunde,96
2026-07-06,insp_sitrep__cumulative_confirmed_cases__daily,Oicha,3
2026-07-06,insp_sitrep__cumulative_confirmed_cases__daily,Rimba,4
2026-07-06,insp_sitrep__cumulative_confirmed_cases__daily,Rwampara,357
2026-07-06,insp_sitrep__cumulative_confirmed_cases__daily,Tchomia,15
2026-07-06,insp_sitrep__cumulative_confirmed_cases__daily,Vuhovi,1
2026-07-06,insp_sitrep__cumulative_confirmed_deaths__daily,Aru,1
2026-07-06,insp_sitrep__cumulative_confirmed_deaths__daily,Aungba,2
2026-07-06,insp_sitrep__cumulative_confirmed_deaths__daily,Bambu,9
2026-07-06,insp_sitrep__cumulative_confirmed_deaths__daily,Beni,19
2026-07-06,insp_sitrep__cumulative_confirmed_deaths__daily,Boga,1
2026-07-06,insp_sitrep__cumulative_confirmed_deaths__daily,Bunia,134
2026-07-06,insp_sitrep__cumulative_confirmed_deaths__daily,Butembo,20
2026-07-06,insp_sitrep__cumulative_confirmed_deaths__daily,Damas,0
2026-07-06,insp_sitrep__cumulative_confirmed_deaths__daily,Drodro,3
2026-07-06,insp_sitrep__cumulative_confirmed_deaths__daily,Fataki,1
2026-07-06,insp_sitrep__cumulative_confirmed_deaths__daily,Gety,0
2026-07-06,insp_sitrep__cumulative_confirmed_deaths__daily,Goma,0
2026-07-06,insp_sitrep__cumulative_confirmed_deaths__daily,Kalunguta,1
2026-07-06,insp_sitrep__cumulative_confirmed_deaths__daily,Kambala,2
2026-07-06,insp_sitrep__cumulative_confirmed_deaths__daily,Katwa,41
2026-07-06,insp_sitrep__cumulative_confirmed_deaths__daily,Kilo,1
2026-07-06,insp_sitrep__cumulative_confirmed_deaths__daily,Komanda,8
2026-07-06,insp_sitrep__cumulative_confirmed_deaths__daily,Kyondo,2
2026-07-06,insp_sitrep__cumulative_confirmed_deaths__daily,Lita,16
2026-07-06,insp_sitrep__cumulative_confirmed_deaths__daily,Logo,0
2026-07-06,insp_sitrep__cumulative_confirmed_deaths__daily,Lolwa,1
2026-07-06,insp_sitrep__cumulative_confirmed_deaths__daily,Mabalako,0
2026-07-06,insp_sitrep__cumulative_confirmed_deaths__daily,Mambasa,3
2026-07-06,insp_sitrep__cumulative_confirmed_deaths__daily,Mandima,2
2026-07-06,insp_sitrep__cumulative_confirmed_deaths__daily,Mangala,20
2026-07-06,insp_sitrep__cumulative_confirmed_deaths__daily,Masereka,0
2026-07-06,insp_sitrep__cumulative_confirmed_deaths__daily,Miti Murhesa,1
2026-07-06,insp_sitrep__cumulative_confirmed_deaths__daily,Mongbwalu,154
2026-07-06,insp_sitrep__cumulative_confirmed_deaths__daily,Musienene,2
2026-07-06,insp_sitrep__cumulative_confirmed_deaths__daily,NA,0
2026-07-06,insp_sitrep__cumulative_confirmed_deaths__daily,Nia Nia,12
2026-07-06,insp_sitrep__cumulative_confirmed_deaths__daily,Nizi,24
2026-07-06,insp_sitrep__cumulative_confirmed_deaths__daily,Nyankunde,20
2026-07-06,insp_sitrep__cumulative_confirmed_deaths__daily,Oicha,2
2026-07-06,insp_sitrep__cumulative_confirmed_deaths__daily,Rimba,0
2026-07-06,insp_sitrep__cumulative_confirmed_deaths__daily,Rwampara,75
2026-07-06,insp_sitrep__cumulative_confirmed_deaths__daily,Tchomia,2
2026-07-06,insp_sitrep__cumulative_confirmed_deaths__daily,Vuhovi,1
2026-07-06,insp_sitrep__national_cumulative_confirmed_cases__daily,DRC,1708
2026-07-06,insp_sitrep__national_cumulative_confirmed_deaths__daily,DRC,580
2026-07-06,insp_sitrep__national_cumulative_suspected_cases__daily,DRC,237
2026-07-07,insp_sitrep__cumulative_confirmed_cases__daily,Aru,3
2026-07-07,insp_sitrep__cumulative_confirmed_cases__daily,Aungba,6
2026-07-07,insp_sitrep__cumulative_confirmed_cases__daily,Bambu,28
2026-07-07,insp_sitrep__cumulative_confirmed_cases__daily,Beni,29
2026-07-07,insp_sitrep__cumulative_confirmed_cases__daily,Boga,1
2026-07-07,insp_sitrep__cumulative_confirmed_cases__daily,Bunia,483
2026-07-07,insp_sitrep__cumulative_confirmed_cases__daily,Butembo,42
2026-07-07,insp_sitrep__cumulative_confirmed_cases__daily,Damas,5
2026-07-07,insp_sitrep__cumulative_confirmed_cases__daily,Drodro,3
2026-07-07,insp_sitrep__cumulative_confirmed_cases__daily,Fataki,4
2026-07-07,insp_sitrep__cumulative_confirmed_cases__daily,Gety,1
2026-07-07,insp_sitrep__cumulative_confirmed_cases__daily,Goma,1
2026-07-07,insp_sitrep__cumulative_confirmed_cases__daily,Kalunguta,2
2026-07-07,insp_sitrep__cumulative_confirmed_cases__daily,Kambala,2
2026-07-07,insp_sitrep__cumulative_confirmed_cases__daily,Katwa,61
2026-07-07,insp_sitrep__cumulative_confirmed_cases__daily,Kilo,9
2026-07-07,insp_sitrep__cumulative_confirmed_cases__daily,Komanda,23
2026-07-07,insp_sitrep__cumulative_confirmed_cases__daily,Kyondo,4
2026-07-07,insp_sitrep__cumulative_confirmed_cases__daily,Lita,40
2026-07-07,insp_sitrep__cumulative_confirmed_cases__daily,Logo,7
2026-07-07,insp_sitrep__cumulative_confirmed_cases__daily,Lolwa,1
2026-07-07,insp_sitrep__cumulative_confirmed_cases__daily,Mabalako,1
2026-07-07,insp_sitrep__cumulative_confirmed_cases__daily,Mambasa,4
2026-07-07,insp_sitrep__cumulative_confirmed_cases__daily,Mandima,5
2026-07-07,insp_sitrep__cumulative_confirmed_cases__daily,Mangala,40
2026-07-07,insp_sitrep__cumulative_confirmed_cases__daily,Masereka,3
2026-07-07,insp_sitrep__cumulative_confirmed_cases__daily,Miti Murhesa,3
2026-07-07,insp_sitrep__cumulative_confirmed_cases__daily,Mongbwalu,310
2026-07-07,insp_sitrep__cumulative_confirmed_cases__daily,Musienene,8
2026-07-07,insp_sitrep__cumulative_confirmed_cases__daily,NA,17
2026-07-07,insp_sitrep__cumulative_confirmed_cases__daily,Nia Nia,35
2026-07-07,insp_sitrep__cumulative_confirmed_cases__daily,Nizi,94
2026-07-07,insp_sitrep__cumulative_confirmed_cases__daily,Nyankunde,97
2026-07-07,insp_sitrep__cumulative_confirmed_cases__daily,Oicha,3
2026-07-07,insp_sitrep__cumulative_confirmed_cases__daily,Rimba,4
2026-07-07,insp_sitrep__cumulative_confirmed_cases__daily,Rwampara,364
2026-07-07,insp_sitrep__cumulative_confirmed_cases__daily,Tchomia,15
2026-07-07,insp_sitrep__cumulative_confirmed_cases__daily,Vuhovi,1
2026-07-07,insp_sitrep__cumulative_confirmed_deaths__daily,Aru,1
2026-07-07,insp_sitrep__cumulative_confirmed_deaths__daily,Aungba,2
2026-07-07,insp_sitrep__cumulative_confirmed_deaths__daily,Bambu,9
2026-07-07,insp_sitrep__cumulative_confirmed_deaths__daily,Beni,19
2026-07-07,insp_sitrep__cumulative_confirmed_deaths__daily,Boga,1
2026-07-07,insp_sitrep__cumulative_confirmed_deaths__daily,Bunia,137
2026-07-07,insp_sitrep__cumulative_confirmed_deaths__daily,Butembo,20
2026-07-07,insp_sitrep__cumulative_confirmed_deaths__daily,Damas,0
2026-07-07,insp_sitrep__cumulative_confirmed_deaths__daily,Drodro,3
2026-07-07,insp_sitrep__cumulative_confirmed_deaths__daily,Fataki,1
2026-07-07,insp_sitrep__cumulative_confirmed_deaths__daily,Gety,0
2026-07-07,insp_sitrep__cumulative_confirmed_deaths__daily,Goma,0
2026-07-07,insp_sitrep__cumulative_confirmed_deaths__daily,Kalunguta,1
2026-07-07,insp_sitrep__cumulative_confirmed_deaths__daily,Kambala,2
2026-07-07,insp_sitrep__cumulative_confirmed_deaths__daily,Katwa,41
2026-07-07,insp_sitrep__cumulative_confirmed_deaths__daily,Kilo,1
2026-07-07,insp_sitrep__cumulative_confirmed_deaths__daily,Komanda,8
2026-07-07,insp_sitrep__cumulative_confirmed_deaths__daily,Kyondo,2
2026-07-07,insp_sitrep__cumulative_confirmed_deaths__daily,Lita,16
2026-07-07,insp_sitrep__cumulative_confirmed_deaths__daily,Logo,0
2026-07-07,insp_sitrep__cumulative_confirmed_deaths__daily,Lolwa,1
2026-07-07,insp_sitrep__cumulative_confirmed_deaths__daily,Mabalako,0
2026-07-07,insp_sitrep__cumulative_confirmed_deaths__daily,Mambasa,3
2026-07-07,insp_sitrep__cumulative_confirmed_deaths__daily,Mandima,2
2026-07-07,insp_sitrep__cumulative_confirmed_deaths__daily,Mangala,20
2026-07-07,insp_sitrep__cumulative_confirmed_deaths__daily,Masereka,0
2026-07-07,insp_sitrep__cumulative_confirmed_deaths__daily,Miti Murhesa,1
2026-07-07,insp_sitrep__cumulative_confirmed_deaths__daily,Mongbwalu,165
2026-07-07,insp_sitrep__cumulative_confirmed_deaths__daily,Musienene,2
2026-07-07,insp_sitrep__cumulative_confirmed_deaths__daily,NA,0
2026-07-07,insp_sitrep__cumulative_confirmed_deaths__daily,Nia Nia,13
2026-07-07,insp_sitrep__cumulative_confirmed_deaths__daily,Nizi,28
2026-07-07,insp_sitrep__cumulative_confirmed_deaths__daily,Nyankunde,20
2026-07-07,insp_sitrep__cumulative_confirmed_deaths__daily,Oicha,2
2026-07-07,insp_sitrep__cumulative_confirmed_deaths__daily,Rimba,0
2026-07-07,insp_sitrep__cumulative_confirmed_deaths__daily,Rwampara,76
2026-07-07,insp_sitrep__cumulative_confirmed_deaths__daily,Tchomia,2
2026-07-07,insp_sitrep__cumulative_confirmed_deaths__daily,Vuhovi,1
2026-07-07,insp_sitrep__national_cumulative_confirmed_cases__daily,DRC,1759
2026-07-07,insp_sitrep__national_cumulative_confirmed_deaths__daily,DRC,600
2026-07-07,insp_sitrep__national_cumulative_suspected_cases__daily,DRC,304
2026-07-08,insp_sitrep__cumulative_confirmed_cases__daily,Aru,3
2026-07-08,insp_sitrep__cumulative_confirmed_cases__daily,Aungba,6
2026-07-08,insp_sitrep__cumulative_confirmed_cases__daily,Bambu,29
2026-07-08,insp_sitrep__cumulative_confirmed_cases__daily,Beni,29
2026-07-08,insp_sitrep__cumulative_confirmed_cases__daily,Boga,1
2026-07-08,insp_sitrep__cumulative_confirmed_cases__daily,Bunia,487
2026-07-08,insp_sitrep__cumulative_confirmed_cases__daily,Butembo,42
2026-07-08,insp_sitrep__cumulative_confirmed_cases__daily,Damas,5
2026-07-08,insp_sitrep__cumulative_confirmed_cases__daily,Drodro,3
2026-07-08,insp_sitrep__cumulative_confirmed_cases__daily,Fataki,4
2026-07-08,insp_sitrep__cumulative_confirmed_cases__daily,Gety,1
2026-07-08,insp_sitrep__cumulative_confirmed_cases__daily,Goma,1
2026-07-08,insp_sitrep__cumulative_confirmed_cases__daily,Kalunguta,2
2026-07-08,insp_sitrep__cumulative_confirmed_cases__daily,Kambala,2
2026-07-08,insp_sitrep__cumulative_confirmed_cases__daily,Katwa,61
2026-07-08,insp_sitrep__cumulative_confirmed_cases__daily,Kilo,9
2026-07-08,insp_sitrep__cumulative_confirmed_cases__daily,Komanda,23
2026-07-08,insp_sitrep__cumulative_confirmed_cases__daily,Kyondo,4
2026-07-08,insp_sitrep__cumulative_confirmed_cases__daily,Lita,41
2026-07-08,insp_sitrep__cumulative_confirmed_cases__daily,Logo,7
2026-07-08,insp_sitrep__cumulative_confirmed_cases__daily,Lolwa,1
2026-07-08,insp_sitrep__cumulative_confirmed_cases__daily,Mabalako,1
2026-07-08,insp_sitrep__cumulative_confirmed_cases__daily,Mambasa,4
2026-07-08,insp_sitrep__cumulative_confirmed_cases__daily,Mandima,5
2026-07-08,insp_sitrep__cumulative_confirmed_cases__daily,Mangala,43
2026-07-08,insp_sitrep__cumulative_confirmed_cases__daily,Masereka,3
2026-07-08,insp_sitrep__cumulative_confirmed_cases__daily,Miti Murhesa,3
2026-07-08,insp_sitrep__cumulative_confirmed_cases__daily,Mongbwalu,315
2026-07-08,insp_sitrep__cumulative_confirmed_cases__daily,Musienene,8
2026-07-08,insp_sitrep__cumulative_confirmed_cases__daily,NA,17
2026-07-08,insp_sitrep__cumulative_confirmed_cases__daily,Nia Nia,35
2026-07-08,insp_sitrep__cumulative_confirmed_cases__daily,Nizi,104
2026-07-08,insp_sitrep__cumulative_confirmed_cases__daily,Nyankunde,97
2026-07-08,insp_sitrep__cumulative_confirmed_cases__daily,Oicha,3
2026-07-08,insp_sitrep__cumulative_confirmed_cases__daily,Rimba,4
2026-07-08,insp_sitrep__cumulative_confirmed_cases__daily,Rwampara,370
2026-07-08,insp_sitrep__cumulative_confirmed_cases__daily,Tchomia,15
2026-07-08,insp_sitrep__cumulative_confirmed_cases__daily,Vuhovi,1
2026-07-08,insp_sitrep__cumulative_confirmed_deaths__daily,Aru,1
2026-07-08,insp_sitrep__cumulative_confirmed_deaths__daily,Aungba,2
2026-07-08,insp_sitrep__cumulative_confirmed_deaths__daily,Bambu,10
2026-07-08,insp_sitrep__cumulative_confirmed_deaths__daily,Beni,19
2026-07-08,insp_sitrep__cumulative_confirmed_deaths__daily,Boga,1
2026-07-08,insp_sitrep__cumulative_confirmed_deaths__daily,Bunia,141
2026-07-08,insp_sitrep__cumulative_confirmed_deaths__daily,Butembo,20
2026-07-08,insp_sitrep__cumulative_confirmed_deaths__daily,Damas,0
2026-07-08,insp_sitrep__cumulative_confirmed_deaths__daily,Drodro,3
2026-07-08,insp_sitrep__cumulative_confirmed_deaths__daily,Fataki,1
2026-07-08,insp_sitrep__cumulative_confirmed_deaths__daily,Gety,0
2026-07-08,insp_sitrep__cumulative_confirmed_deaths__daily,Goma,0
2026-07-08,insp_sitrep__cumulative_confirmed_deaths__daily,Kalunguta,1
2026-07-08,insp_sitrep__cumulative_confirmed_deaths__daily,Kambala,2
2026-07-08,insp_sitrep__cumulative_confirmed_deaths__daily,Katwa,41
2026-07-08,insp_sitrep__cumulative_confirmed_deaths__daily,Kilo,1
2026-07-08,insp_sitrep__cumulative_confirmed_deaths__daily,Komanda,8
2026-07-08,insp_sitrep__cumulative_confirmed_deaths__daily,Kyondo,2
2026-07-08,insp_sitrep__cumulative_confirmed_deaths__daily,Lita,16
2026-07-08,insp_sitrep__cumulative_confirmed_deaths__daily,Logo,0
2026-07-08,insp_sitrep__cumulative_confirmed_deaths__daily,Lolwa,1
2026-07-08,insp_sitrep__cumulative_confirmed_deaths__daily,Mabalako,0
2026-07-08,insp_sitrep__cumulative_confirmed_deaths__daily,Mambasa,3
2026-07-08,insp_sitrep__cumulative_confirmed_deaths__daily,Mandima,2
2026-07-08,insp_sitrep__cumulative_confirmed_deaths__daily,Mangala,23
2026-07-08,insp_sitrep__cumulative_confirmed_deaths__daily,Masereka,0
2026-07-08,insp_sitrep__cumulative_confirmed_deaths__daily,Miti Murhesa,1
2026-07-08,insp_sitrep__cumulative_confirmed_deaths__daily,Mongbwalu,167
2026-07-08,insp_sitrep__cumulative_confirmed_deaths__daily,Musienene,2
2026-07-08,insp_sitrep__cumulative_confirmed_deaths__daily,NA,0
2026-07-08,insp_sitrep__cumulative_confirmed_deaths__daily,Nia Nia,13
2026-07-08,insp_sitrep__cumulative_confirmed_deaths__daily,Nizi,36
2026-07-08,insp_sitrep__cumulative_confirmed_deaths__daily,Nyankunde,22
2026-07-08,insp_sitrep__cumulative_confirmed_deaths__daily,Oicha,2
2026-07-08,insp_sitrep__cumulative_confirmed_deaths__daily,Rimba,0
2026-07-08,insp_sitrep__cumulative_confirmed_deaths__daily,Rwampara,80
2026-07-08,insp_sitrep__cumulative_confirmed_deaths__daily,Tchomia,2
2026-07-08,insp_sitrep__cumulative_confirmed_deaths__daily,Vuhovi,1
2026-07-08,insp_sitrep__national_cumulative_confirmed_cases__daily,DRC,1792
2026-07-08,insp_sitrep__national_cumulative_confirmed_deaths__daily,DRC,625
2026-07-08,insp_sitrep__national_cumulative_suspected_cases__daily,DRC,227
2026-07-09,insp_sitrep__cumulative_confirmed_cases__daily,Aru,3
2026-07-09,insp_sitrep__cumulative_confirmed_cases__daily,Aungba,6
2026-07-09,insp_sitrep__cumulative_confirmed_cases__daily,Bambu,29
2026-07-09,insp_sitrep__cumulative_confirmed_cases__daily,Beni,30
2026-07-09,insp_sitrep__cumulative_confirmed_cases__daily,Boga,1
2026-07-09,insp_sitrep__cumulative_confirmed_cases__daily,Bunia,495
2026-07-09,insp_sitrep__cumulative_confirmed_cases__daily,Butembo,43
2026-07-09,insp_sitrep__cumulative_confirmed_cases__daily,Damas,5
2026-07-09,insp_sitrep__cumulative_confirmed_cases__daily,Drodro,3
2026-07-09,insp_sitrep__cumulative_confirmed_cases__daily,Fataki,4
2026-07-09,insp_sitrep__cumulative_confirmed_cases__daily,Gety,1
2026-07-09,insp_sitrep__cumulative_confirmed_cases__daily,Goma,1
2026-07-09,insp_sitrep__cumulative_confirmed_cases__daily,Kalunguta,2
2026-07-09,insp_sitrep__cumulative_confirmed_cases__daily,Kambala,2
2026-07-09,insp_sitrep__cumulative_confirmed_cases__daily,Katwa,66
2026-07-09,insp_sitrep__cumulative_confirmed_cases__daily,Kilo,9
2026-07-09,insp_sitrep__cumulative_confirmed_cases__daily,Komanda,25
2026-07-09,insp_sitrep__cumulative_confirmed_cases__daily,Kyondo,5
2026-07-09,insp_sitrep__cumulative_confirmed_cases__daily,Lita,42
2026-07-09,insp_sitrep__cumulative_confirmed_cases__daily,Logo,7
2026-07-09,insp_sitrep__cumulative_confirmed_cases__daily,Lolwa,1
2026-07-09,insp_sitrep__cumulative_confirmed_cases__daily,Mabalako,1
2026-07-09,insp_sitrep__cumulative_confirmed_cases__daily,Mambasa,5
2026-07-09,insp_sitrep__cumulative_confirmed_cases__daily,Mandima,5
2026-07-09,insp_sitrep__cumulative_confirmed_cases__daily,Mangala,43
2026-07-09,insp_sitrep__cumulative_confirmed_cases__daily,Masereka,3
2026-07-09,insp_sitrep__cumulative_confirmed_cases__daily,Miti Murhesa,3
2026-07-09,insp_sitrep__cumulative_confirmed_cases__daily,Mongbwalu,327
2026-07-09,insp_sitrep__cumulative_confirmed_cases__daily,Musienene,9
2026-07-09,insp_sitrep__cumulative_confirmed_cases__daily,NA,17
2026-07-09,insp_sitrep__cumulative_confirmed_cases__daily,Nia Nia,35
2026-07-09,insp_sitrep__cumulative_confirmed_cases__daily,Nizi,107
2026-07-09,insp_sitrep__cumulative_confirmed_cases__daily,Nyankunde,97
2026-07-09,insp_sitrep__cumulative_confirmed_cases__daily,Oicha,3
2026-07-09,insp_sitrep__cumulative_confirmed_cases__daily,Rimba,4
2026-07-09,insp_sitrep__cumulative_confirmed_cases__daily,Rwampara,373
2026-07-09,insp_sitrep__cumulative_confirmed_cases__daily,Tchomia,17
2026-07-09,insp_sitrep__cumulative_confirmed_cases__daily,Vuhovi,1
2026-07-09,insp_sitrep__cumulative_confirmed_deaths__daily,Aru,1
2026-07-09,insp_sitrep__cumulative_confirmed_deaths__daily,Aungba,2
2026-07-09,insp_sitrep__cumulative_confirmed_deaths__daily,Bambu,10
2026-07-09,insp_sitrep__cumulative_confirmed_deaths__daily,Beni,20
2026-07-09,insp_sitrep__cumulative_confirmed_deaths__daily,Boga,1
2026-07-09,insp_sitrep__cumulative_confirmed_deaths__daily,Bunia,149
2026-07-09,insp_sitrep__cumulative_confirmed_deaths__daily,Butembo,20
2026-07-09,insp_sitrep__cumulative_confirmed_deaths__daily,Damas,0
2026-07-09,insp_sitrep__cumulative_confirmed_deaths__daily,Drodro,3
2026-07-09,insp_sitrep__cumulative_confirmed_deaths__daily,Fataki,1
2026-07-09,insp_sitrep__cumulative_confirmed_deaths__daily,Gety,0
2026-07-09,insp_sitrep__cumulative_confirmed_deaths__daily,Goma,0
2026-07-09,insp_sitrep__cumulative_confirmed_deaths__daily,Kalunguta,1
2026-07-09,insp_sitrep__cumulative_confirmed_deaths__daily,Kambala,2
2026-07-09,insp_sitrep__cumulative_confirmed_deaths__daily,Katwa,45
2026-07-09,insp_sitrep__cumulative_confirmed_deaths__daily,Kilo,1
2026-07-09,insp_sitrep__cumulative_confirmed_deaths__daily,Komanda,8
2026-07-09,insp_sitrep__cumulative_confirmed_deaths__daily,Kyondo,3
2026-07-09,insp_sitrep__cumulative_confirmed_deaths__daily,Lita,17
2026-07-09,insp_sitrep__cumulative_confirmed_deaths__daily,Logo,0
2026-07-09,insp_sitrep__cumulative_confirmed_deaths__daily,Lolwa,1
2026-07-09,insp_sitrep__cumulative_confirmed_deaths__daily,Mabalako,0
2026-07-09,insp_sitrep__cumulative_confirmed_deaths__daily,Mambasa,4
2026-07-09,insp_sitrep__cumulative_confirmed_deaths__daily,Mandima,2
2026-07-09,insp_sitrep__cumulative_confirmed_deaths__daily,Mangala,23
2026-07-09,insp_sitrep__cumulative_confirmed_deaths__daily,Masereka,0
2026-07-09,insp_sitrep__cumulative_confirmed_deaths__daily,Miti Murhesa,1
2026-07-09,insp_sitrep__cumulative_confirmed_deaths__daily,Mongbwalu,170
2026-07-09,insp_sitrep__cumulative_confirmed_deaths__daily,Musienene,2
2026-07-09,insp_sitrep__cumulative_confirmed_deaths__daily,NA,0
2026-07-09,insp_sitrep__cumulative_confirmed_deaths__daily,Nia Nia,13
2026-07-09,insp_sitrep__cumulative_confirmed_deaths__daily,Nizi,36
2026-07-09,insp_sitrep__cumulative_confirmed_deaths__daily,Nyankunde,22
2026-07-09,insp_sitrep__cumulative_confirmed_deaths__daily,Oicha,2
2026-07-09,insp_sitrep__cumulative_confirmed_deaths__daily,Rimba,0
2026-07-09,insp_sitrep__cumulative_confirmed_deaths__daily,Rwampara,83
2026-07-09,insp_sitrep__cumulative_confirmed_deaths__daily,Tchomia,4
2026-07-09,insp_sitrep__cumulative_confirmed_deaths__daily,Vuhovi,1
2026-07-09,insp_sitrep__national_cumulative_confirmed_cases__daily,DRC,1830
2026-07-09,insp_sitrep__national_cumulative_confirmed_deaths__daily,DRC,648
2026-07-09,insp_sitrep__national_cumulative_suspected_cases__daily,DRC,284
2026-07-10,insp_sitrep__cumulative_confirmed_cases__daily,Aru,3
2026-07-10,insp_sitrep__cumulative_confirmed_cases__daily,Aungba,6
2026-07-10,insp_sitrep__cumulative_confirmed_cases__daily,Bambu,31
2026-07-10,insp_sitrep__cumulative_confirmed_cases__daily,Beni,30
2026-07-10,insp_sitrep__cumulative_confirmed_cases__daily,Boga,1
2026-07-10,insp_sitrep__cumulative_confirmed_cases__daily,Bunia,503
2026-07-10,insp_sitrep__cumulative_confirmed_cases__daily,Butembo,43
2026-07-10,insp_sitrep__cumulative_confirmed_cases__daily,Damas,5
2026-07-10,insp_sitrep__cumulative_confirmed_cases__daily,Drodro,4
2026-07-10,insp_sitrep__cumulative_confirmed_cases__daily,Fataki,4
2026-07-10,insp_sitrep__cumulative_confirmed_cases__daily,Gety,1
2026-07-10,insp_sitrep__cumulative_confirmed_cases__daily,Goma,1
2026-07-10,insp_sitrep__cumulative_confirmed_cases__daily,Kalunguta,2
2026-07-10,insp_sitrep__cumulative_confirmed_cases__daily,Kambala,2
2026-07-10,insp_sitrep__cumulative_confirmed_cases__daily,Katwa,67
2026-07-10,insp_sitrep__cumulative_confirmed_cases__daily,Kilo,9
2026-07-10,insp_sitrep__cumulative_confirmed_cases__daily,Komanda,25
2026-07-10,insp_sitrep__cumulative_confirmed_cases__daily,Kyondo,5
2026-07-10,insp_sitrep__cumulative_confirmed_cases__daily,Lita,45
2026-07-10,insp_sitrep__cumulative_confirmed_cases__daily,Logo,7
2026-07-10,insp_sitrep__cumulative_confirmed_cases__daily,Lolwa,1
2026-07-10,insp_sitrep__cumulative_confirmed_cases__daily,Lubunga (Tshopo),1
2026-07-10,insp_sitrep__cumulative_confirmed_cases__daily,Mabalako,1
2026-07-10,insp_sitrep__cumulative_confirmed_cases__daily,Makiso Kisangani,2
2026-07-10,insp_sitrep__cumulative_confirmed_cases__daily,Mambasa,5
2026-07-10,insp_sitrep__cumulative_confirmed_cases__daily,Mandima,8
2026-07-10,insp_sitrep__cumulative_confirmed_cases__daily,Mangala,50
2026-07-10,insp_sitrep__cumulative_confirmed_cases__daily,Mangobo,1
2026-07-10,insp_sitrep__cumulative_confirmed_cases__daily,Masereka,3
2026-07-10,insp_sitrep__cumulative_confirmed_cases__daily,Miti Murhesa,3
2026-07-10,insp_sitrep__cumulative_confirmed_cases__daily,Mongbwalu,329
2026-07-10,insp_sitrep__cumulative_confirmed_cases__daily,Musienene,9
2026-07-10,insp_sitrep__cumulative_confirmed_cases__daily,NA,17
2026-07-10,insp_sitrep__cumulative_confirmed_cases__daily,Nia Nia,35
2026-07-10,insp_sitrep__cumulative_confirmed_cases__daily,Nizi,110
2026-07-10,insp_sitrep__cumulative_confirmed_cases__daily,Nyankunde,97
2026-07-10,insp_sitrep__cumulative_confirmed_cases__daily,Oicha,3
2026-07-10,insp_sitrep__cumulative_confirmed_cases__daily,Rimba,4
2026-07-10,insp_sitrep__cumulative_confirmed_cases__daily,Rwampara,384
2026-07-10,insp_sitrep__cumulative_confirmed_cases__daily,Tchomia,19
2026-07-10,insp_sitrep__cumulative_confirmed_cases__daily,Vuhovi,1
2026-07-10,insp_sitrep__cumulative_confirmed_cases__daily,Wamba,1
2026-07-10,insp_sitrep__cumulative_confirmed_deaths__daily,Aru,1
2026-07-10,insp_sitrep__cumulative_confirmed_deaths__daily,Aungba,2
2026-07-10,insp_sitrep__cumulative_confirmed_deaths__daily,Bambu,10
2026-07-10,insp_sitrep__cumulative_confirmed_deaths__daily,Beni,20
2026-07-10,insp_sitrep__cumulative_confirmed_deaths__daily,Boga,1
2026-07-10,insp_sitrep__cumulative_confirmed_deaths__daily,Bunia,156
2026-07-10,insp_sitrep__cumulative_confirmed_deaths__daily,Butembo,20
2026-07-10,insp_sitrep__cumulative_confirmed_deaths__daily,Damas,0
2026-07-10,insp_sitrep__cumulative_confirmed_deaths__daily,Drodro,3
2026-07-10,insp_sitrep__cumulative_confirmed_deaths__daily,Fataki,1
2026-07-10,insp_sitrep__cumulative_confirmed_deaths__daily,Gety,0
2026-07-10,insp_sitrep__cumulative_confirmed_deaths__daily,Goma,0
2026-07-10,insp_sitrep__cumulative_confirmed_deaths__daily,Kalunguta,1
2026-07-10,insp_sitrep__cumulative_confirmed_deaths__daily,Kambala,2
2026-07-10,insp_sitrep__cumulative_confirmed_deaths__daily,Katwa,45
2026-07-10,insp_sitrep__cumulative_confirmed_deaths__daily,Kilo,1
2026-07-10,insp_sitrep__cumulative_confirmed_deaths__daily,Komanda,8
2026-07-10,insp_sitrep__cumulative_confirmed_deaths__daily,Kyondo,3
2026-07-10,insp_sitrep__cumulative_confirmed_deaths__daily,Lita,19
2026-07-10,insp_sitrep__cumulative_confirmed_deaths__daily,Logo,0
2026-07-10,insp_sitrep__cumulative_confirmed_deaths__daily,Lolwa,1
2026-07-10,insp_sitrep__cumulative_confirmed_deaths__daily,Lubunga (Tshopo),0
2026-07-10,insp_sitrep__cumulative_confirmed_deaths__daily,Mabalako,0
2026-07-10,insp_sitrep__cumulative_confirmed_deaths__daily,Makiso Kisangani,2
2026-07-10,insp_sitrep__cumulative_confirmed_deaths__daily,Mambasa,4
2026-07-10,insp_sitrep__cumulative_confirmed_deaths__daily,Mandima,3
2026-07-10,insp_sitrep__cumulative_confirmed_deaths__daily,Mangala,29
2026-07-10,insp_sitrep__cumulative_confirmed_deaths__daily,Mangobo,0
2026-07-10,insp_sitrep__cumulative_confirmed_deaths__daily,Masereka,0
2026-07-10,insp_sitrep__cumulative_confirmed_deaths__daily,Miti Murhesa,1
2026-07-10,insp_sitrep__cumulative_confirmed_deaths__daily,Mongbwalu,171
2026-07-10,insp_sitrep__cumulative_confirmed_deaths__daily,Musienene,2
2026-07-10,insp_sitrep__cumulative_confirmed_deaths__daily,NA,0
2026-07-10,insp_sitrep__cumulative_confirmed_deaths__daily,Nia Nia,13
2026-07-10,insp_sitrep__cumulative_confirmed_deaths__daily,Nizi,36
2026-07-10,insp_sitrep__cumulative_confirmed_deaths__daily,Nyankunde,23
2026-07-10,insp_sitrep__cumulative_confirmed_deaths__daily,Oicha,2
2026-07-10,insp_sitrep__cumulative_confirmed_deaths__daily,Rimba,0
2026-07-10,insp_sitrep__cumulative_confirmed_deaths__daily,Rwampara,89
2026-07-10,insp_sitrep__cumulative_confirmed_deaths__daily,Tchomia,4
2026-07-10,insp_sitrep__cumulative_confirmed_deaths__daily,Vuhovi,1
2026-07-10,insp_sitrep__cumulative_confirmed_deaths__daily,Wamba,1
2026-07-10,insp_sitrep__national_cumulative_confirmed_cases__daily,DRC,1873
2026-07-10,insp_sitrep__national_cumulative_confirmed_deaths__daily,DRC,672
2026-07-10,insp_sitrep__national_cumulative_suspected_cases__daily,DRC,299
2026-07-11,insp_sitrep__cumulative_confirmed_cases__daily,Ariwara,1
2026-07-11,insp_sitrep__cumulative_confirmed_cases__daily,Aru,3
2026-07-11,insp_sitrep__cumulative_confirmed_cases__daily,Aungba,6
2026-07-11,insp_sitrep__cumulative_confirmed_cases__daily,Bambu,31
2026-07-11,insp_sitrep__cumulative_confirmed_cases__daily,Beni,30
2026-07-11,insp_sitrep__cumulative_confirmed_cases__daily,Boga,1
2026-07-11,insp_sitrep__cumulative_confirmed_cases__daily,Bunia,507
2026-07-11,insp_sitrep__cumulative_confirmed_cases__daily,Butembo,44
2026-07-11,insp_sitrep__cumulative_confirmed_cases__daily,Damas,5
2026-07-11,insp_sitrep__cumulative_confirmed_cases__daily,Drodro,4
2026-07-11,insp_sitrep__cumulative_confirmed_cases__daily,Fataki,4
2026-07-11,insp_sitrep__cumulative_confirmed_cases__daily,Gety,1
2026-07-11,insp_sitrep__cumulative_confirmed_cases__daily,Goma,1
2026-07-11,insp_sitrep__cumulative_confirmed_cases__daily,Kalunguta,2
2026-07-11,insp_sitrep__cumulative_confirmed_cases__daily,Kambala,2
2026-07-11,insp_sitrep__cumulative_confirmed_cases__daily,Katwa,71
2026-07-11,insp_sitrep__cumulative_confirmed_cases__daily,Kilo,9
2026-07-11,insp_sitrep__cumulative_confirmed_cases__daily,Komanda,27
2026-07-11,insp_sitrep__cumulative_confirmed_cases__daily,Kyondo,7
2026-07-11,insp_sitrep__cumulative_confirmed_cases__daily,Lita,48
2026-07-11,insp_sitrep__cumulative_confirmed_cases__daily,Logo,7
2026-07-11,insp_sitrep__cumulative_confirmed_cases__daily,Lolwa,1
2026-07-11,insp_sitrep__cumulative_confirmed_cases__daily,Lubunga (Tshopo),1
2026-07-11,insp_sitrep__cumulative_confirmed_cases__daily,Mabalako,1
2026-07-11,insp_sitrep__cumulative_confirmed_cases__daily,Makiso Kisangani,2
2026-07-11,insp_sitrep__cumulative_confirmed_cases__daily,Mambasa,5
2026-07-11,insp_sitrep__cumulative_confirmed_cases__daily,Mandima,8
2026-07-11,insp_sitrep__cumulative_confirmed_cases__daily,Mangala,50
2026-07-11,insp_sitrep__cumulative_confirmed_cases__daily,Mangobo,1
2026-07-11,insp_sitrep__cumulative_confirmed_cases__daily,Masereka,3
2026-07-11,insp_sitrep__cumulative_confirmed_cases__daily,Miti-Murhesa,3
2026-07-11,insp_sitrep__cumulative_confirmed_cases__daily,Mongbwalu,336
2026-07-11,insp_sitrep__cumulative_confirmed_cases__daily,Musienene,10
2026-07-11,insp_sitrep__cumulative_confirmed_cases__daily,NA,17
2026-07-11,insp_sitrep__cumulative_confirmed_cases__daily,Nia-Nia,36
2026-07-11,insp_sitrep__cumulative_confirmed_cases__daily,Nizi,121
2026-07-11,insp_sitrep__cumulative_confirmed_cases__daily,Nyankunde,99
2026-07-11,insp_sitrep__cumulative_confirmed_cases__daily,Oicha,3
2026-07-11,insp_sitrep__cumulative_confirmed_cases__daily,Rumba,4
2026-07-11,insp_sitrep__cumulative_confirmed_cases__daily,Rwampara,393
2026-07-11,insp_sitrep__cumulative_confirmed_cases__daily,Tchomia,19
2026-07-11,insp_sitrep__cumulative_confirmed_cases__daily,Vuhovi,1
2026-07-11,insp_sitrep__cumulative_confirmed_cases__daily,Wamba,1
2026-07-11,insp_sitrep__cumulative_confirmed_deaths__daily,Ariwara,1
2026-07-11,insp_sitrep__cumulative_confirmed_deaths__daily,Aru,1
2026-07-11,insp_sitrep__cumulative_confirmed_deaths__daily,Aungba,2
2026-07-11,insp_sitrep__cumulative_confirmed_deaths__daily,Bambu,10
2026-07-11,insp_sitrep__cumulative_confirmed_deaths__daily,Beni,20
2026-07-11,insp_sitrep__cumulative_confirmed_deaths__daily,Boga,1
2026-07-11,insp_sitrep__cumulative_confirmed_deaths__daily,Bunia,160
2026-07-11,insp_sitrep__cumulative_confirmed_deaths__daily,Butembo,21
2026-07-11,insp_sitrep__cumulative_confirmed_deaths__daily,Damas,0
2026-07-11,insp_sitrep__cumulative_confirmed_deaths__daily,Drodro,3
2026-07-11,insp_sitrep__cumulative_confirmed_deaths__daily,Fataki,1
2026-07-11,insp_sitrep__cumulative_confirmed_deaths__daily,Gety,0
2026-07-11,insp_sitrep__cumulative_confirmed_deaths__daily,Goma,0
2026-07-11,insp_sitrep__cumulative_confirmed_deaths__daily,Kalunguta,1
2026-07-11,insp_sitrep__cumulative_confirmed_deaths__daily,Kambala,2
2026-07-11,insp_sitrep__cumulative_confirmed_deaths__daily,Katwa,47
2026-07-11,insp_sitrep__cumulative_confirmed_deaths__daily,Kilo,1
2026-07-11,insp_sitrep__cumulative_confirmed_deaths__daily,Komanda,8
2026-07-11,insp_sitrep__cumulative_confirmed_deaths__daily,Kyondo,3
2026-07-11,insp_sitrep__cumulative_confirmed_deaths__daily,Lita,19
2026-07-11,insp_sitrep__cumulative_confirmed_deaths__daily,Logo,0
2026-07-11,insp_sitrep__cumulative_confirmed_deaths__daily,Lolwa,1
2026-07-11,insp_sitrep__cumulative_confirmed_deaths__daily,Lubunga (Tshopo),0
2026-07-11,insp_sitrep__cumulative_confirmed_deaths__daily,Mabalako,0
2026-07-11,insp_sitrep__cumulative_confirmed_deaths__daily,Makiso Kisangani,2
2026-07-11,insp_sitrep__cumulative_confirmed_deaths__daily,Mambasa,4
2026-07-11,insp_sitrep__cumulative_confirmed_deaths__daily,Mandima,3
2026-07-11,insp_sitrep__cumulative_confirmed_deaths__daily,Mangala,29
2026-07-11,insp_sitrep__cumulative_confirmed_deaths__daily,Mangobo,0
2026-07-11,insp_sitrep__cumulative_confirmed_deaths__daily,Masereka,0
2026-07-11,insp_sitrep__cumulative_confirmed_deaths__daily,Miti-Murhesa,1
2026-07-11,insp_sitrep__cumulative_confirmed_deaths__daily,Mongbwalu,177
2026-07-11,insp_sitrep__cumulative_confirmed_deaths__daily,Musienene,2
2026-07-11,insp_sitrep__cumulative_confirmed_deaths__daily,NA,0
2026-07-11,insp_sitrep__cumulative_confirmed_deaths__daily,Nia-Nia,12
2026-07-11,insp_sitrep__cumulative_confirmed_deaths__daily,Nizi,47
2026-07-11,insp_sitrep__cumulative_confirmed_deaths__daily,Nyankunde,25
2026-07-11,insp_sitrep__cumulative_confirmed_deaths__daily,Oicha,2
2026-07-11,insp_sitrep__cumulative_confirmed_deaths__daily,Rumba,0
2026-07-11,insp_sitrep__cumulative_confirmed_deaths__daily,Rwampara,90
2026-07-11,insp_sitrep__cumulative_confirmed_deaths__daily,Tchomia,4
2026-07-11,insp_sitrep__cumulative_confirmed_deaths__daily,Vuhovi,1
2026-07-11,insp_sitrep__cumulative_confirmed_deaths__daily,Wamba,1
2026-07-11,insp_sitrep__national_cumulative_confirmed_cases__daily,DRC,1926
2026-07-11,insp_sitrep__national_cumulative_confirmed_deaths__daily,DRC,702
2026-07-11,insp_sitrep__national_cumulative_suspected_cases__daily,DRC,299
2026-07-13,insp_sitrep__cumulative_confirmed_cases__daily,Ariwara,1
2026-07-13,insp_sitrep__cumulative_confirmed_cases__daily,Aru,3
2026-07-13,insp_sitrep__cumulative_confirmed_cases__daily,Aungba,6
2026-07-13,insp_sitrep__cumulative_confirmed_cases__daily,Bambu,31
2026-07-13,insp_sitrep__cumulative_confirmed_cases__daily,Beni,31
2026-07-13,insp_sitrep__cumulative_confirmed_cases__daily,Boga,1
2026-07-13,insp_sitrep__cumulative_confirmed_cases__daily,Boma Mangbetu,2
2026-07-13,insp_sitrep__cumulative_confirmed_cases__daily,Bunia,534
2026-07-13,insp_sitrep__cumulative_confirmed_cases__daily,Butembo,46
2026-07-13,insp_sitrep__cumulative_confirmed_cases__daily,Damas,5
2026-07-13,insp_sitrep__cumulative_confirmed_cases__daily,Drodro,5
2026-07-13,insp_sitrep__cumulative_confirmed_cases__daily,Fataki,5
2026-07-13,insp_sitrep__cumulative_confirmed_cases__daily,Gety,1
2026-07-13,insp_sitrep__cumulative_confirmed_cases__daily,Goma,1
2026-07-13,insp_sitrep__cumulative_confirmed_cases__daily,Isiro,1
2026-07-13,insp_sitrep__cumulative_confirmed_cases__daily,Kalunguta,2
2026-07-13,insp_sitrep__cumulative_confirmed_cases__daily,Kambala,2
2026-07-13,insp_sitrep__cumulative_confirmed_cases__daily,Katwa,76
2026-07-13,insp_sitrep__cumulative_confirmed_cases__daily,Kilo,9
2026-07-13,insp_sitrep__cumulative_confirmed_cases__daily,Komanda,27
2026-07-13,insp_sitrep__cumulative_confirmed_cases__daily,Kyondo,7
2026-07-13,insp_sitrep__cumulative_confirmed_cases__daily,Lita,59
2026-07-13,insp_sitrep__cumulative_confirmed_cases__daily,Logo,7
2026-07-13,insp_sitrep__cumulative_confirmed_cases__daily,Lolwa,2
2026-07-13,insp_sitrep__cumulative_confirmed_cases__daily,Lubunga (Tshopo),1
2026-07-13,insp_sitrep__cumulative_confirmed_cases__daily,Mabalako,1
2026-07-13,insp_sitrep__cumulative_confirmed_cases__daily,Makiso Kisangani,2
2026-07-13,insp_sitrep__cumulative_confirmed_cases__daily,Mambasa,5
2026-07-13,insp_sitrep__cumulative_confirmed_cases__daily,Mandima,8
2026-07-13,insp_sitrep__cumulative_confirmed_cases__daily,Mangala,50
2026-07-13,insp_sitrep__cumulative_confirmed_cases__daily,Mangobo,1
2026-07-13,insp_sitrep__cumulative_confirmed_cases__daily,Masereka,3
2026-07-13,insp_sitrep__cumulative_confirmed_cases__daily,Miti-Murhesa,3
2026-07-13,insp_sitrep__cumulative_confirmed_cases__daily,Mongbwalu,336
2026-07-13,insp_sitrep__cumulative_confirmed_cases__daily,Musienene,11
2026-07-13,insp_sitrep__cumulative_confirmed_cases__daily,NA,17
2026-07-13,insp_sitrep__cumulative_confirmed_cases__daily,Nia-Nia,36
2026-07-13,insp_sitrep__cumulative_confirmed_cases__daily,Nizi,131
2026-07-13,insp_sitrep__cumulative_confirmed_cases__daily,Nyankunde,99
2026-07-13,insp_sitrep__cumulative_confirmed_cases__daily,Oicha,3
2026-07-13,insp_sitrep__cumulative_confirmed_cases__daily,Pawa,3
2026-07-13,insp_sitrep__cumulative_confirmed_cases__daily,Rimba,4
2026-07-13,insp_sitrep__cumulative_confirmed_cases__daily,Rwampara,405
2026-07-13,insp_sitrep__cumulative_confirmed_cases__daily,Tchomia,19
2026-07-13,insp_sitrep__cumulative_confirmed_cases__daily,Vuhovi,1
2026-07-13,insp_sitrep__cumulative_confirmed_cases__daily,Wamba,8
2026-07-13,insp_sitrep__cumulative_confirmed_deaths__daily,Ariwara,1
2026-07-13,insp_sitrep__cumulative_confirmed_deaths__daily,Aru,1
2026-07-13,insp_sitrep__cumulative_confirmed_deaths__daily,Aungba,2
2026-07-13,insp_sitrep__cumulative_confirmed_deaths__daily,Bambu,10
2026-07-13,insp_sitrep__cumulative_confirmed_deaths__daily,Beni,20
2026-07-13,insp_sitrep__cumulative_confirmed_deaths__daily,Boga,1
2026-07-13,insp_sitrep__cumulative_confirmed_deaths__daily,Boma Mangbetu,1
2026-07-13,insp_sitrep__cumulative_confirmed_deaths__daily,Bunia,172
2026-07-13,insp_sitrep__cumulative_confirmed_deaths__daily,Butembo,22
2026-07-13,insp_sitrep__cumulative_confirmed_deaths__daily,Damas,0
2026-07-13,insp_sitrep__cumulative_confirmed_deaths__daily,Drodro,3
2026-07-13,insp_sitrep__cumulative_confirmed_deaths__daily,Fataki,4
2026-07-13,insp_sitrep__cumulative_confirmed_deaths__daily,Gety,0
2026-07-13,insp_sitrep__cumulative_confirmed_deaths__daily,Goma,0
2026-07-13,insp_sitrep__cumulative_confirmed_deaths__daily,Isiro,1
2026-07-13,insp_sitrep__cumulative_confirmed_deaths__daily,Kalunguta,1
2026-07-13,insp_sitrep__cumulative_confirmed_deaths__daily,Kambala,2
2026-07-13,insp_sitrep__cumulative_confirmed_deaths__daily,Katwa,55
2026-07-13,insp_sitrep__cumulative_confirmed_deaths__daily,Kilo,1
2026-07-13,insp_sitrep__cumulative_confirmed_deaths__daily,Komanda,10
2026-07-13,insp_sitrep__cumulative_confirmed_deaths__daily,Kyondo,3
2026-07-13,insp_sitrep__cumulative_confirmed_deaths__daily,Lita,23
2026-07-13,insp_sitrep__cumulative_confirmed_deaths__daily,Logo,0
2026-07-13,insp_sitrep__cumulative_confirmed_deaths__daily,Lolwa,1
2026-07-13,insp_sitrep__cumulative_confirmed_deaths__daily,Lubunga (Tshopo),1
2026-07-13,insp_sitrep__cumulative_confirmed_deaths__daily,Mabalako,0
2026-07-13,insp_sitrep__cumulative_confirmed_deaths__daily,Makiso Kisangani,2
2026-07-13,insp_sitrep__cumulative_confirmed_deaths__daily,Mambasa,4
2026-07-13,insp_sitrep__cumulative_confirmed_deaths__daily,Mandima,3
2026-07-13,insp_sitrep__cumulative_confirmed_deaths__daily,Mangala,29
2026-07-13,insp_sitrep__cumulative_confirmed_deaths__daily,Mangobo,0
2026-07-13,insp_sitrep__cumulative_confirmed_deaths__daily,Masereka,0
2026-07-13,insp_sitrep__cumulative_confirmed_deaths__daily,Miti-Murhesa,1
2026-07-13,insp_sitrep__cumulative_confirmed_deaths__daily,Mongbwalu,182
2026-07-13,insp_sitrep__cumulative_confirmed_deaths__daily,Musienene,2
2026-07-13,insp_sitrep__cumulative_confirmed_deaths__daily,NA,0
2026-07-13,insp_sitrep__cumulative_confirmed_deaths__daily,Nia-Nia,7
2026-07-13,insp_sitrep__cumulative_confirmed_deaths__daily,Nizi,50
2026-07-13,insp_sitrep__cumulative_confirmed_deaths__daily,Nyankunde,26
2026-07-13,insp_sitrep__cumulative_confirmed_deaths__daily,Oicha,2
2026-07-13,insp_sitrep__cumulative_confirmed_deaths__daily,Pawa,3
2026-07-13,insp_sitrep__cumulative_confirmed_deaths__daily,Rimba,0
2026-07-13,insp_sitrep__cumulative_confirmed_deaths__daily,Rwampara,95
2026-07-13,insp_sitrep__cumulative_confirmed_deaths__daily,Tchomia,4
2026-07-13,insp_sitrep__cumulative_confirmed_deaths__daily,Vuhovi,1
2026-07-13,insp_sitrep__cumulative_confirmed_deaths__daily,Wamba,8
2026-07-13,insp_sitrep__national_cumulative_confirmed_cases__daily,DRC,2011
2026-07-13,insp_sitrep__national_cumulative_confirmed_deaths__daily,DRC,754
2026-07-13,insp_sitrep__national_cumulative_suspected_cases__daily,DRC,268
2026-07-15,insp_sitrep__cumulative_confirmed_cases__daily,Ariwara,1
2026-07-15,insp_sitrep__cumulative_confirmed_cases__daily,Aru,3
2026-07-15,insp_sitrep__cumulative_confirmed_cases__daily,Aungba,6
2026-07-15,insp_sitrep__cumulative_confirmed_cases__daily,Bambu,31
2026-07-15,insp_sitrep__cumulative_confirmed_cases__daily,Beni,33
2026-07-15,insp_sitrep__cumulative_confirmed_cases__daily,Boga,1
2026-07-15,insp_sitrep__cumulative_confirmed_cases__daily,Boma Mangbetu,2
2026-07-15,insp_sitrep__cumulative_confirmed_cases__daily,Bunia,570
2026-07-15,insp_sitrep__cumulative_confirmed_cases__daily,Butembo,52
2026-07-15,insp_sitrep__cumulative_confirmed_cases__daily,Damas,7
2026-07-15,insp_sitrep__cumulative_confirmed_cases__daily,Drodro,5
2026-07-15,insp_sitrep__cumulative_confirmed_cases__daily,Fataki,6
2026-07-15,insp_sitrep__cumulative_confirmed_cases__daily,Gety,1
2026-07-15,insp_sitrep__cumulative_confirmed_cases__daily,Goma,1
2026-07-15,insp_sitrep__cumulative_confirmed_cases__daily,Isiro,1
2026-07-15,insp_sitrep__cumulative_confirmed_cases__daily,Kalunguta,2
2026-07-15,insp_sitrep__cumulative_confirmed_cases__daily,Kambala,2
2026-07-15,insp_sitrep__cumulative_confirmed_cases__daily,Katwa,82
2026-07-15,insp_sitrep__cumulative_confirmed_cases__daily,Kilo,10
2026-07-15,insp_sitrep__cumulative_confirmed_cases__daily,Komanda,27
2026-07-15,insp_sitrep__cumulative_confirmed_cases__daily,Kyondo,7
2026-07-15,insp_sitrep__cumulative_confirmed_cases__daily,Lita,66
2026-07-15,insp_sitrep__cumulative_confirmed_cases__daily,Logo,7
2026-07-15,insp_sitrep__cumulative_confirmed_cases__daily,Lolwa,2
2026-07-15,insp_sitrep__cumulative_confirmed_cases__daily,Lubunga (Tshopo),1
2026-07-15,insp_sitrep__cumulative_confirmed_cases__daily,Mabalako,1
2026-07-15,insp_sitrep__cumulative_confirmed_cases__daily,Mahagi,1
2026-07-15,insp_sitrep__cumulative_confirmed_cases__daily,Makiso Kisangani,2
2026-07-15,insp_sitrep__cumulative_confirmed_cases__daily,Mambasa,5
2026-07-15,insp_sitrep__cumulative_confirmed_cases__daily,Mandima,9
2026-07-15,insp_sitrep__cumulative_confirmed_cases__daily,Mangala,50
2026-07-15,insp_sitrep__cumulative_confirmed_cases__daily,Mangobo,1
2026-07-15,insp_sitrep__cumulative_confirmed_cases__daily,Masereka,3
2026-07-15,insp_sitrep__cumulative_confirmed_cases__daily,Miti-Murhesa,3
2026-07-15,insp_sitrep__cumulative_confirmed_cases__daily,Mongbwalu,347
2026-07-15,insp_sitrep__cumulative_confirmed_cases__daily,Musienene,14
2026-07-15,insp_sitrep__cumulative_confirmed_cases__daily,NA,17
2026-07-15,insp_sitrep__cumulative_confirmed_cases__daily,Nia-Nia,42
2026-07-15,insp_sitrep__cumulative_confirmed_cases__daily,Nizi,148
2026-07-15,insp_sitrep__cumulative_confirmed_cases__daily,Nyankunde,99
2026-07-15,insp_sitrep__cumulative_confirmed_cases__daily,Oicha,3
2026-07-15,insp_sitrep__cumulative_confirmed_cases__daily,Pawa,3
2026-07-15,insp_sitrep__cumulative_confirmed_cases__daily,Rimba,4
2026-07-15,insp_sitrep__cumulative_confirmed_cases__daily,Rwampara,418
2026-07-15,insp_sitrep__cumulative_confirmed_cases__daily,Tchomia,19
2026-07-15,insp_sitrep__cumulative_confirmed_cases__daily,Vuhovi,1
2026-07-15,insp_sitrep__cumulative_confirmed_cases__daily,Wamba,8
2026-07-15,insp_sitrep__cumulative_confirmed_deaths__daily,Ariwara,1
2026-07-15,insp_sitrep__cumulative_confirmed_deaths__daily,Aru,1
2026-07-15,insp_sitrep__cumulative_confirmed_deaths__daily,Aungba,2
2026-07-15,insp_sitrep__cumulative_confirmed_deaths__daily,Bambu,11
2026-07-15,insp_sitrep__cumulative_confirmed_deaths__daily,Beni,22
2026-07-15,insp_sitrep__cumulative_confirmed_deaths__daily,Boga,1
2026-07-15,insp_sitrep__cumulative_confirmed_deaths__daily,Boma Mangbetu,1
2026-07-15,insp_sitrep__cumulative_confirmed_deaths__daily,Bunia,191
2026-07-15,insp_sitrep__cumulative_confirmed_deaths__daily,Butembo,26
2026-07-15,insp_sitrep__cumulative_confirmed_deaths__daily,Damas,0
2026-07-15,insp_sitrep__cumulative_confirmed_deaths__daily,Drodro,3
2026-07-15,insp_sitrep__cumulative_confirmed_deaths__daily,Fataki,5
2026-07-15,insp_sitrep__cumulative_confirmed_deaths__daily,Gety,0
2026-07-15,insp_sitrep__cumulative_confirmed_deaths__daily,Goma,0
2026-07-15,insp_sitrep__cumulative_confirmed_deaths__daily,Isiro,1
2026-07-15,insp_sitrep__cumulative_confirmed_deaths__daily,Kalunguta,1
2026-07-15,insp_sitrep__cumulative_confirmed_deaths__daily,Kambala,2
2026-07-15,insp_sitrep__cumulative_confirmed_deaths__daily,Katwa,59
2026-07-15,insp_sitrep__cumulative_confirmed_deaths__daily,Kilo,2
2026-07-15,insp_sitrep__cumulative_confirmed_deaths__daily,Komanda,10
2026-07-15,insp_sitrep__cumulative_confirmed_deaths__daily,Kyondo,3
2026-07-15,insp_sitrep__cumulative_confirmed_deaths__daily,Lita,23
2026-07-15,insp_sitrep__cumulative_confirmed_deaths__daily,Logo,0
2026-07-15,insp_sitrep__cumulative_confirmed_deaths__daily,Lolwa,1
2026-07-15,insp_sitrep__cumulative_confirmed_deaths__daily,Lubunga (Tshopo),1
2026-07-15,insp_sitrep__cumulative_confirmed_deaths__daily,Mabalako,0
2026-07-15,insp_sitrep__cumulative_confirmed_deaths__daily,Mahagi,0
2026-07-15,insp_sitrep__cumulative_confirmed_deaths__daily,Makiso Kisangani,2
2026-07-15,insp_sitrep__cumulative_confirmed_deaths__daily,Mambasa,4
2026-07-15,insp_sitrep__cumulative_confirmed_deaths__daily,Mandima,4
2026-07-15,insp_sitrep__cumulative_confirmed_deaths__daily,Mangala,29
2026-07-15,insp_sitrep__cumulative_confirmed_deaths__daily,Mangobo,0
2026-07-15,insp_sitrep__cumulative_confirmed_deaths__daily,Masereka,0
2026-07-15,insp_sitrep__cumulative_confirmed_deaths__daily,Miti-Murhesa,1
2026-07-15,insp_sitrep__cumulative_confirmed_deaths__daily,Mongbwalu,192
2026-07-15,insp_sitrep__cumulative_confirmed_deaths__daily,Musienene,4
2026-07-15,insp_sitrep__cumulative_confirmed_deaths__daily,NA,0
2026-07-15,insp_sitrep__cumulative_confirmed_deaths__daily,Nia-Nia,9
2026-07-15,insp_sitrep__cumulative_confirmed_deaths__daily,Nizi,67
2026-07-15,insp_sitrep__cumulative_confirmed_deaths__daily,Nyankunde,26
2026-07-15,insp_sitrep__cumulative_confirmed_deaths__daily,Oicha,3
2026-07-15,insp_sitrep__cumulative_confirmed_deaths__daily,Pawa,3
2026-07-15,insp_sitrep__cumulative_confirmed_deaths__daily,Rimba,0
2026-07-15,insp_sitrep__cumulative_confirmed_deaths__daily,Rwampara,104
2026-07-15,insp_sitrep__cumulative_confirmed_deaths__daily,Tchomia,4
2026-07-15,insp_sitrep__cumulative_confirmed_deaths__daily,Vuhovi,1
2026-07-15,insp_sitrep__cumulative_confirmed_deaths__daily,Wamba,8
2026-07-15,insp_sitrep__national_cumulative_confirmed_cases__daily,DRC,2124
2026-07-15,insp_sitrep__national_cumulative_confirmed_deaths__daily,DRC,828
2026-07-15,insp_sitrep__national_cumulative_suspected_cases__daily,DRC,389
2026-07-17,insp_sitrep__cumulative_confirmed_cases__daily,Ariwara,6
2026-07-17,insp_sitrep__cumulative_confirmed_cases__daily,Aru,4
2026-07-17,insp_sitrep__cumulative_confirmed_cases__daily,Aungba,6
2026-07-17,insp_sitrep__cumulative_confirmed_cases__daily,Bambu,36
2026-07-17,insp_sitrep__cumulative_confirmed_cases__daily,Beni,34
2026-07-17,insp_sitrep__cumulative_confirmed_cases__daily,Boga,1
2026-07-17,insp_sitrep__cumulative_confirmed_cases__daily,Boma Mangbetu,2
2026-07-17,insp_sitrep__cumulative_confirmed_cases__daily,Bunia,606
2026-07-17,insp_sitrep__cumulative_confirmed_cases__daily,Butembo,55
2026-07-17,insp_sitrep__cumulative_confirmed_cases__daily,Damas,7
2026-07-17,insp_sitrep__cumulative_confirmed_cases__daily,Drodro,5
2026-07-17,insp_sitrep__cumulative_confirmed_cases__daily,Fataki,9
2026-07-17,insp_sitrep__cumulative_confirmed_cases__daily,Gety,1
2026-07-17,insp_sitrep__cumulative_confirmed_cases__daily,Goma,1
2026-07-17,insp_sitrep__cumulative_confirmed_cases__daily,Isiro,1
2026-07-17,insp_sitrep__cumulative_confirmed_cases__daily,Kalunguta,2
2026-07-17,insp_sitrep__cumulative_confirmed_cases__daily,Kambala,2
2026-07-17,insp_sitrep__cumulative_confirmed_cases__daily,Katwa,92
2026-07-17,insp_sitrep__cumulative_confirmed_cases__daily,Kilo,11
2026-07-17,insp_sitrep__cumulative_confirmed_cases__daily,Komanda,27
2026-07-17,insp_sitrep__cumulative_confirmed_cases__daily,Kyondo,8
2026-07-17,insp_sitrep__cumulative_confirmed_cases__daily,Lita,77
2026-07-17,insp_sitrep__cumulative_confirmed_cases__daily,Logo,7
2026-07-17,insp_sitrep__cumulative_confirmed_cases__daily,Lolwa,2
2026-07-17,insp_sitrep__cumulative_confirmed_cases__daily,Lubunga (Tshopo),1
2026-07-17,insp_sitrep__cumulative_confirmed_cases__daily,Mabalako,1
2026-07-17,insp_sitrep__cumulative_confirmed_cases__daily,Mahagi,1
2026-07-17,insp_sitrep__cumulative_confirmed_cases__daily,Makiso Kisangani,2
2026-07-17,insp_sitrep__cumulative_confirmed_cases__daily,Mambasa,8
2026-07-17,insp_sitrep__cumulative_confirmed_cases__daily,Mandima,9
2026-07-17,insp_sitrep__cumulative_confirmed_cases__daily,Mangala,56
2026-07-17,insp_sitrep__cumulative_confirmed_cases__daily,Mangobo,1
2026-07-17,insp_sitrep__cumulative_confirmed_cases__daily,Masereka,3
2026-07-17,insp_sitrep__cumulative_confirmed_cases__daily,Miti-Murhesa,3
2026-07-17,insp_sitrep__cumulative_confirmed_cases__daily,Mongbwalu,355
2026-07-17,insp_sitrep__cumulative_confirmed_cases__daily,Musienene,14
2026-07-17,insp_sitrep__cumulative_confirmed_cases__daily,NA,17
2026-07-17,insp_sitrep__cumulative_confirmed_cases__daily,Nia-Nia,47
2026-07-17,insp_sitrep__cumulative_confirmed_cases__daily,Nizi,168
2026-07-17,insp_sitrep__cumulative_confirmed_cases__daily,Nyankunde,99
2026-07-17,insp_sitrep__cumulative_confirmed_cases__daily,Oicha,3
2026-07-17,insp_sitrep__cumulative_confirmed_cases__daily,Pawa,3
2026-07-17,insp_sitrep__cumulative_confirmed_cases__daily,Rimba,5
2026-07-17,insp_sitrep__cumulative_confirmed_cases__daily,Rwampara,430
2026-07-17,insp_sitrep__cumulative_confirmed_cases__daily,Tchomia,21
2026-07-17,insp_sitrep__cumulative_confirmed_cases__daily,Vuhovi,1
2026-07-17,insp_sitrep__cumulative_confirmed_cases__daily,Wamba,16
2026-07-17,insp_sitrep__cumulative_confirmed_deaths__daily,Ariwara,1
2026-07-17,insp_sitrep__cumulative_confirmed_deaths__daily,Aru,1
2026-07-17,insp_sitrep__cumulative_confirmed_deaths__daily,Aungba,2
2026-07-17,insp_sitrep__cumulative_confirmed_deaths__daily,Bambu,12
2026-07-17,insp_sitrep__cumulative_confirmed_deaths__daily,Beni,24
2026-07-17,insp_sitrep__cumulative_confirmed_deaths__daily,Boga,1
2026-07-17,insp_sitrep__cumulative_confirmed_deaths__daily,Boma Mangbetu,1
2026-07-17,insp_sitrep__cumulative_confirmed_deaths__daily,Bunia,197
2026-07-17,insp_sitrep__cumulative_confirmed_deaths__daily,Butembo,27
2026-07-17,insp_sitrep__cumulative_confirmed_deaths__daily,Damas,0
2026-07-17,insp_sitrep__cumulative_confirmed_deaths__daily,Drodro,3
2026-07-17,insp_sitrep__cumulative_confirmed_deaths__daily,Fataki,6
2026-07-17,insp_sitrep__cumulative_confirmed_deaths__daily,Gety,0
2026-07-17,insp_sitrep__cumulative_confirmed_deaths__daily,Goma,0
2026-07-17,insp_sitrep__cumulative_confirmed_deaths__daily,Isiro,1
2026-07-17,insp_sitrep__cumulative_confirmed_deaths__daily,Kalunguta,1
2026-07-17,insp_sitrep__cumulative_confirmed_deaths__daily,Kambala,2
2026-07-17,insp_sitrep__cumulative_confirmed_deaths__daily,Katwa,67
2026-07-17,insp_sitrep__cumulative_confirmed_deaths__daily,Kilo,3
2026-07-17,insp_sitrep__cumulative_confirmed_deaths__daily,Komanda,10
2026-07-17,insp_sitrep__cumulative_confirmed_deaths__daily,Kyondo,4
2026-07-17,insp_sitrep__cumulative_confirmed_deaths__daily,Lita,27
2026-07-17,insp_sitrep__cumulative_confirmed_deaths__daily,Logo,1
2026-07-17,insp_sitrep__cumulative_confirmed_deaths__daily,Lolwa,1
2026-07-17,insp_sitrep__cumulative_confirmed_deaths__daily,Lubunga (Tshopo),1
2026-07-17,insp_sitrep__cumulative_confirmed_deaths__daily,Mabalako,0
2026-07-17,insp_sitrep__cumulative_confirmed_deaths__daily,Mahagi,0
2026-07-17,insp_sitrep__cumulative_confirmed_deaths__daily,Makiso Kisangani,3
2026-07-17,insp_sitrep__cumulative_confirmed_deaths__daily,Mambasa,5
2026-07-17,insp_sitrep__cumulative_confirmed_deaths__daily,Mandima,4
2026-07-17,insp_sitrep__cumulative_confirmed_deaths__daily,Mangala,33
2026-07-17,insp_sitrep__cumulative_confirmed_deaths__daily,Mangobo,0
2026-07-17,insp_sitrep__cumulative_confirmed_deaths__daily,Masereka,0
2026-07-17,insp_sitrep__cumulative_confirmed_deaths__daily,Miti-Murhesa,1
2026-07-17,insp_sitrep__cumulative_confirmed_deaths__daily,Mongbwalu,196
2026-07-17,insp_sitrep__cumulative_confirmed_deaths__daily,Musienene,3
2026-07-17,insp_sitrep__cumulative_confirmed_deaths__daily,NA,0
2026-07-17,insp_sitrep__cumulative_confirmed_deaths__daily,Nia-Nia,12
2026-07-17,insp_sitrep__cumulative_confirmed_deaths__daily,Nizi,79
2026-07-17,insp_sitrep__cumulative_confirmed_deaths__daily,Nyankunde,28
2026-07-17,insp_sitrep__cumulative_confirmed_deaths__daily,Oicha,3
2026-07-17,insp_sitrep__cumulative_confirmed_deaths__daily,Pawa,3
2026-07-17,insp_sitrep__cumulative_confirmed_deaths__daily,Rimba,0
2026-07-17,insp_sitrep__cumulative_confirmed_deaths__daily,Rwampara,116
2026-07-17,insp_sitrep__cumulative_confirmed_deaths__daily,Tchomia,5
2026-07-17,insp_sitrep__cumulative_confirmed_deaths__daily,Vuhovi,1
2026-07-17,insp_sitrep__cumulative_confirmed_deaths__daily,Wamba,8
2026-07-17,insp_sitrep__national_cumulative_confirmed_cases__daily,DRC,2267
2026-07-17,insp_sitrep__national_cumulative_confirmed_deaths__daily,DRC,893
2026-07-17,insp_sitrep__national_cumulative_suspected_cases__daily,DRC,236
2026-07-18,insp_sitrep__cumulative_confirmed_cases__daily,Ariwara,6
2026-07-18,insp_sitrep__cumulative_confirmed_cases__daily,Aru,4
2026-07-18,insp_sitrep__cumulative_confirmed_cases__daily,Aungba,6
2026-07-18,insp_sitrep__cumulative_confirmed_cases__daily,Bambu,36
2026-07-18,insp_sitrep__cumulative_confirmed_cases__daily,Beni,37
2026-07-18,insp_sitrep__cumulative_confirmed_cases__daily,Boga,1
2026-07-18,insp_sitrep__cumulative_confirmed_cases__daily,Boma Mangbetu,4
2026-07-18,insp_sitrep__cumulative_confirmed_cases__daily,Bunia,621
2026-07-18,insp_sitrep__cumulative_confirmed_cases__daily,Butembo,57
2026-07-18,insp_sitrep__cumulative_confirmed_cases__daily,Damas,7
2026-07-18,insp_sitrep__cumulative_confirmed_cases__daily,Drodro,5
2026-07-18,insp_sitrep__cumulative_confirmed_cases__daily,Fataki,11
2026-07-18,insp_sitrep__cumulative_confirmed_cases__daily,Gety,1
2026-07-18,insp_sitrep__cumulative_confirmed_cases__daily,Goma,1
2026-07-18,insp_sitrep__cumulative_confirmed_cases__daily,Isiro,3
2026-07-18,insp_sitrep__cumulative_confirmed_cases__daily,Kalunguta,2
2026-07-18,insp_sitrep__cumulative_confirmed_cases__daily,Kambala,2
2026-07-18,insp_sitrep__cumulative_confirmed_cases__daily,Katwa,98
2026-07-18,insp_sitrep__cumulative_confirmed_cases__daily,Kilo,11
2026-07-18,insp_sitrep__cumulative_confirmed_cases__daily,Komanda,27
2026-07-18,insp_sitrep__cumulative_confirmed_cases__daily,Kyondo,9
2026-07-18,insp_sitrep__cumulative_confirmed_cases__daily,Lita,77
2026-07-18,insp_sitrep__cumulative_confirmed_cases__daily,Logo,7
2026-07-18,insp_sitrep__cumulative_confirmed_cases__daily,Lolwa,2
2026-07-18,insp_sitrep__cumulative_confirmed_cases__daily,Lubunga (Tshopo),1
2026-07-18,insp_sitrep__cumulative_confirmed_cases__daily,Mabalako,1
2026-07-18,insp_sitrep__cumulative_confirmed_cases__daily,Mahagi,1
2026-07-18,insp_sitrep__cumulative_confirmed_cases__daily,Makiso Kisangani,3
2026-07-18,insp_sitrep__cumulative_confirmed_cases__daily,Mambasa,8
2026-07-18,insp_sitrep__cumulative_confirmed_cases__daily,Mandima,9
2026-07-18,insp_sitrep__cumulative_confirmed_cases__daily,Mangala,58
2026-07-18,insp_sitrep__cumulative_confirmed_cases__daily,Mangobo,1
2026-07-18,insp_sitrep__cumulative_confirmed_cases__daily,Masereka,3
2026-07-18,insp_sitrep__cumulative_confirmed_cases__daily,Miti-Murhesa,3
2026-07-18,insp_sitrep__cumulative_confirmed_cases__daily,Mongbwalu,360
2026-07-18,insp_sitrep__cumulative_confirmed_cases__daily,Musienene,18
2026-07-18,insp_sitrep__cumulative_confirmed_cases__daily,NA,17
2026-07-18,insp_sitrep__cumulative_confirmed_cases__daily,Nia-Nia,49
2026-07-18,insp_sitrep__cumulative_confirmed_cases__daily,Nizi,198
2026-07-18,insp_sitrep__cumulative_confirmed_cases__daily,Nyankunde,99
2026-07-18,insp_sitrep__cumulative_confirmed_cases__daily,Oicha,3
2026-07-18,insp_sitrep__cumulative_confirmed_cases__daily,Pawa,3
2026-07-18,insp_sitrep__cumulative_confirmed_cases__daily,Rimba,5
2026-07-18,insp_sitrep__cumulative_confirmed_cases__daily,Rwampara,440
2026-07-18,insp_sitrep__cumulative_confirmed_cases__daily,Tchomia,22
2026-07-18,insp_sitrep__cumulative_confirmed_cases__daily,Vuhovi,1
2026-07-18,insp_sitrep__cumulative_confirmed_cases__daily,Wamba,6
2026-07-18,insp_sitrep__cumulative_confirmed_deaths__daily,Ariwara,1
2026-07-18,insp_sitrep__cumulative_confirmed_deaths__daily,Aru,1
2026-07-18,insp_sitrep__cumulative_confirmed_deaths__daily,Aungba,2
2026-07-18,insp_sitrep__cumulative_confirmed_deaths__daily,Bambu,12
2026-07-18,insp_sitrep__cumulative_confirmed_deaths__daily,Beni,25
2026-07-18,insp_sitrep__cumulative_confirmed_deaths__daily,Boga,1
2026-07-18,insp_sitrep__cumulative_confirmed_deaths__daily,Boma Mangbetu,2
2026-07-18,insp_sitrep__cumulative_confirmed_deaths__daily,Bunia,202
2026-07-18,insp_sitrep__cumulative_confirmed_deaths__daily,Butembo,29
2026-07-18,insp_sitrep__cumulative_confirmed_deaths__daily,Damas,0
2026-07-18,insp_sitrep__cumulative_confirmed_deaths__daily,Drodro,3
2026-07-18,insp_sitrep__cumulative_confirmed_deaths__daily,Fataki,7
2026-07-18,insp_sitrep__cumulative_confirmed_deaths__daily,Gety,0
2026-07-18,insp_sitrep__cumulative_confirmed_deaths__daily,Goma,0
2026-07-18,insp_sitrep__cumulative_confirmed_deaths__daily,Isiro,2
2026-07-18,insp_sitrep__cumulative_confirmed_deaths__daily,Kalunguta,1
2026-07-18,insp_sitrep__cumulative_confirmed_deaths__daily,Kambala,2
2026-07-18,insp_sitrep__cumulative_confirmed_deaths__daily,Katwa,71
2026-07-18,insp_sitrep__cumulative_confirmed_deaths__daily,Kilo,3
2026-07-18,insp_sitrep__cumulative_confirmed_deaths__daily,Komanda,10
2026-07-18,insp_sitrep__cumulative_confirmed_deaths__daily,Kyondo,4
2026-07-18,insp_sitrep__cumulative_confirmed_deaths__daily,Lita,27
2026-07-18,insp_sitrep__cumulative_confirmed_deaths__daily,Logo,1
2026-07-18,insp_sitrep__cumulative_confirmed_deaths__daily,Lolwa,1
2026-07-18,insp_sitrep__cumulative_confirmed_deaths__daily,Lubunga (Tshopo),0
2026-07-18,insp_sitrep__cumulative_confirmed_deaths__daily,Mabalako,0
2026-07-18,insp_sitrep__cumulative_confirmed_deaths__daily,Mahagi,0
2026-07-18,insp_sitrep__cumulative_confirmed_deaths__daily,Makiso Kisangani,3
2026-07-18,insp_sitrep__cumulative_confirmed_deaths__daily,Mambasa,6
2026-07-18,insp_sitrep__cumulative_confirmed_deaths__daily,Mandima,4
2026-07-18,insp_sitrep__cumulative_confirmed_deaths__daily,Mangala,35
2026-07-18,insp_sitrep__cumulative_confirmed_deaths__daily,Mangobo,1
2026-07-18,insp_sitrep__cumulative_confirmed_deaths__daily,Masereka,0
2026-07-18,insp_sitrep__cumulative_confirmed_deaths__daily,Miti-Murhesa,1
2026-07-18,insp_sitrep__cumulative_confirmed_deaths__daily,Mongbwalu,199
2026-07-18,insp_sitrep__cumulative_confirmed_deaths__daily,Musienene,5
2026-07-18,insp_sitrep__cumulative_confirmed_deaths__daily,NA,0
2026-07-18,insp_sitrep__cumulative_confirmed_deaths__daily,Nia-Nia,15
2026-07-18,insp_sitrep__cumulative_confirmed_deaths__daily,Nizi,87
2026-07-18,insp_sitrep__cumulative_confirmed_deaths__daily,Nyankunde,28
2026-07-18,insp_sitrep__cumulative_confirmed_deaths__daily,Oicha,3
2026-07-18,insp_sitrep__cumulative_confirmed_deaths__daily,Pawa,3
2026-07-18,insp_sitrep__cumulative_confirmed_deaths__daily,Rimba,0
2026-07-18,insp_sitrep__cumulative_confirmed_deaths__daily,Rwampara,124
2026-07-18,insp_sitrep__cumulative_confirmed_deaths__daily,Tchomia,5
2026-07-18,insp_sitrep__cumulative_confirmed_deaths__daily,Vuhovi,1
2026-07-18,insp_sitrep__cumulative_confirmed_deaths__daily,Wamba,3
2026-07-18,insp_sitrep__national_cumulative_confirmed_cases__daily,DRC,2344
2026-07-18,insp_sitrep__national_cumulative_confirmed_deaths__daily,DRC,930
2026-07-18,insp_sitrep__national_cumulative_suspected_cases__daily,DRC,192
2026-07-19,insp_sitrep__cumulative_confirmed_cases__daily,Adja,10
2026-07-19,insp_sitrep__cumulative_confirmed_cases__daily,Ariwara,7
2026-07-19,insp_sitrep__cumulative_confirmed_cases__daily,Aru,4
2026-07-19,insp_sitrep__cumulative_confirmed_cases__daily,Aungba,6
2026-07-19,insp_sitrep__cumulative_confirmed_cases__daily,Bambu,40
2026-07-19,insp_sitrep__cumulative_confirmed_cases__daily,Beni,37
2026-07-19,insp_sitrep__cumulative_confirmed_cases__daily,Boga,1
2026-07-19,insp_sitrep__cumulative_confirmed_cases__daily,Boma Mangbetu,4
2026-07-19,insp_sitrep__cumulative_confirmed_cases__daily,Bunia,639
2026-07-19,insp_sitrep__cumulative_confirmed_cases__daily,Butembo,58
2026-07-19,insp_sitrep__cumulative_confirmed_cases__daily,Damas,7
2026-07-19,insp_sitrep__cumulative_confirmed_cases__daily,Drodro,5
2026-07-19,insp_sitrep__cumulative_confirmed_cases__daily,Fataki,11
2026-07-19,insp_sitrep__cumulative_confirmed_cases__daily,Gety,1
2026-07-19,insp_sitrep__cumulative_confirmed_cases__daily,Goma,1
2026-07-19,insp_sitrep__cumulative_confirmed_cases__daily,Isiro,3
2026-07-19,insp_sitrep__cumulative_confirmed_cases__daily,Kalunguta,2
2026-07-19,insp_sitrep__cumulative_confirmed_cases__daily,Kambala,2
2026-07-19,insp_sitrep__cumulative_confirmed_cases__daily,Katwa,104
2026-07-19,insp_sitrep__cumulative_confirmed_cases__daily,Kilo,11
2026-07-19,insp_sitrep__cumulative_confirmed_cases__daily,Komanda,27
2026-07-19,insp_sitrep__cumulative_confirmed_cases__daily,Kyondo,9
2026-07-19,insp_sitrep__cumulative_confirmed_cases__daily,Lita,78
2026-07-19,insp_sitrep__cumulative_confirmed_cases__daily,Logo,8
2026-07-19,insp_sitrep__cumulative_confirmed_cases__daily,Lolwa,2
2026-07-19,insp_sitrep__cumulative_confirmed_cases__daily,Lubunga,1
2026-07-19,insp_sitrep__cumulative_confirmed_cases__daily,Mabalako,1
2026-07-19,insp_sitrep__cumulative_confirmed_cases__daily,Mahagi,1
2026-07-19,insp_sitrep__cumulative_confirmed_cases__daily,Makiso-Kisangani,3
2026-07-19,insp_sitrep__cumulative_confirmed_cases__daily,Mambasa,8
2026-07-19,insp_sitrep__cumulative_confirmed_cases__daily,Mandima,9
2026-07-19,insp_sitrep__cumulative_confirmed_cases__daily,Mangala,61
2026-07-19,insp_sitrep__cumulative_confirmed_cases__daily,Mangobo,1
2026-07-19,insp_sitrep__cumulative_confirmed_cases__daily,Masereka,3
2026-07-19,insp_sitrep__cumulative_confirmed_cases__daily,Miti-Murhesa,3
2026-07-19,insp_sitrep__cumulative_confirmed_cases__daily,Mongbwalu,363
2026-07-19,insp_sitrep__cumulative_confirmed_cases__daily,Musienene,19
2026-07-19,insp_sitrep__cumulative_confirmed_cases__daily,NA,17
2026-07-19,insp_sitrep__cumulative_confirmed_cases__daily,Nia-Nia,51
2026-07-19,insp_sitrep__cumulative_confirmed_cases__daily,Nizi,214
2026-07-19,insp_sitrep__cumulative_confirmed_cases__daily,Nyankunde,99
2026-07-19,insp_sitrep__cumulative_confirmed_cases__daily,Oicha,4
2026-07-19,insp_sitrep__cumulative_confirmed_cases__daily,Pawa,3
2026-07-19,insp_sitrep__cumulative_confirmed_cases__daily,Rimba,5
2026-07-19,insp_sitrep__cumulative_confirmed_cases__daily,Rwampara,450
2026-07-19,insp_sitrep__cumulative_confirmed_cases__daily,Tchomia,23
2026-07-19,insp_sitrep__cumulative_confirmed_cases__daily,Vuhovi,1
2026-07-19,insp_sitrep__cumulative_confirmed_cases__daily,Wamba,6
2026-07-19,insp_sitrep__cumulative_confirmed_deaths__daily,Adja,1
2026-07-19,insp_sitrep__cumulative_confirmed_deaths__daily,Ariwara,1
2026-07-19,insp_sitrep__cumulative_confirmed_deaths__daily,Aru,1
2026-07-19,insp_sitrep__cumulative_confirmed_deaths__daily,Aungba,2
2026-07-19,insp_sitrep__cumulative_confirmed_deaths__daily,Bambu,14
2026-07-19,insp_sitrep__cumulative_confirmed_deaths__daily,Beni,25
2026-07-19,insp_sitrep__cumulative_confirmed_deaths__daily,Boga,1
2026-07-19,insp_sitrep__cumulative_confirmed_deaths__daily,Boma Mangbetu,2
2026-07-19,insp_sitrep__cumulative_confirmed_deaths__daily,Bunia,211
2026-07-19,insp_sitrep__cumulative_confirmed_deaths__daily,Butembo,30
2026-07-19,insp_sitrep__cumulative_confirmed_deaths__daily,Damas,0
2026-07-19,insp_sitrep__cumulative_confirmed_deaths__daily,Drodro,3
2026-07-19,insp_sitrep__cumulative_confirmed_deaths__daily,Fataki,7
2026-07-19,insp_sitrep__cumulative_confirmed_deaths__daily,Gety,0
2026-07-19,insp_sitrep__cumulative_confirmed_deaths__daily,Goma,0
2026-07-19,insp_sitrep__cumulative_confirmed_deaths__daily,Isiro,2
2026-07-19,insp_sitrep__cumulative_confirmed_deaths__daily,Kalunguta,1
2026-07-19,insp_sitrep__cumulative_confirmed_deaths__daily,Kambala,2
2026-07-19,insp_sitrep__cumulative_confirmed_deaths__daily,Katwa,72
2026-07-19,insp_sitrep__cumulative_confirmed_deaths__daily,Kilo,3
2026-07-19,insp_sitrep__cumulative_confirmed_deaths__daily,Komanda,10
2026-07-19,insp_sitrep__cumulative_confirmed_deaths__daily,Kyondo,4
2026-07-19,insp_sitrep__cumulative_confirmed_deaths__daily,Lita,27
2026-07-19,insp_sitrep__cumulative_confirmed_deaths__daily,Logo,1
2026-07-19,insp_sitrep__cumulative_confirmed_deaths__daily,Lolwa,1
2026-07-19,insp_sitrep__cumulative_confirmed_deaths__daily,Lubunga,0
2026-07-19,insp_sitrep__cumulative_confirmed_deaths__daily,Mabalako,0
2026-07-19,insp_sitrep__cumulative_confirmed_deaths__daily,Mahagi,0
2026-07-19,insp_sitrep__cumulative_confirmed_deaths__daily,Makiso-Kisangani,3
2026-07-19,insp_sitrep__cumulative_confirmed_deaths__daily,Mambasa,6
2026-07-19,insp_sitrep__cumulative_confirmed_deaths__daily,Mandima,4
2026-07-19,insp_sitrep__cumulative_confirmed_deaths__daily,Mangala,38
2026-07-19,insp_sitrep__cumulative_confirmed_deaths__daily,Mangobo,1
2026-07-19,insp_sitrep__cumulative_confirmed_deaths__daily,Masereka,0
2026-07-19,insp_sitrep__cumulative_confirmed_deaths__daily,Miti-Murhesa,1
2026-07-19,insp_sitrep__cumulative_confirmed_deaths__daily,Mongbwalu,203
2026-07-19,insp_sitrep__cumulative_confirmed_deaths__daily,Musienene,5
2026-07-19,insp_sitrep__cumulative_confirmed_deaths__daily,NA,0
2026-07-19,insp_sitrep__cumulative_confirmed_deaths__daily,Nia-Nia,15
2026-07-19,insp_sitrep__cumulative_confirmed_deaths__daily,Nizi,93
2026-07-19,insp_sitrep__cumulative_confirmed_deaths__daily,Nyankunde,28
2026-07-19,insp_sitrep__cumulative_confirmed_deaths__daily,Oicha,3
2026-07-19,insp_sitrep__cumulative_confirmed_deaths__daily,Pawa,3
2026-07-19,insp_sitrep__cumulative_confirmed_deaths__daily,Rimba,0
2026-07-19,insp_sitrep__cumulative_confirmed_deaths__daily,Rwampara,133
2026-07-19,insp_sitrep__cumulative_confirmed_deaths__daily,Tchomia,6
2026-07-19,insp_sitrep__cumulative_confirmed_deaths__daily,Vuhovi,1
2026-07-19,insp_sitrep__cumulative_confirmed_deaths__daily,Wamba,3
2026-07-19,insp_sitrep__national_cumulative_confirmed_cases__daily,DRC,2423
2026-07-19,insp_sitrep__national_cumulative_confirmed_deaths__daily,DRC,967
2026-07-19,insp_sitrep__national_cumulative_suspected_cases__daily,DRC,252
2026-07-20,insp_sitrep__cumulative_confirmed_cases__daily,Adja,10
2026-07-20,insp_sitrep__cumulative_confirmed_cases__daily,Ariwara,10
2026-07-20,insp_sitrep__cumulative_confirmed_cases__daily,Aru,4
2026-07-20,insp_sitrep__cumulative_confirmed_cases__daily,Aungba,6
2026-07-20,insp_sitrep__cumulative_confirmed_cases__daily,Bambu,40
2026-07-20,insp_sitrep__cumulative_confirmed_cases__daily,Beni,37
2026-07-20,insp_sitrep__cumulative_confirmed_cases__daily,Boga,1
2026-07-20,insp_sitrep__cumulative_confirmed_cases__daily,Boma Mangbetu,4
2026-07-20,insp_sitrep__cumulative_confirmed_cases__daily,Bunia,657
2026-07-20,insp_sitrep__cumulative_confirmed_cases__daily,Butembo,61
2026-07-20,insp_sitrep__cumulative_confirmed_cases__daily,Damas,7
2026-07-20,insp_sitrep__cumulative_confirmed_cases__daily,Drodro,5
2026-07-20,insp_sitrep__cumulative_confirmed_cases__daily,Fataki,11
2026-07-20,insp_sitrep__cumulative_confirmed_cases__daily,Gety,1
2026-07-20,insp_sitrep__cumulative_confirmed_cases__daily,Goma,1
2026-07-20,insp_sitrep__cumulative_confirmed_cases__daily,Isiro,3
2026-07-20,insp_sitrep__cumulative_confirmed_cases__daily,Kalunguta,2
2026-07-20,insp_sitrep__cumulative_confirmed_cases__daily,Kambala,2
2026-07-20,insp_sitrep__cumulative_confirmed_cases__daily,Katwa,108
2026-07-20,insp_sitrep__cumulative_confirmed_cases__daily,Kilo,11
2026-07-20,insp_sitrep__cumulative_confirmed_cases__daily,Komanda,27
2026-07-20,insp_sitrep__cumulative_confirmed_cases__daily,Kyondo,10
2026-07-20,insp_sitrep__cumulative_confirmed_cases__daily,Lita,78
2026-07-20,insp_sitrep__cumulative_confirmed_cases__daily,Logo,8
2026-07-20,insp_sitrep__cumulative_confirmed_cases__daily,Lolwa,2
2026-07-20,insp_sitrep__cumulative_confirmed_cases__daily,Lubunga,1
2026-07-20,insp_sitrep__cumulative_confirmed_cases__daily,Mabalako,1
2026-07-20,insp_sitrep__cumulative_confirmed_cases__daily,Mahagi,1
2026-07-20,insp_sitrep__cumulative_confirmed_cases__daily,Makiso-Kisangani,3
2026-07-20,insp_sitrep__cumulative_confirmed_cases__daily,Mambasa,8
2026-07-20,insp_sitrep__cumulative_confirmed_cases__daily,Mandima,10
2026-07-20,insp_sitrep__cumulative_confirmed_cases__daily,Mangala,61
2026-07-20,insp_sitrep__cumulative_confirmed_cases__daily,Mangobo,1
2026-07-20,insp_sitrep__cumulative_confirmed_cases__daily,Masereka,3
2026-07-20,insp_sitrep__cumulative_confirmed_cases__daily,Miti-Murhesa,3
2026-07-20,insp_sitrep__cumulative_confirmed_cases__daily,Mongbwalu,364
2026-07-20,insp_sitrep__cumulative_confirmed_cases__daily,Musienene,19
2026-07-20,insp_sitrep__cumulative_confirmed_cases__daily,NA,17
2026-07-20,insp_sitrep__cumulative_confirmed_cases__daily,Nia-Nia,54
2026-07-20,insp_sitrep__cumulative_confirmed_cases__daily,Nizi,223
2026-07-20,insp_sitrep__cumulative_confirmed_cases__daily,Nyankunde,99
2026-07-20,insp_sitrep__cumulative_confirmed_cases__daily,Oicha,4
2026-07-20,insp_sitrep__cumulative_confirmed_cases__daily,Pawa,3
2026-07-20,insp_sitrep__cumulative_confirmed_cases__daily,Rimba,5
2026-07-20,insp_sitrep__cumulative_confirmed_cases__daily,Rwampara,457
2026-07-20,insp_sitrep__cumulative_confirmed_cases__daily,Tchomia,23
2026-07-20,insp_sitrep__cumulative_confirmed_cases__daily,Vuhovi,1
2026-07-20,insp_sitrep__cumulative_confirmed_cases__daily,Wamba,6
2026-07-20,insp_sitrep__cumulative_confirmed_deaths__daily,Adja,1
2026-07-20,insp_sitrep__cumulative_confirmed_deaths__daily,Ariwara,1
2026-07-20,insp_sitrep__cumulative_confirmed_deaths__daily,Aru,2
2026-07-20,insp_sitrep__cumulative_confirmed_deaths__daily,Aungba,2
2026-07-20,insp_sitrep__cumulative_confirmed_deaths__daily,Bambu,14
2026-07-20,insp_sitrep__cumulative_confirmed_deaths__daily,Beni,25
2026-07-20,insp_sitrep__cumulative_confirmed_deaths__daily,Boga,1
2026-07-20,insp_sitrep__cumulative_confirmed_deaths__daily,Boma Mangbetu,2
2026-07-20,insp_sitrep__cumulative_confirmed_deaths__daily,Bunia,219
2026-07-20,insp_sitrep__cumulative_confirmed_deaths__daily,Butembo,31
2026-07-20,insp_sitrep__cumulative_confirmed_deaths__daily,Damas,0
2026-07-20,insp_sitrep__cumulative_confirmed_deaths__daily,Drodro,3
2026-07-20,insp_sitrep__cumulative_confirmed_deaths__daily,Fataki,7
2026-07-20,insp_sitrep__cumulative_confirmed_deaths__daily,Gety,0
2026-07-20,insp_sitrep__cumulative_confirmed_deaths__daily,Goma,0
2026-07-20,insp_sitrep__cumulative_confirmed_deaths__daily,Isiro,2
2026-07-20,insp_sitrep__cumulative_confirmed_deaths__daily,Kalunguta,1
2026-07-20,insp_sitrep__cumulative_confirmed_deaths__daily,Kambala,2
2026-07-20,insp_sitrep__cumulative_confirmed_deaths__daily,Katwa,74
2026-07-20,insp_sitrep__cumulative_confirmed_deaths__daily,Kilo,3
2026-07-20,insp_sitrep__cumulative_confirmed_deaths__daily,Komanda,11
2026-07-20,insp_sitrep__cumulative_confirmed_deaths__daily,Kyondo,5
2026-07-20,insp_sitrep__cumulative_confirmed_deaths__daily,Lita,27
2026-07-20,insp_sitrep__cumulative_confirmed_deaths__daily,Logo,1
2026-07-20,insp_sitrep__cumulative_confirmed_deaths__daily,Lolwa,1
2026-07-20,insp_sitrep__cumulative_confirmed_deaths__daily,Lubunga,0
2026-07-20,insp_sitrep__cumulative_confirmed_deaths__daily,Mabalako,0
2026-07-20,insp_sitrep__cumulative_confirmed_deaths__daily,Mahagi,0
2026-07-20,insp_sitrep__cumulative_confirmed_deaths__daily,Makiso-Kisangani,3
2026-07-20,insp_sitrep__cumulative_confirmed_deaths__daily,Mambasa,6
2026-07-20,insp_sitrep__cumulative_confirmed_deaths__daily,Mandima,5
2026-07-20,insp_sitrep__cumulative_confirmed_deaths__daily,Mangala,38
2026-07-20,insp_sitrep__cumulative_confirmed_deaths__daily,Mangobo,1
2026-07-20,insp_sitrep__cumulative_confirmed_deaths__daily,Masereka,0
2026-07-20,insp_sitrep__cumulative_confirmed_deaths__daily,Miti-Murhesa,1
2026-07-20,insp_sitrep__cumulative_confirmed_deaths__daily,Mongbwalu,204
2026-07-20,insp_sitrep__cumulative_confirmed_deaths__daily,Musienene,5
2026-07-20,insp_sitrep__cumulative_confirmed_deaths__daily,NA,0
2026-07-20,insp_sitrep__cumulative_confirmed_deaths__daily,Nia-Nia,16
2026-07-20,insp_sitrep__cumulative_confirmed_deaths__daily,Nizi,99
2026-07-20,insp_sitrep__cumulative_confirmed_deaths__daily,Nyankunde,28
2026-07-20,insp_sitrep__cumulative_confirmed_deaths__daily,Oicha,4
2026-07-20,insp_sitrep__cumulative_confirmed_deaths__daily,Pawa,3
2026-07-20,insp_sitrep__cumulative_confirmed_deaths__daily,Rimba,0
2026-07-20,insp_sitrep__cumulative_confirmed_deaths__daily,Rwampara,140
2026-07-20,insp_sitrep__cumulative_confirmed_deaths__daily,Tchomia,7
2026-07-20,insp_sitrep__cumulative_confirmed_deaths__daily,Vuhovi,1
2026-07-20,insp_sitrep__cumulative_confirmed_deaths__daily,Wamba,3
2026-07-20,insp_sitrep__national_cumulative_confirmed_cases__daily,DRC,2473
2026-07-20,insp_sitrep__national_cumulative_confirmed_deaths__daily,DRC,999
2026-07-20,insp_sitrep__national_cumulative_suspected_cases__daily,DRC,322
2026-07-22,insp_sitrep__cumulative_confirmed_cases__daily,Adja,10
2026-07-22,insp_sitrep__cumulative_confirmed_cases__daily,Ariwara,7
2026-07-22,insp_sitrep__cumulative_confirmed_cases__daily,Aru,5
2026-07-22,insp_sitrep__cumulative_confirmed_cases__daily,Aungba,4
2026-07-22,insp_sitrep__cumulative_confirmed_cases__daily,Bambu,51
2026-07-22,insp_sitrep__cumulative_confirmed_cases__daily,Beni,41
2026-07-22,insp_sitrep__cumulative_confirmed_cases__daily,Boga,1
2026-07-22,insp_sitrep__cumulative_confirmed_cases__daily,Boma Mangbetu,6
2026-07-22,insp_sitrep__cumulative_confirmed_cases__daily,Bunia,696
2026-07-22,insp_sitrep__cumulative_confirmed_cases__daily,Butembo,62
2026-07-22,insp_sitrep__cumulative_confirmed_cases__daily,Damas,13
2026-07-22,insp_sitrep__cumulative_confirmed_cases__daily,Drodro,6
2026-07-22,insp_sitrep__cumulative_confirmed_cases__daily,Fataki,17
2026-07-22,insp_sitrep__cumulative_confirmed_cases__daily,Gety,1
2026-07-22,insp_sitrep__cumulative_confirmed_cases__daily,Goma,1
2026-07-22,insp_sitrep__cumulative_confirmed_cases__daily,Isiro,8
2026-07-22,insp_sitrep__cumulative_confirmed_cases__daily,Kalunguta,4
2026-07-22,insp_sitrep__cumulative_confirmed_cases__daily,Kambala,2
2026-07-22,insp_sitrep__cumulative_confirmed_cases__daily,Katwa,121
2026-07-22,insp_sitrep__cumulative_confirmed_cases__daily,Kilo,23
2026-07-22,insp_sitrep__cumulative_confirmed_cases__daily,Komanda,30
2026-07-22,insp_sitrep__cumulative_confirmed_cases__daily,Kyondo,10
2026-07-22,insp_sitrep__cumulative_confirmed_cases__daily,Lita,101
2026-07-22,insp_sitrep__cumulative_confirmed_cases__daily,Logo,8
2026-07-22,insp_sitrep__cumulative_confirmed_cases__daily,Lolwa,4
2026-07-22,insp_sitrep__cumulative_confirmed_cases__daily,Lubunga,1
2026-07-22,insp_sitrep__cumulative_confirmed_cases__daily,Mabalako,1
2026-07-22,insp_sitrep__cumulative_confirmed_cases__daily,Mahagi,1
2026-07-22,insp_sitrep__cumulative_confirmed_cases__daily,Makiso-Kisangani,3
2026-07-22,insp_sitrep__cumulative_confirmed_cases__daily,Mambasa,7
2026-07-22,insp_sitrep__cumulative_confirmed_cases__daily,Mandima,13
2026-07-22,insp_sitrep__cumulative_confirmed_cases__daily,Mangala,86
2026-07-22,insp_sitrep__cumulative_confirmed_cases__daily,Mangobo,1
2026-07-22,insp_sitrep__cumulative_confirmed_cases__daily,Masereka,4
2026-07-22,insp_sitrep__cumulative_confirmed_cases__daily,Miti-Murhesa,3
2026-07-22,insp_sitrep__cumulative_confirmed_cases__daily,Mongbwalu,482
2026-07-22,insp_sitrep__cumulative_confirmed_cases__daily,Musienene,26
2026-07-22,insp_sitrep__cumulative_confirmed_cases__daily,Nia-Nia,78
2026-07-22,insp_sitrep__cumulative_confirmed_cases__daily,Nizi,308
2026-07-22,insp_sitrep__cumulative_confirmed_cases__daily,Nyankunde,114
2026-07-22,insp_sitrep__cumulative_confirmed_cases__daily,Oicha,4
2026-07-22,insp_sitrep__cumulative_confirmed_cases__daily,Pawa,7
2026-07-22,insp_sitrep__cumulative_confirmed_cases__daily,Rimba,7
2026-07-22,insp_sitrep__cumulative_confirmed_cases__daily,Rwampara,481
2026-07-22,insp_sitrep__cumulative_confirmed_cases__daily,Tchomia,39
2026-07-22,insp_sitrep__cumulative_confirmed_cases__daily,Vuhovi,1
2026-07-22,insp_sitrep__cumulative_confirmed_cases__daily,Wamba,6
2026-07-22,insp_sitrep__cumulative_confirmed_deaths__daily,Adja,1
2026-07-22,insp_sitrep__cumulative_confirmed_deaths__daily,Ariwara,1
2026-07-22,insp_sitrep__cumulative_confirmed_deaths__daily,Aru,1
2026-07-22,insp_sitrep__cumulative_confirmed_deaths__daily,Aungba,4
2026-07-22,insp_sitrep__cumulative_confirmed_deaths__daily,Bambu,9
2026-07-22,insp_sitrep__cumulative_confirmed_deaths__daily,Beni,29
2026-07-22,insp_sitrep__cumulative_confirmed_deaths__daily,Boga,1
2026-07-22,insp_sitrep__cumulative_confirmed_deaths__daily,Boma Mangbetu,2
2026-07-22,insp_sitrep__cumulative_confirmed_deaths__daily,Bunia,175
2026-07-22,insp_sitrep__cumulative_confirmed_deaths__daily,Butembo,39
2026-07-22,insp_sitrep__cumulative_confirmed_deaths__daily,Damas,8
2026-07-22,insp_sitrep__cumulative_confirmed_deaths__daily,Drodro,4
2026-07-22,insp_sitrep__cumulative_confirmed_deaths__daily,Fataki,6
2026-07-22,insp_sitrep__cumulative_confirmed_deaths__daily,Gety,0
2026-07-22,insp_sitrep__cumulative_confirmed_deaths__daily,Goma,0
2026-07-22,insp_sitrep__cumulative_confirmed_deaths__daily,Isiro,5
2026-07-22,insp_sitrep__cumulative_confirmed_deaths__daily,Kalunguta,3
2026-07-22,insp_sitrep__cumulative_confirmed_deaths__daily,Kambala,0
2026-07-22,insp_sitrep__cumulative_confirmed_deaths__daily,Katwa,77
2026-07-22,insp_sitrep__cumulative_confirmed_deaths__daily,Kilo,11
2026-07-22,insp_sitrep__cumulative_confirmed_deaths__daily,Komanda,21
2026-07-22,insp_sitrep__cumulative_confirmed_deaths__daily,Kyondo,7
2026-07-22,insp_sitrep__cumulative_confirmed_deaths__daily,Lita,58
2026-07-22,insp_sitrep__cumulative_confirmed_deaths__daily,Logo,3
2026-07-22,insp_sitrep__cumulative_confirmed_deaths__daily,Lolwa,1
2026-07-22,insp_sitrep__cumulative_confirmed_deaths__daily,Lubunga,0
2026-07-22,insp_sitrep__cumulative_confirmed_deaths__daily,Mabalako,0
2026-07-22,insp_sitrep__cumulative_confirmed_deaths__daily,Mahagi,1
2026-07-22,insp_sitrep__cumulative_confirmed_deaths__daily,Makiso-Kisangani,3
2026-07-22,insp_sitrep__cumulative_confirmed_deaths__daily,Mambasa,4
2026-07-22,insp_sitrep__cumulative_confirmed_deaths__daily,Mandima,9
2026-07-22,insp_sitrep__cumulative_confirmed_deaths__daily,Mangala,59
2026-07-22,insp_sitrep__cumulative_confirmed_deaths__daily,Mangobo,1
2026-07-22,insp_sitrep__cumulative_confirmed_deaths__daily,Masereka,0
2026-07-22,insp_sitrep__cumulative_confirmed_deaths__daily,Miti-Murhesa,1
2026-07-22,insp_sitrep__cumulative_confirmed_deaths__daily,Mongbwalu,226
2026-07-22,insp_sitrep__cumulative_confirmed_deaths__daily,Musienene,13
2026-07-22,insp_sitrep__cumulative_confirmed_deaths__daily,Nia-Nia,41
2026-07-22,insp_sitrep__cumulative_confirmed_deaths__daily,Nizi,144
2026-07-22,insp_sitrep__cumulative_confirmed_deaths__daily,Nyankunde,30
2026-07-22,insp_sitrep__cumulative_confirmed_deaths__daily,Oicha,3
2026-07-22,insp_sitrep__cumulative_confirmed_deaths__daily,Pawa,5
2026-07-22,insp_sitrep__cumulative_confirmed_deaths__daily,Rimba,4
2026-07-22,insp_sitrep__cumulative_confirmed_deaths__daily,Rwampara,231
2026-07-22,insp_sitrep__cumulative_confirmed_deaths__daily,Tchomia,24
2026-07-22,insp_sitrep__cumulative_confirmed_deaths__daily,Vuhovi,1
2026-07-22,insp_sitrep__cumulative_confirmed_deaths__daily,Wamba,3
2026-07-22,insp_sitrep__national_cumulative_confirmed_cases__daily,DRC,2905
2026-07-22,insp_sitrep__national_cumulative_confirmed_deaths__daily,DRC,1269
2026-07-22,insp_sitrep__national_cumulative_suspected_cases__daily,DRC,318
2026-07-23,insp_sitrep__cumulative_confirmed_cases__daily,Adja,10
2026-07-23,insp_sitrep__cumulative_confirmed_cases__daily,Ariwara,7
2026-07-23,insp_sitrep__cumulative_confirmed_cases__daily,Aru,5
2026-07-23,insp_sitrep__cumulative_confirmed_cases__daily,Aungba,4
2026-07-23,insp_sitrep__cumulative_confirmed_cases__daily,Bambu,51
2026-07-23,insp_sitrep__cumulative_confirmed_cases__daily,Beni,42
2026-07-23,insp_sitrep__cumulative_confirmed_cases__daily,Boga,1
2026-07-23,insp_sitrep__cumulative_confirmed_cases__daily,Boma Mangbetu,6
2026-07-23,insp_sitrep__cumulative_confirmed_cases__daily,Bunia,713
2026-07-23,insp_sitrep__cumulative_confirmed_cases__daily,Butembo,63
2026-07-23,insp_sitrep__cumulative_confirmed_cases__daily,Damas,14
2026-07-23,insp_sitrep__cumulative_confirmed_cases__daily,Drodro,6
2026-07-23,insp_sitrep__cumulative_confirmed_cases__daily,Fataki,17
2026-07-23,insp_sitrep__cumulative_confirmed_cases__daily,Gety,1
2026-07-23,insp_sitrep__cumulative_confirmed_cases__daily,Goma,1
2026-07-23,insp_sitrep__cumulative_confirmed_cases__daily,Isiro,8
2026-07-23,insp_sitrep__cumulative_confirmed_cases__daily,Kalunguta,4
2026-07-23,insp_sitrep__cumulative_confirmed_cases__daily,Kambala,2
2026-07-23,insp_sitrep__cumulative_confirmed_cases__daily,Katwa,133
2026-07-23,insp_sitrep__cumulative_confirmed_cases__daily,Kilo,23
2026-07-23,insp_sitrep__cumulative_confirmed_cases__daily,Komanda,33
2026-07-23,insp_sitrep__cumulative_confirmed_cases__daily,Kyondo,10
2026-07-23,insp_sitrep__cumulative_confirmed_cases__daily,Lita,103
2026-07-23,insp_sitrep__cumulative_confirmed_cases__daily,Logo,9
2026-07-23,insp_sitrep__cumulative_confirmed_cases__daily,Lolwa,4
2026-07-23,insp_sitrep__cumulative_confirmed_cases__daily,Lubunga,1
2026-07-23,insp_sitrep__cumulative_confirmed_cases__daily,Mabalako,1
2026-07-23,insp_sitrep__cumulative_confirmed_cases__daily,Mahagi,1
2026-07-23,insp_sitrep__cumulative_confirmed_cases__daily,Makiso-Kisangani,3
2026-07-23,insp_sitrep__cumulative_confirmed_cases__daily,Mambasa,7
2026-07-23,insp_sitrep__cumulative_confirmed_cases__daily,Mandima,13
2026-07-23,insp_sitrep__cumulative_confirmed_cases__daily,Mangala,92
2026-07-23,insp_sitrep__cumulative_confirmed_cases__daily,Mangobo,1
2026-07-23,insp_sitrep__cumulative_confirmed_cases__daily,Masereka,4
2026-07-23,insp_sitrep__cumulative_confirmed_cases__daily,Miti-Murhesa,3
2026-07-23,insp_sitrep__cumulative_confirmed_cases__daily,Mongbwalu,484
2026-07-23,insp_sitrep__cumulative_confirmed_cases__daily,Musienene,27
2026-07-23,insp_sitrep__cumulative_confirmed_cases__daily,Nia-Nia,78
2026-07-23,insp_sitrep__cumulative_confirmed_cases__daily,Nizi,316
2026-07-23,insp_sitrep__cumulative_confirmed_cases__daily,Nyankunde,114
2026-07-23,insp_sitrep__cumulative_confirmed_cases__daily,Oicha,4
2026-07-23,insp_sitrep__cumulative_confirmed_cases__daily,Pawa,7
2026-07-23,insp_sitrep__cumulative_confirmed_cases__daily,Rimba,7
2026-07-23,insp_sitrep__cumulative_confirmed_cases__daily,Rungu,1
2026-07-23,insp_sitrep__cumulative_confirmed_cases__daily,Rwampara,490
2026-07-23,insp_sitrep__cumulative_confirmed_cases__daily,Tchomia,40
2026-07-23,insp_sitrep__cumulative_confirmed_cases__daily,Vuhovi,1
2026-07-23,insp_sitrep__cumulative_confirmed_cases__daily,Wamba,7
2026-07-23,insp_sitrep__cumulative_confirmed_deaths__daily,Adja,1
2026-07-23,insp_sitrep__cumulative_confirmed_deaths__daily,Ariwara,1
2026-07-23,insp_sitrep__cumulative_confirmed_deaths__daily,Aru,1
2026-07-23,insp_sitrep__cumulative_confirmed_deaths__daily,Aungba,4
2026-07-23,insp_sitrep__cumulative_confirmed_deaths__daily,Bambu,10
2026-07-23,insp_sitrep__cumulative_confirmed_deaths__daily,Beni,29
2026-07-23,insp_sitrep__cumulative_confirmed_deaths__daily,Boga,1
2026-07-23,insp_sitrep__cumulative_confirmed_deaths__daily,Boma Mangbetu,2
2026-07-23,insp_sitrep__cumulative_confirmed_deaths__daily,Bunia,185
2026-07-23,insp_sitrep__cumulative_confirmed_deaths__daily,Butembo,41
2026-07-23,insp_sitrep__cumulative_confirmed_deaths__daily,Damas,8
2026-07-23,insp_sitrep__cumulative_confirmed_deaths__daily,Drodro,4
2026-07-23,insp_sitrep__cumulative_confirmed_deaths__daily,Fataki,6
2026-07-23,insp_sitrep__cumulative_confirmed_deaths__daily,Gety,0
2026-07-23,insp_sitrep__cumulative_confirmed_deaths__daily,Goma,0
2026-07-23,insp_sitrep__cumulative_confirmed_deaths__daily,Isiro,5
2026-07-23,insp_sitrep__cumulative_confirmed_deaths__daily,Kalunguta,3
2026-07-23,insp_sitrep__cumulative_confirmed_deaths__daily,Kambala,0
2026-07-23,insp_sitrep__cumulative_confirmed_deaths__daily,Katwa,85
2026-07-23,insp_sitrep__cumulative_confirmed_deaths__daily,Kilo,11
2026-07-23,insp_sitrep__cumulative_confirmed_deaths__daily,Komanda,22
2026-07-23,insp_sitrep__cumulative_confirmed_deaths__daily,Kyondo,7
2026-07-23,insp_sitrep__cumulative_confirmed_deaths__daily,Lita,59
2026-07-23,insp_sitrep__cumulative_confirmed_deaths__daily,Logo,3
2026-07-23,insp_sitrep__cumulative_confirmed_deaths__daily,Lolwa,1
2026-07-23,insp_sitrep__cumulative_confirmed_deaths__daily,Lubunga,0
2026-07-23,insp_sitrep__cumulative_confirmed_deaths__daily,Mabalako,0
2026-07-23,insp_sitrep__cumulative_confirmed_deaths__daily,Mahagi,1
2026-07-23,insp_sitrep__cumulative_confirmed_deaths__daily,Makiso-Kisangani,3
2026-07-23,insp_sitrep__cumulative_confirmed_deaths__daily,Mambasa,4
2026-07-23,insp_sitrep__cumulative_confirmed_deaths__daily,Mandima,9
2026-07-23,insp_sitrep__cumulative_confirmed_deaths__daily,Mangala,60
2026-07-23,insp_sitrep__cumulative_confirmed_deaths__daily,Mangobo,1
2026-07-23,insp_sitrep__cumulative_confirmed_deaths__daily,Masereka,0
2026-07-23,insp_sitrep__cumulative_confirmed_deaths__daily,Miti-Murhesa,1
2026-07-23,insp_sitrep__cumulative_confirmed_deaths__daily,Mongbwalu,228
2026-07-23,insp_sitrep__cumulative_confirmed_deaths__daily,Musienene,13
2026-07-23,insp_sitrep__cumulative_confirmed_deaths__daily,Nia-Nia,43
2026-07-23,insp_sitrep__cumulative_confirmed_deaths__daily,Nizi,151
2026-07-23,insp_sitrep__cumulative_confirmed_deaths__daily,Nyankunde,30
2026-07-23,insp_sitrep__cumulative_confirmed_deaths__daily,Oicha,3
2026-07-23,insp_sitrep__cumulative_confirmed_deaths__daily,Pawa,5
2026-07-23,insp_sitrep__cumulative_confirmed_deaths__daily,Rimba,4
2026-07-23,insp_sitrep__cumulative_confirmed_deaths__daily,Rungu,0
2026-07-23,insp_sitrep__cumulative_confirmed_deaths__daily,Rwampara,236
2026-07-23,insp_sitrep__cumulative_confirmed_deaths__daily,Tchomia,24
2026-07-23,insp_sitrep__cumulative_confirmed_deaths__daily,Vuhovi,1
2026-07-23,insp_sitrep__cumulative_confirmed_deaths__daily,Wamba,3
2026-07-23,insp_sitrep__national_cumulative_confirmed_cases__daily,DRC,2973
2026-07-23,insp_sitrep__national_cumulative_confirmed_deaths__daily,DRC,1309
2026-07-23,insp_sitrep__national_cumulative_suspected_cases__daily,DRC,315
2026-07-25,insp_sitrep__cumulative_confirmed_cases__daily,Adja,11
2026-07-25,insp_sitrep__cumulative_confirmed_cases__daily,Ariwara,7
2026-07-25,insp_sitrep__cumulative_confirmed_cases__daily,Aru,5
2026-07-25,insp_sitrep__cumulative_confirmed_cases__daily,Aungba,4
2026-07-25,insp_sitrep__cumulative_confirmed_cases__daily,Bambu,54
2026-07-25,insp_sitrep__cumulative_confirmed_cases__daily,Beni,43
2026-07-25,insp_sitrep__cumulative_confirmed_cases__daily,Boga,1
2026-07-25,insp_sitrep__cumulative_confirmed_cases__daily,Boma Mangbetu,7
2026-07-25,insp_sitrep__cumulative_confirmed_cases__daily,Bunia,762
2026-07-25,insp_sitrep__cumulative_confirmed_cases__daily,Butembo,70
2026-07-25,insp_sitrep__cumulative_confirmed_cases__daily,Damas,16
2026-07-25,insp_sitrep__cumulative_confirmed_cases__daily,Drodro,6
2026-07-25,insp_sitrep__cumulative_confirmed_cases__daily,Fataki,17
2026-07-25,insp_sitrep__cumulative_confirmed_cases__daily,Gety,1
2026-07-25,insp_sitrep__cumulative_confirmed_cases__daily,Goma,1
2026-07-25,insp_sitrep__cumulative_confirmed_cases__daily,Isiro,12
2026-07-25,insp_sitrep__cumulative_confirmed_cases__daily,Kalunguta,4
2026-07-25,insp_sitrep__cumulative_confirmed_cases__daily,Kambala,2
2026-07-25,insp_sitrep__cumulative_confirmed_cases__daily,Katwa,138
2026-07-25,insp_sitrep__cumulative_confirmed_cases__daily,Kilo,23
2026-07-25,insp_sitrep__cumulative_confirmed_cases__daily,Komanda,35
2026-07-25,insp_sitrep__cumulative_confirmed_cases__daily,Kyondo,11
2026-07-25,insp_sitrep__cumulative_confirmed_cases__daily,Lita,117
2026-07-25,insp_sitrep__cumulative_confirmed_cases__daily,Logo,9
2026-07-25,insp_sitrep__cumulative_confirmed_cases__daily,Lolwa,4
2026-07-25,insp_sitrep__cumulative_confirmed_cases__daily,Lubunga,1
2026-07-25,insp_sitrep__cumulative_confirmed_cases__daily,Mabalako,1
2026-07-25,insp_sitrep__cumulative_confirmed_cases__daily,Mahagi,3
2026-07-25,insp_sitrep__cumulative_confirmed_cases__daily,Makiso-Kisangani,3
2026-07-25,insp_sitrep__cumulative_confirmed_cases__daily,Mambasa,9
2026-07-25,insp_sitrep__cumulative_confirmed_cases__daily,Mandima,13
2026-07-25,insp_sitrep__cumulative_confirmed_cases__daily,Mangala,100
2026-07-25,insp_sitrep__cumulative_confirmed_cases__daily,Mangobo,1
2026-07-25,insp_sitrep__cumulative_confirmed_cases__daily,Masereka,4
2026-07-25,insp_sitrep__cumulative_confirmed_cases__daily,Miti-Murhesa,3
2026-07-25,insp_sitrep__cumulative_confirmed_cases__daily,Mongbwalu,498
2026-07-25,insp_sitrep__cumulative_confirmed_cases__daily,Musienene,29
2026-07-25,insp_sitrep__cumulative_confirmed_cases__daily,Nia-Nia,89
2026-07-25,insp_sitrep__cumulative_confirmed_cases__daily,Nizi,350
2026-07-25,insp_sitrep__cumulative_confirmed_cases__daily,Nyankunde,114
2026-07-25,insp_sitrep__cumulative_confirmed_cases__daily,Oicha,4
2026-07-25,insp_sitrep__cumulative_confirmed_cases__daily,Pawa,7
2026-07-25,insp_sitrep__cumulative_confirmed_cases__daily,Rimba,8
2026-07-25,insp_sitrep__cumulative_confirmed_cases__daily,Rungu,1
2026-07-25,insp_sitrep__cumulative_confirmed_cases__daily,Rwampara,550
2026-07-25,insp_sitrep__cumulative_confirmed_cases__daily,Tchomia,40
2026-07-25,insp_sitrep__cumulative_confirmed_cases__daily,Vuhovi,1
2026-07-25,insp_sitrep__cumulative_confirmed_cases__daily,Wamba,11
2026-07-25,insp_sitrep__cumulative_confirmed_deaths__daily,Adja,1
2026-07-25,insp_sitrep__cumulative_confirmed_deaths__daily,Ariwara,1
2026-07-25,insp_sitrep__cumulative_confirmed_deaths__daily,Aru,4
2026-07-25,insp_sitrep__cumulative_confirmed_deaths__daily,Aungba,4
2026-07-25,insp_sitrep__cumulative_confirmed_deaths__daily,Bambu,11
2026-07-25,insp_sitrep__cumulative_confirmed_deaths__daily,Beni,30
2026-07-25,insp_sitrep__cumulative_confirmed_deaths__daily,Boga,1
2026-07-25,insp_sitrep__cumulative_confirmed_deaths__daily,Boma Mangbetu,4
2026-07-25,insp_sitrep__cumulative_confirmed_deaths__daily,Bunia,215
2026-07-25,insp_sitrep__cumulative_confirmed_deaths__daily,Butembo,48
2026-07-25,insp_sitrep__cumulative_confirmed_deaths__daily,Damas,8
2026-07-25,insp_sitrep__cumulative_confirmed_deaths__daily,Drodro,4
2026-07-25,insp_sitrep__cumulative_confirmed_deaths__daily,Fataki,6
2026-07-25,insp_sitrep__cumulative_confirmed_deaths__daily,Gety,0
2026-07-25,insp_sitrep__cumulative_confirmed_deaths__daily,Goma,0
2026-07-25,insp_sitrep__cumulative_confirmed_deaths__daily,Isiro,7
2026-07-25,insp_sitrep__cumulative_confirmed_deaths__daily,Kalunguta,3
2026-07-25,insp_sitrep__cumulative_confirmed_deaths__daily,Kambala,0
2026-07-25,insp_sitrep__cumulative_confirmed_deaths__daily,Katwa,90
2026-07-25,insp_sitrep__cumulative_confirmed_deaths__daily,Kilo,11
2026-07-25,insp_sitrep__cumulative_confirmed_deaths__daily,Komanda,24
2026-07-25,insp_sitrep__cumulative_confirmed_deaths__daily,Kyondo,7
2026-07-25,insp_sitrep__cumulative_confirmed_deaths__daily,Lita,66
2026-07-25,insp_sitrep__cumulative_confirmed_deaths__daily,Logo,3
2026-07-25,insp_sitrep__cumulative_confirmed_deaths__daily,Lolwa,1
2026-07-25,insp_sitrep__cumulative_confirmed_deaths__daily,Lubunga,0
2026-07-25,insp_sitrep__cumulative_confirmed_deaths__daily,Mabalako,0
2026-07-25,insp_sitrep__cumulative_confirmed_deaths__daily,Mahagi,1
2026-07-25,insp_sitrep__cumulative_confirmed_deaths__daily,Makiso-Kisangani,3
2026-07-25,insp_sitrep__cumulative_confirmed_deaths__daily,Mambasa,4
2026-07-25,insp_sitrep__cumulative_confirmed_deaths__daily,Mandima,9
2026-07-25,insp_sitrep__cumulative_confirmed_deaths__daily,Mangala,64
2026-07-25,insp_sitrep__cumulative_confirmed_deaths__daily,Mangobo,1
2026-07-25,insp_sitrep__cumulative_confirmed_deaths__daily,Masereka,0
2026-07-25,insp_sitrep__cumulative_confirmed_deaths__daily,Miti-Murhesa,1
2026-07-25,insp_sitrep__cumulative_confirmed_deaths__daily,Mongbwalu,237
2026-07-25,insp_sitrep__cumulative_confirmed_deaths__daily,Musienene,14
2026-07-25,insp_sitrep__cumulative_confirmed_deaths__daily,Nia-Nia,46
2026-07-25,insp_sitrep__cumulative_confirmed_deaths__daily,Nizi,166
2026-07-25,insp_sitrep__cumulative_confirmed_deaths__daily,Nyankunde,31
2026-07-25,insp_sitrep__cumulative_confirmed_deaths__daily,Oicha,3
2026-07-25,insp_sitrep__cumulative_confirmed_deaths__daily,Pawa,5
2026-07-25,insp_sitrep__cumulative_confirmed_deaths__daily,Rimba,4
2026-07-25,insp_sitrep__cumulative_confirmed_deaths__daily,Rungu,0
2026-07-25,insp_sitrep__cumulative_confirmed_deaths__daily,Rwampara,238
2026-07-25,insp_sitrep__cumulative_confirmed_deaths__daily,Tchomia,24
2026-07-25,insp_sitrep__cumulative_confirmed_deaths__daily,Vuhovi,1
2026-07-25,insp_sitrep__cumulative_confirmed_deaths__daily,Wamba,4
2026-07-25,insp_sitrep__national_cumulative_confirmed_cases__daily,DRC,3200
2026-07-25,insp_sitrep__national_cumulative_confirmed_deaths__daily,DRC,1405
2026-07-25,insp_sitrep__national_cumulative_suspected_cases__daily,DRC,340
2026-07-26,insp_sitrep__cumulative_confirmed_cases__daily,Adja,11
2026-07-26,insp_sitrep__cumulative_confirmed_cases__daily,Ariwara,7
2026-07-26,insp_sitrep__cumulative_confirmed_cases__daily,Aru,5
2026-07-26,insp_sitrep__cumulative_confirmed_cases__daily,Aungba,5
2026-07-26,insp_sitrep__cumulative_confirmed_cases__daily,Bambu,57
2026-07-26,insp_sitrep__cumulative_confirmed_cases__daily,Beni,44
2026-07-26,insp_sitrep__cumulative_confirmed_cases__daily,Boga,1
2026-07-26,insp_sitrep__cumulative_confirmed_cases__daily,Boma Mangbetu,7
2026-07-26,insp_sitrep__cumulative_confirmed_cases__daily,Bunia,773
2026-07-26,insp_sitrep__cumulative_confirmed_cases__daily,Butembo,73
2026-07-26,insp_sitrep__cumulative_confirmed_cases__daily,Damas,16
2026-07-26,insp_sitrep__cumulative_confirmed_cases__daily,Drodro,10
2026-07-26,insp_sitrep__cumulative_confirmed_cases__daily,Fataki,17
2026-07-26,insp_sitrep__cumulative_confirmed_cases__daily,Gety,1
2026-07-26,insp_sitrep__cumulative_confirmed_cases__daily,Goma,1
2026-07-26,insp_sitrep__cumulative_confirmed_cases__daily,Isiro,12
2026-07-26,insp_sitrep__cumulative_confirmed_cases__daily,Kalunguta,5
2026-07-26,insp_sitrep__cumulative_confirmed_cases__daily,Kambala,2
2026-07-26,insp_sitrep__cumulative_confirmed_cases__daily,Katwa,140
2026-07-26,insp_sitrep__cumulative_confirmed_cases__daily,Kilo,23
2026-07-26,insp_sitrep__cumulative_confirmed_cases__daily,Komanda,35
2026-07-26,insp_sitrep__cumulative_confirmed_cases__daily,Kyondo,12
2026-07-26,insp_sitrep__cumulative_confirmed_cases__daily,Lita,117
2026-07-26,insp_sitrep__cumulative_confirmed_cases__daily,Logo,9
2026-07-26,insp_sitrep__cumulative_confirmed_cases__daily,Lolwa,4
2026-07-26,insp_sitrep__cumulative_confirmed_cases__daily,Lubunga,1
2026-07-26,insp_sitrep__cumulative_confirmed_cases__daily,Mabalako,1
2026-07-26,insp_sitrep__cumulative_confirmed_cases__daily,Mahagi,3
2026-07-26,insp_sitrep__cumulative_confirmed_cases__daily,Makiso-Kisangani,3
2026-07-26,insp_sitrep__cumulative_confirmed_cases__daily,Mambasa,9
2026-07-26,insp_sitrep__cumulative_confirmed_cases__daily,Mandima,13
2026-07-26,insp_sitrep__cumulative_confirmed_cases__daily,Mangala,100
2026-07-26,insp_sitrep__cumulative_confirmed_cases__daily,Mangobo,1
2026-07-26,insp_sitrep__cumulative_confirmed_cases__daily,Masereka,4
2026-07-26,insp_sitrep__cumulative_confirmed_cases__daily,Miti-Murhesa,3
2026-07-26,insp_sitrep__cumulative_confirmed_cases__daily,Mongbwalu,506
2026-07-26,insp_sitrep__cumulative_confirmed_cases__daily,Musienene,29
2026-07-26,insp_sitrep__cumulative_confirmed_cases__daily,Nia-Nia,90
2026-07-26,insp_sitrep__cumulative_confirmed_cases__daily,Nizi,357
2026-07-26,insp_sitrep__cumulative_confirmed_cases__daily,Nyankunde,114
2026-07-26,insp_sitrep__cumulative_confirmed_cases__daily,Oicha,4
2026-07-26,insp_sitrep__cumulative_confirmed_cases__daily,Pawa,8
2026-07-26,insp_sitrep__cumulative_confirmed_cases__daily,Rimba,8
2026-07-26,insp_sitrep__cumulative_confirmed_cases__daily,Rungu,1
2026-07-26,insp_sitrep__cumulative_confirmed_cases__daily,Rwampara,568
2026-07-26,insp_sitrep__cumulative_confirmed_cases__daily,Tchomia,40
2026-07-26,insp_sitrep__cumulative_confirmed_cases__daily,Vuhovi,1
2026-07-26,insp_sitrep__cumulative_confirmed_cases__daily,Wamba,11
2026-07-26,insp_sitrep__cumulative_confirmed_deaths__daily,Adja,1
2026-07-26,insp_sitrep__cumulative_confirmed_deaths__daily,Ariwara,1
2026-07-26,insp_sitrep__cumulative_confirmed_deaths__daily,Aru,5
2026-07-26,insp_sitrep__cumulative_confirmed_deaths__daily,Aungba,4
2026-07-26,insp_sitrep__cumulative_confirmed_deaths__daily,Bambu,11
2026-07-26,insp_sitrep__cumulative_confirmed_deaths__daily,Beni,34
2026-07-26,insp_sitrep__cumulative_confirmed_deaths__daily,Boga,1
2026-07-26,insp_sitrep__cumulative_confirmed_deaths__daily,Boma Mangbetu,4
2026-07-26,insp_sitrep__cumulative_confirmed_deaths__daily,Bunia,220
2026-07-26,insp_sitrep__cumulative_confirmed_deaths__daily,Butembo,49
2026-07-26,insp_sitrep__cumulative_confirmed_deaths__daily,Damas,8
2026-07-26,insp_sitrep__cumulative_confirmed_deaths__daily,Drodro,5
2026-07-26,insp_sitrep__cumulative_confirmed_deaths__daily,Fataki,6
2026-07-26,insp_sitrep__cumulative_confirmed_deaths__daily,Gety,0
2026-07-26,insp_sitrep__cumulative_confirmed_deaths__daily,Goma,0
2026-07-26,insp_sitrep__cumulative_confirmed_deaths__daily,Isiro,7
2026-07-26,insp_sitrep__cumulative_confirmed_deaths__daily,Kalunguta,3
2026-07-26,insp_sitrep__cumulative_confirmed_deaths__daily,Kambala,0
2026-07-26,insp_sitrep__cumulative_confirmed_deaths__daily,Katwa,88
2026-07-26,insp_sitrep__cumulative_confirmed_deaths__daily,Kilo,11
2026-07-26,insp_sitrep__cumulative_confirmed_deaths__daily,Komanda,24
2026-07-26,insp_sitrep__cumulative_confirmed_deaths__daily,Kyondo,7
2026-07-26,insp_sitrep__cumulative_confirmed_deaths__daily,Lita,66
2026-07-26,insp_sitrep__cumulative_confirmed_deaths__daily,Logo,3
2026-07-26,insp_sitrep__cumulative_confirmed_deaths__daily,Lolwa,1
2026-07-26,insp_sitrep__cumulative_confirmed_deaths__daily,Lubunga,0
2026-07-26,insp_sitrep__cumulative_confirmed_deaths__daily,Mabalako,0
2026-07-26,insp_sitrep__cumulative_confirmed_deaths__daily,Mahagi,1
2026-07-26,insp_sitrep__cumulative_confirmed_deaths__daily,Makiso-Kisangani,3
2026-07-26,insp_sitrep__cumulative_confirmed_deaths__daily,Mambasa,4
2026-07-26,insp_sitrep__cumulative_confirmed_deaths__daily,Mandima,9
2026-07-26,insp_sitrep__cumulative_confirmed_deaths__daily,Mangala,64
2026-07-26,insp_sitrep__cumulative_confirmed_deaths__daily,Mangobo,1
2026-07-26,insp_sitrep__cumulative_confirmed_deaths__daily,Masereka,0
2026-07-26,insp_sitrep__cumulative_confirmed_deaths__daily,Miti-Murhesa,1
2026-07-26,insp_sitrep__cumulative_confirmed_deaths__daily,Mongbwalu,244
2026-07-26,insp_sitrep__cumulative_confirmed_deaths__daily,Musienene,19
2026-07-26,insp_sitrep__cumulative_confirmed_deaths__daily,Nia-Nia,47
2026-07-26,insp_sitrep__cumulative_confirmed_deaths__daily,Nizi,171
2026-07-26,insp_sitrep__cumulative_confirmed_deaths__daily,Nyankunde,31
2026-07-26,insp_sitrep__cumulative_confirmed_deaths__daily,Oicha,3
2026-07-26,insp_sitrep__cumulative_confirmed_deaths__daily,Pawa,6
2026-07-26,insp_sitrep__cumulative_confirmed_deaths__daily,Rimba,4
2026-07-26,insp_sitrep__cumulative_confirmed_deaths__daily,Rungu,0
2026-07-26,insp_sitrep__cumulative_confirmed_deaths__daily,Rwampara,241
2026-07-26,insp_sitrep__cumulative_confirmed_deaths__daily,Tchomia,24
2026-07-26,insp_sitrep__cumulative_confirmed_deaths__daily,Vuhovi,1
2026-07-26,insp_sitrep__cumulative_confirmed_deaths__daily,Wamba,4
2026-07-26,insp_sitrep__national_cumulative_confirmed_cases__daily,DRC,3262
2026-07-26,insp_sitrep__national_cumulative_confirmed_deaths__daily,DRC,1437
2026-07-26,insp_sitrep__national_cumulative_suspected_cases__daily,DRC,326
2026-07-27,insp_sitrep__cumulative_confirmed_cases__daily,Adja,11
2026-07-27,insp_sitrep__cumulative_confirmed_cases__daily,Ariwara,7
2026-07-27,insp_sitrep__cumulative_confirmed_cases__daily,Aru,5
2026-07-27,insp_sitrep__cumulative_confirmed_cases__daily,Aungba,5
2026-07-27,insp_sitrep__cumulative_confirmed_cases__daily,Bambu,57
2026-07-27,insp_sitrep__cumulative_confirmed_cases__daily,Beni,46
2026-07-27,insp_sitrep__cumulative_confirmed_cases__daily,Boga,1
2026-07-27,insp_sitrep__cumulative_confirmed_cases__daily,Boma Mangbetu,7
2026-07-27,insp_sitrep__cumulative_confirmed_cases__daily,Bunia,801
2026-07-27,insp_sitrep__cumulative_confirmed_cases__daily,Butembo,75
2026-07-27,insp_sitrep__cumulative_confirmed_cases__daily,Damas,16
2026-07-27,insp_sitrep__cumulative_confirmed_cases__daily,Drodro,10
2026-07-27,insp_sitrep__cumulative_confirmed_cases__daily,Fataki,17
2026-07-27,insp_sitrep__cumulative_confirmed_cases__daily,Gety,1
2026-07-27,insp_sitrep__cumulative_confirmed_cases__daily,Goma,1
2026-07-27,insp_sitrep__cumulative_confirmed_cases__daily,Isiro,12
2026-07-27,insp_sitrep__cumulative_confirmed_cases__daily,Kalunguta,5
2026-07-27,insp_sitrep__cumulative_confirmed_cases__daily,Kambala,2
2026-07-27,insp_sitrep__cumulative_confirmed_cases__daily,Katwa,145
2026-07-27,insp_sitrep__cumulative_confirmed_cases__daily,Kilo,28
2026-07-27,insp_sitrep__cumulative_confirmed_cases__daily,Komanda,36
2026-07-27,insp_sitrep__cumulative_confirmed_cases__daily,Kyondo,12
2026-07-27,insp_sitrep__cumulative_confirmed_cases__daily,Lita,121
2026-07-27,insp_sitrep__cumulative_confirmed_cases__daily,Logo,9
2026-07-27,insp_sitrep__cumulative_confirmed_cases__daily,Lolwa,4
2026-07-27,insp_sitrep__cumulative_confirmed_cases__daily,Lubunga,1
2026-07-27,insp_sitrep__cumulative_confirmed_cases__daily,Mabalako,1
2026-07-27,insp_sitrep__cumulative_confirmed_cases__daily,Mahagi,4
2026-07-27,insp_sitrep__cumulative_confirmed_cases__daily,Makiso-Kisangani,3
2026-07-27,insp_sitrep__cumulative_confirmed_cases__daily,Mambasa,9
2026-07-27,insp_sitrep__cumulative_confirmed_cases__daily,Mandima,16
2026-07-27,insp_sitrep__cumulative_confirmed_cases__daily,Mangala,100
2026-07-27,insp_sitrep__cumulative_confirmed_cases__daily,Mangobo,1
2026-07-27,insp_sitrep__cumulative_confirmed_cases__daily,Masereka,4
2026-07-27,insp_sitrep__cumulative_confirmed_cases__daily,Miti-Murhesa,3
2026-07-27,insp_sitrep__cumulative_confirmed_cases__daily,Mongbwalu,528
2026-07-27,insp_sitrep__cumulative_confirmed_cases__daily,Musienene,31
2026-07-27,insp_sitrep__cumulative_confirmed_cases__daily,Nia-Nia,92
2026-07-27,insp_sitrep__cumulative_confirmed_cases__daily,Nizi,360
2026-07-27,insp_sitrep__cumulative_confirmed_cases__daily,Nyankunde,114
2026-07-27,insp_sitrep__cumulative_confirmed_cases__daily,Oicha,4
2026-07-27,insp_sitrep__cumulative_confirmed_cases__daily,Pawa,8
2026-07-27,insp_sitrep__cumulative_confirmed_cases__daily,Rimba,8
2026-07-27,insp_sitrep__cumulative_confirmed_cases__daily,Rungu,1
2026-07-27,insp_sitrep__cumulative_confirmed_cases__daily,Rwampara,585
2026-07-27,insp_sitrep__cumulative_confirmed_cases__daily,Tchomia,41
2026-07-27,insp_sitrep__cumulative_confirmed_cases__daily,Vuhovi,1
2026-07-27,insp_sitrep__cumulative_confirmed_cases__daily,Wamba,11
2026-07-27,insp_sitrep__cumulative_confirmed_deaths__daily,Adja,1
2026-07-27,insp_sitrep__cumulative_confirmed_deaths__daily,Ariwara,1
2026-07-27,insp_sitrep__cumulative_confirmed_deaths__daily,Aru,5
2026-07-27,insp_sitrep__cumulative_confirmed_deaths__daily,Aungba,4
2026-07-27,insp_sitrep__cumulative_confirmed_deaths__daily,Bambu,12
2026-07-27,insp_sitrep__cumulative_confirmed_deaths__daily,Beni,37
2026-07-27,insp_sitrep__cumulative_confirmed_deaths__daily,Boga,1
2026-07-27,insp_sitrep__cumulative_confirmed_deaths__daily,Boma Mangbetu,4
2026-07-27,insp_sitrep__cumulative_confirmed_deaths__daily,Bunia,232
2026-07-27,insp_sitrep__cumulative_confirmed_deaths__daily,Butembo,61
2026-07-27,insp_sitrep__cumulative_confirmed_deaths__daily,Damas,8
2026-07-27,insp_sitrep__cumulative_confirmed_deaths__daily,Drodro,5
2026-07-27,insp_sitrep__cumulative_confirmed_deaths__daily,Fataki,6
2026-07-27,insp_sitrep__cumulative_confirmed_deaths__daily,Gety,0
2026-07-27,insp_sitrep__cumulative_confirmed_deaths__daily,Goma,0
2026-07-27,insp_sitrep__cumulative_confirmed_deaths__daily,Isiro,7
2026-07-27,insp_sitrep__cumulative_confirmed_deaths__daily,Kalunguta,3
2026-07-27,insp_sitrep__cumulative_confirmed_deaths__daily,Kambala,0
2026-07-27,insp_sitrep__cumulative_confirmed_deaths__daily,Katwa,91
2026-07-27,insp_sitrep__cumulative_confirmed_deaths__daily,Kilo,11
2026-07-27,insp_sitrep__cumulative_confirmed_deaths__daily,Komanda,25
2026-07-27,insp_sitrep__cumulative_confirmed_deaths__daily,Kyondo,7
2026-07-27,insp_sitrep__cumulative_confirmed_deaths__daily,Lita,67
2026-07-27,insp_sitrep__cumulative_confirmed_deaths__daily,Logo,3
2026-07-27,insp_sitrep__cumulative_confirmed_deaths__daily,Lolwa,1
2026-07-27,insp_sitrep__cumulative_confirmed_deaths__daily,Lubunga,0
2026-07-27,insp_sitrep__cumulative_confirmed_deaths__daily,Mabalako,0
2026-07-27,insp_sitrep__cumulative_confirmed_deaths__daily,Mahagi,1
2026-07-27,insp_sitrep__cumulative_confirmed_deaths__daily,Makiso-Kisangani,3
2026-07-27,insp_sitrep__cumulative_confirmed_deaths__daily,Mambasa,4
2026-07-27,insp_sitrep__cumulative_confirmed_deaths__daily,Mandima,12
2026-07-27,insp_sitrep__cumulative_confirmed_deaths__daily,Mangala,64
2026-07-27,insp_sitrep__cumulative_confirmed_deaths__daily,Mangobo,1
2026-07-27,insp_sitrep__cumulative_confirmed_deaths__daily,Masereka,0
2026-07-27,insp_sitrep__cumulative_confirmed_deaths__daily,Miti-Murhesa,1
2026-07-27,insp_sitrep__cumulative_confirmed_deaths__daily,Mongbwalu,252
2026-07-27,insp_sitrep__cumulative_confirmed_deaths__daily,Musienene,20
2026-07-27,insp_sitrep__cumulative_confirmed_deaths__daily,Nia-Nia,48
2026-07-27,insp_sitrep__cumulative_confirmed_deaths__daily,Nizi,172
2026-07-27,insp_sitrep__cumulative_confirmed_deaths__daily,Nyankunde,31
2026-07-27,insp_sitrep__cumulative_confirmed_deaths__daily,Oicha,3
2026-07-27,insp_sitrep__cumulative_confirmed_deaths__daily,Pawa,6
2026-07-27,insp_sitrep__cumulative_confirmed_deaths__daily,Rimba,4
2026-07-27,insp_sitrep__cumulative_confirmed_deaths__daily,Rungu,0
2026-07-27,insp_sitrep__cumulative_confirmed_deaths__daily,Rwampara,244
2026-07-27,insp_sitrep__cumulative_confirmed_deaths__daily,Tchomia,24
2026-07-27,insp_sitrep__cumulative_confirmed_deaths__daily,Vuhovi,1
2026-07-27,insp_sitrep__cumulative_confirmed_deaths__daily,Wamba,4
2026-07-27,insp_sitrep__national_cumulative_confirmed_cases__daily,DRC,3360
2026-07-27,insp_sitrep__national_cumulative_confirmed_deaths__daily,DRC,1487
2026-07-27,insp_sitrep__national_cumulative_suspected_cases__daily,DRC,321
2026-07-30,insp_sitrep__cumulative_confirmed_cases__daily,Adja,11
2026-07-30,insp_sitrep__cumulative_confirmed_cases__daily,Ariwara,7
2026-07-30,insp_sitrep__cumulative_confirmed_cases__daily,Aru,5
2026-07-30,insp_sitrep__cumulative_confirmed_cases__daily,Aungba,9
2026-07-30,insp_sitrep__cumulative_confirmed_cases__daily,Bambu,60
2026-07-30,insp_sitrep__cumulative_confirmed_cases__daily,Beni,50
2026-07-30,insp_sitrep__cumulative_confirmed_cases__daily,Boga,1
2026-07-30,insp_sitrep__cumulative_confirmed_cases__daily,Boma Mangbetu,12
2026-07-30,insp_sitrep__cumulative_confirmed_cases__daily,Bunia,880
2026-07-30,insp_sitrep__cumulative_confirmed_cases__daily,Butembo,82
2026-07-30,insp_sitrep__cumulative_confirmed_cases__daily,Damas,17
2026-07-30,insp_sitrep__cumulative_confirmed_cases__daily,Drodro,10
2026-07-30,insp_sitrep__cumulative_confirmed_cases__daily,Fataki,27
2026-07-30,insp_sitrep__cumulative_confirmed_cases__daily,Gethy,1
2026-07-30,insp_sitrep__cumulative_confirmed_cases__daily,Goma,1
2026-07-30,insp_sitrep__cumulative_confirmed_cases__daily,Isiro,16
2026-07-30,insp_sitrep__cumulative_confirmed_cases__daily,Kabondo,1
2026-07-30,insp_sitrep__cumulative_confirmed_cases__daily,Kalunguta,5
2026-07-30,insp_sitrep__cumulative_confirmed_cases__daily,Kambala,2
2026-07-30,insp_sitrep__cumulative_confirmed_cases__daily,Katwa,166
2026-07-30,insp_sitrep__cumulative_confirmed_cases__daily,Kilo,29
2026-07-30,insp_sitrep__cumulative_confirmed_cases__daily,Komanda,36
2026-07-30,insp_sitrep__cumulative_confirmed_cases__daily,Kyondo,13
2026-07-30,insp_sitrep__cumulative_confirmed_cases__daily,Lita,131
2026-07-30,insp_sitrep__cumulative_confirmed_cases__daily,Logo,9
2026-07-30,insp_sitrep__cumulative_confirmed_cases__daily,Lolwa,7
2026-07-30,insp_sitrep__cumulative_confirmed_cases__daily,Lubunga,1
2026-07-30,insp_sitrep__cumulative_confirmed_cases__daily,Mabalako,1
2026-07-30,insp_sitrep__cumulative_confirmed_cases__daily,Mahagi,4
2026-07-30,insp_sitrep__cumulative_confirmed_cases__daily,Makiso-Kisangani,4
2026-07-30,insp_sitrep__cumulative_confirmed_cases__daily,Mambasa,9
2026-07-30,insp_sitrep__cumulative_confirmed_cases__daily,Mandima,16
2026-07-30,insp_sitrep__cumulative_confirmed_cases__daily,Mangala,101
2026-07-30,insp_sitrep__cumulative_confirmed_cases__daily,Mangobo,1
2026-07-30,insp_sitrep__cumulative_confirmed_cases__daily,Masereka,4
2026-07-30,insp_sitrep__cumulative_confirmed_cases__daily,Miti-Murhesa,3
2026-07-30,insp_sitrep__cumulative_confirmed_cases__daily,Mongbwalu,541
2026-07-30,insp_sitrep__cumulative_confirmed_cases__daily,Musienene,39
2026-07-30,insp_sitrep__cumulative_confirmed_cases__daily,Nia-Nia,95
2026-07-30,insp_sitrep__cumulative_confirmed_cases__daily,Nizi,377
2026-07-30,insp_sitrep__cumulative_confirmed_cases__daily,Nyankunde,114
2026-07-30,insp_sitrep__cumulative_confirmed_cases__daily,Oicha,4
2026-07-30,insp_sitrep__cumulative_confirmed_cases__daily,Pawa,9
2026-07-30,insp_sitrep__cumulative_confirmed_cases__daily,Rimba,9
2026-07-30,insp_sitrep__cumulative_confirmed_cases__daily,Rungu,1
2026-07-30,insp_sitrep__cumulative_confirmed_cases__daily,Rwampara,627
2026-07-30,insp_sitrep__cumulative_confirmed_cases__daily,Tchomia,41
2026-07-30,insp_sitrep__cumulative_confirmed_cases__daily,Vuhovi,1
2026-07-30,insp_sitrep__cumulative_confirmed_cases__daily,Wamba,15
2026-07-30,insp_sitrep__cumulative_confirmed_deaths__daily,Adja,1
2026-07-30,insp_sitrep__cumulative_confirmed_deaths__daily,Ariwara,2
2026-07-30,insp_sitrep__cumulative_confirmed_deaths__daily,Aru,5
2026-07-30,insp_sitrep__cumulative_confirmed_deaths__daily,Aungba,5
2026-07-30,insp_sitrep__cumulative_confirmed_deaths__daily,Bambu,12
2026-07-30,insp_sitrep__cumulative_confirmed_deaths__daily,Beni,41
2026-07-30,insp_sitrep__cumulative_confirmed_deaths__daily,Boga,1
2026-07-30,insp_sitrep__cumulative_confirmed_deaths__daily,Boma Mangbetu,4
2026-07-30,insp_sitrep__cumulative_confirmed_deaths__daily,Bunia,257
2026-07-30,insp_sitrep__cumulative_confirmed_deaths__daily,Butembo,64
2026-07-30,insp_sitrep__cumulative_confirmed_deaths__daily,Damas,8
2026-07-30,insp_sitrep__cumulative_confirmed_deaths__daily,Drodro,6
2026-07-30,insp_sitrep__cumulative_confirmed_deaths__daily,Fataki,12
2026-07-30,insp_sitrep__cumulative_confirmed_deaths__daily,Gethy,0
2026-07-30,insp_sitrep__cumulative_confirmed_deaths__daily,Goma,0
2026-07-30,insp_sitrep__cumulative_confirmed_deaths__daily,Isiro,9
2026-07-30,insp_sitrep__cumulative_confirmed_deaths__daily,Kabondo,1
2026-07-30,insp_sitrep__cumulative_confirmed_deaths__daily,Kalunguta,3
2026-07-30,insp_sitrep__cumulative_confirmed_deaths__daily,Kambala,0
2026-07-30,insp_sitrep__cumulative_confirmed_deaths__daily,Katwa,100
2026-07-30,insp_sitrep__cumulative_confirmed_deaths__daily,Kilo,11
2026-07-30,insp_sitrep__cumulative_confirmed_deaths__daily,Komanda,25
2026-07-30,insp_sitrep__cumulative_confirmed_deaths__daily,Kyondo,8
2026-07-30,insp_sitrep__cumulative_confirmed_deaths__daily,Lita,75
2026-07-30,insp_sitrep__cumulative_confirmed_deaths__daily,Logo,3
2026-07-30,insp_sitrep__cumulative_confirmed_deaths__daily,Lolwa,2
2026-07-30,insp_sitrep__cumulative_confirmed_deaths__daily,Lubunga,0
2026-07-30,insp_sitrep__cumulative_confirmed_deaths__daily,Mabalako,0
2026-07-30,insp_sitrep__cumulative_confirmed_deaths__daily,Mahagi,1
2026-07-30,insp_sitrep__cumulative_confirmed_deaths__daily,Makiso-Kisangani,3
2026-07-30,insp_sitrep__cumulative_confirmed_deaths__daily,Mambasa,6
2026-07-30,insp_sitrep__cumulative_confirmed_deaths__daily,Mandima,12
2026-07-30,insp_sitrep__cumulative_confirmed_deaths__daily,Mangala,64
2026-07-30,insp_sitrep__cumulative_confirmed_deaths__daily,Mangobo,1
2026-07-30,insp_sitrep__cumulative_confirmed_deaths__daily,Masereka,0
2026-07-30,insp_sitrep__cumulative_confirmed_deaths__daily,Miti-Murhesa,1
2026-07-30,insp_sitrep__cumulative_confirmed_deaths__daily,Mongbwalu,258
2026-07-30,insp_sitrep__cumulative_confirmed_deaths__daily,Musienene,22
2026-07-30,insp_sitrep__cumulative_confirmed_deaths__daily,Nia-Nia,50
2026-07-30,insp_sitrep__cumulative_confirmed_deaths__daily,Nizi,179
2026-07-30,insp_sitrep__cumulative_confirmed_deaths__daily,Nyankunde,31
2026-07-30,insp_sitrep__cumulative_confirmed_deaths__daily,Oicha,3
2026-07-30,insp_sitrep__cumulative_confirmed_deaths__daily,Pawa,7
2026-07-30,insp_sitrep__cumulative_confirmed_deaths__daily,Rimba,4
2026-07-30,insp_sitrep__cumulative_confirmed_deaths__daily,Rungu,0
2026-07-30,insp_sitrep__cumulative_confirmed_deaths__daily,Rwampara,257
2026-07-30,insp_sitrep__cumulative_confirmed_deaths__daily,Tchomia,24
2026-07-30,insp_sitrep__cumulative_confirmed_deaths__daily,Vuhovi,1
2026-07-30,insp_sitrep__cumulative_confirmed_deaths__daily,Wamba,8
2026-07-30,insp_sitrep__national_cumulative_confirmed_cases__daily,DRC,3605
2026-07-30,insp_sitrep__national_cumulative_confirmed_deaths__daily,DRC,1587
2026-07-30,insp_sitrep__national_cumulative_suspected_cases__daily,DRC,374
2026-07-31,insp_sitrep__cumulative_confirmed_cases__daily,Adja,11
2026-07-31,insp_sitrep__cumulative_confirmed_cases__daily,Ariwara,7
2026-07-31,insp_sitrep__cumulative_confirmed_cases__daily,Aru,5
2026-07-31,insp_sitrep__cumulative_confirmed_cases__daily,Aungba,9
2026-07-31,insp_sitrep__cumulative_confirmed_cases__daily,Bambu,60
2026-07-31,insp_sitrep__cumulative_confirmed_cases__daily,Beni,57
2026-07-31,insp_sitrep__cumulative_confirmed_cases__daily,Boga,1
2026-07-31,insp_sitrep__cumulative_confirmed_cases__daily,Boma Mangbetu,12
2026-07-31,insp_sitrep__cumulative_confirmed_cases__daily,Bunia,896
2026-07-31,insp_sitrep__cumulative_confirmed_cases__daily,Butembo,83
2026-07-31,insp_sitrep__cumulative_confirmed_cases__daily,Damas,17
2026-07-31,insp_sitrep__cumulative_confirmed_cases__daily,Drodro,10
2026-07-31,insp_sitrep__cumulative_confirmed_cases__daily,Fataki,35
2026-07-31,insp_sitrep__cumulative_confirmed_cases__daily,Gethy,1
2026-07-31,insp_sitrep__cumulative_confirmed_cases__daily,Goma,1
2026-07-31,insp_sitrep__cumulative_confirmed_cases__daily,Isiro,19
2026-07-31,insp_sitrep__cumulative_confirmed_cases__daily,Kabondo,1
2026-07-31,insp_sitrep__cumulative_confirmed_cases__daily,Kalunguta,6
2026-07-31,insp_sitrep__cumulative_confirmed_cases__daily,Kambala,2
2026-07-31,insp_sitrep__cumulative_confirmed_cases__daily,Katwa,168
2026-07-31,insp_sitrep__cumulative_confirmed_cases__daily,Kilo,29
2026-07-31,insp_sitrep__cumulative_confirmed_cases__daily,Komanda,36
2026-07-31,insp_sitrep__cumulative_confirmed_cases__daily,Kyondo,13
2026-07-31,insp_sitrep__cumulative_confirmed_cases__daily,Lita,132
2026-07-31,insp_sitrep__cumulative_confirmed_cases__daily,Logo,9
2026-07-31,insp_sitrep__cumulative_confirmed_cases__daily,Lolwa,7
2026-07-31,insp_sitrep__cumulative_confirmed_cases__daily,Lubunga,1
2026-07-31,insp_sitrep__cumulative_confirmed_cases__daily,Mabalako,1
2026-07-31,insp_sitrep__cumulative_confirmed_cases__daily,Mahagi,4
2026-07-31,insp_sitrep__cumulative_confirmed_cases__daily,Makiso-Kisangani,4
2026-07-31,insp_sitrep__cumulative_confirmed_cases__daily,Mambasa,9
2026-07-31,insp_sitrep__cumulative_confirmed_cases__daily,Mandima,16
2026-07-31,insp_sitrep__cumulative_confirmed_cases__daily,Mangala,102
2026-07-31,insp_sitrep__cumulative_confirmed_cases__daily,Mangobo,1
2026-07-31,insp_sitrep__cumulative_confirmed_cases__daily,Masereka,4
2026-07-31,insp_sitrep__cumulative_confirmed_cases__daily,Miti-Murhesa,3
2026-07-31,insp_sitrep__cumulative_confirmed_cases__daily,Mongbwalu,545
2026-07-31,insp_sitrep__cumulative_confirmed_cases__daily,Musienene,40
2026-07-31,insp_sitrep__cumulative_confirmed_cases__daily,Nia-Nia,101
2026-07-31,insp_sitrep__cumulative_confirmed_cases__daily,Nizi,387
2026-07-31,insp_sitrep__cumulative_confirmed_cases__daily,Nyankunde,115
2026-07-31,insp_sitrep__cumulative_confirmed_cases__daily,Oicha,4
2026-07-31,insp_sitrep__cumulative_confirmed_cases__daily,Pawa,10
2026-07-31,insp_sitrep__cumulative_confirmed_cases__daily,Rimba,9
2026-07-31,insp_sitrep__cumulative_confirmed_cases__daily,Rungu,1
2026-07-31,insp_sitrep__cumulative_confirmed_cases__daily,Rwampara,633
2026-07-31,insp_sitrep__cumulative_confirmed_cases__daily,Tchomia,41
2026-07-31,insp_sitrep__cumulative_confirmed_cases__daily,Vuhovi,1
2026-07-31,insp_sitrep__cumulative_confirmed_cases__daily,Wamba,15
2026-07-31,insp_sitrep__cumulative_confirmed_deaths__daily,Adja,1
2026-07-31,insp_sitrep__cumulative_confirmed_deaths__daily,Ariwara,2
2026-07-31,insp_sitrep__cumulative_confirmed_deaths__daily,Aru,5
2026-07-31,insp_sitrep__cumulative_confirmed_deaths__daily,Aungba,5
2026-07-31,insp_sitrep__cumulative_confirmed_deaths__daily,Bambu,12
2026-07-31,insp_sitrep__cumulative_confirmed_deaths__daily,Beni,46
2026-07-31,insp_sitrep__cumulative_confirmed_deaths__daily,Boga,1
2026-07-31,insp_sitrep__cumulative_confirmed_deaths__daily,Boma Mangbetu,4
2026-07-31,insp_sitrep__cumulative_confirmed_deaths__daily,Bunia,259
2026-07-31,insp_sitrep__cumulative_confirmed_deaths__daily,Butembo,65
2026-07-31,insp_sitrep__cumulative_confirmed_deaths__daily,Damas,8
2026-07-31,insp_sitrep__cumulative_confirmed_deaths__daily,Drodro,6
2026-07-31,insp_sitrep__cumulative_confirmed_deaths__daily,Fataki,17
2026-07-31,insp_sitrep__cumulative_confirmed_deaths__daily,Gethy,0
2026-07-31,insp_sitrep__cumulative_confirmed_deaths__daily,Goma,0
2026-07-31,insp_sitrep__cumulative_confirmed_deaths__daily,Isiro,9
2026-07-31,insp_sitrep__cumulative_confirmed_deaths__daily,Kabondo,1
2026-07-31,insp_sitrep__cumulative_confirmed_deaths__daily,Kalunguta,3
2026-07-31,insp_sitrep__cumulative_confirmed_deaths__daily,Kambala,0
2026-07-31,insp_sitrep__cumulative_confirmed_deaths__daily,Katwa,102
2026-07-31,insp_sitrep__cumulative_confirmed_deaths__daily,Kilo,11
2026-07-31,insp_sitrep__cumulative_confirmed_deaths__daily,Komanda,25
2026-07-31,insp_sitrep__cumulative_confirmed_deaths__daily,Kyondo,8
2026-07-31,insp_sitrep__cumulative_confirmed_deaths__daily,Lita,79
2026-07-31,insp_sitrep__cumulative_confirmed_deaths__daily,Logo,3
2026-07-31,insp_sitrep__cumulative_confirmed_deaths__daily,Lolwa,2
2026-07-31,insp_sitrep__cumulative_confirmed_deaths__daily,Lubunga,0
2026-07-31,insp_sitrep__cumulative_confirmed_deaths__daily,Mabalako,0
2026-07-31,insp_sitrep__cumulative_confirmed_deaths__daily,Mahagi,1
2026-07-31,insp_sitrep__cumulative_confirmed_deaths__daily,Makiso-Kisangani,3
2026-07-31,insp_sitrep__cumulative_confirmed_deaths__daily,Mambasa,6
2026-07-31,insp_sitrep__cumulative_confirmed_deaths__daily,Mandima,12
2026-07-31,insp_sitrep__cumulative_confirmed_deaths__daily,Mangala,64
2026-07-31,insp_sitrep__cumulative_confirmed_deaths__daily,Mangobo,1
2026-07-31,insp_sitrep__cumulative_confirmed_deaths__daily,Masereka,0
2026-07-31,insp_sitrep__cumulative_confirmed_deaths__daily,Miti-Murhesa,1
2026-07-31,insp_sitrep__cumulative_confirmed_deaths__daily,Mongbwalu,259
2026-07-31,insp_sitrep__cumulative_confirmed_deaths__daily,Musienene,23
2026-07-31,insp_sitrep__cumulative_confirmed_deaths__daily,Nia-Nia,53
2026-07-31,insp_sitrep__cumulative_confirmed_deaths__daily,Nizi,187
2026-07-31,insp_sitrep__cumulative_confirmed_deaths__daily,Nyankunde,32
2026-07-31,insp_sitrep__cumulative_confirmed_deaths__daily,Oicha,3
2026-07-31,insp_sitrep__cumulative_confirmed_deaths__daily,Pawa,7
2026-07-31,insp_sitrep__cumulative_confirmed_deaths__daily,Rimba,4
2026-07-31,insp_sitrep__cumulative_confirmed_deaths__daily,Rungu,0
2026-07-31,insp_sitrep__cumulative_confirmed_deaths__daily,Rwampara,258
2026-07-31,insp_sitrep__cumulative_confirmed_deaths__daily,Tchomia,24
2026-07-31,insp_sitrep__cumulative_confirmed_deaths__daily,Vuhovi,1
2026-07-31,insp_sitrep__cumulative_confirmed_deaths__daily,Wamba,8
2026-07-31,insp_sitrep__national_cumulative_confirmed_cases__daily,DRC,3674
2026-07-31,insp_sitrep__national_cumulative_confirmed_deaths__daily,DRC,1621
2026-07-31,insp_sitrep__national_cumulative_suspected_cases__daily,DRC,321
2026-08-01,insp_sitrep__cumulative_confirmed_cases__daily,Adja,11
2026-08-01,insp_sitrep__cumulative_confirmed_cases__daily,Ariwara,7
2026-08-01,insp_sitrep__cumulative_confirmed_cases__daily,Aru,5
2026-08-01,insp_sitrep__cumulative_confirmed_cases__daily,Aungba,9
2026-08-01,insp_sitrep__cumulative_confirmed_cases__daily,Bambu,60
2026-08-01,insp_sitrep__cumulative_confirmed_cases__daily,Beni,61
2026-08-01,insp_sitrep__cumulative_confirmed_cases__daily,Boga,1
2026-08-01,insp_sitrep__cumulative_confirmed_cases__daily,Boma Mangbetu,12
2026-08-01,insp_sitrep__cumulative_confirmed_cases__daily,Bunia,905
2026-08-01,insp_sitrep__cumulative_confirmed_cases__daily,Butembo,88
2026-08-01,insp_sitrep__cumulative_confirmed_cases__daily,Damas,18
2026-08-01,insp_sitrep__cumulative_confirmed_cases__daily,Drodro,11
2026-08-01,insp_sitrep__cumulative_confirmed_cases__daily,Fataki,35
2026-08-01,insp_sitrep__cumulative_confirmed_cases__daily,Gethy,1
2026-08-01,insp_sitrep__cumulative_confirmed_cases__daily,Goma,1
2026-08-01,insp_sitrep__cumulative_confirmed_cases__daily,Isiro,19
2026-08-01,insp_sitrep__cumulative_confirmed_cases__daily,Kabondo,1
2026-08-01,insp_sitrep__cumulative_confirmed_cases__daily,Kalunguta,6
2026-08-01,insp_sitrep__cumulative_confirmed_cases__daily,Kambala,2
2026-08-01,insp_sitrep__cumulative_confirmed_cases__daily,Katwa,180
2026-08-01,insp_sitrep__cumulative_confirmed_cases__daily,Kilo,29
2026-08-01,insp_sitrep__cumulative_confirmed_cases__daily,Komanda,37
2026-08-01,insp_sitrep__cumulative_confirmed_cases__daily,Kyondo,13
2026-08-01,insp_sitrep__cumulative_confirmed_cases__daily,Lita,137
2026-08-01,insp_sitrep__cumulative_confirmed_cases__daily,Logo,9
2026-08-01,insp_sitrep__cumulative_confirmed_cases__daily,Lolwa,7
2026-08-01,insp_sitrep__cumulative_confirmed_cases__daily,Lubunga,1
2026-08-01,insp_sitrep__cumulative_confirmed_cases__daily,Mabalako,1
2026-08-01,insp_sitrep__cumulative_confirmed_cases__daily,Mahagi,4
2026-08-01,insp_sitrep__cumulative_confirmed_cases__daily,Makiso-Kisangani,3
2026-08-01,insp_sitrep__cumulative_confirmed_cases__daily,Mambasa,10
2026-08-01,insp_sitrep__cumulative_confirmed_cases__daily,Mandima,16
2026-08-01,insp_sitrep__cumulative_confirmed_cases__daily,Mangala,105
2026-08-01,insp_sitrep__cumulative_confirmed_cases__daily,Mangobo,1
2026-08-01,insp_sitrep__cumulative_confirmed_cases__daily,Masereka,4
2026-08-01,insp_sitrep__cumulative_confirmed_cases__daily,Miti-Murhesa,3
2026-08-01,insp_sitrep__cumulative_confirmed_cases__daily,Mongbwalu,550
2026-08-01,insp_sitrep__cumulative_confirmed_cases__daily,Musienene,41
2026-08-01,insp_sitrep__cumulative_confirmed_cases__daily,Nia-Nia,103
2026-08-01,insp_sitrep__cumulative_confirmed_cases__daily,Nizi,397
2026-08-01,insp_sitrep__cumulative_confirmed_cases__daily,Nyankunde,115
2026-08-01,insp_sitrep__cumulative_confirmed_cases__daily,Oicha,4
2026-08-01,insp_sitrep__cumulative_confirmed_cases__daily,Pawa,12
2026-08-01,insp_sitrep__cumulative_confirmed_cases__daily,Rimba,9
2026-08-01,insp_sitrep__cumulative_confirmed_cases__daily,Rungu,1
2026-08-01,insp_sitrep__cumulative_confirmed_cases__daily,Rwampara,644
2026-08-01,insp_sitrep__cumulative_confirmed_cases__daily,Tchomia,41
2026-08-01,insp_sitrep__cumulative_confirmed_cases__daily,Vuhovi,1
2026-08-01,insp_sitrep__cumulative_confirmed_cases__daily,Wamba,16
2026-08-01,insp_sitrep__cumulative_confirmed_cases__daily,Wanierukula,1
2026-08-01,insp_sitrep__cumulative_confirmed_deaths__daily,Adja,1
2026-08-01,insp_sitrep__cumulative_confirmed_deaths__daily,Ariwara,2
2026-08-01,insp_sitrep__cumulative_confirmed_deaths__daily,Aru,5
2026-08-01,insp_sitrep__cumulative_confirmed_deaths__daily,Aungba,5
2026-08-01,insp_sitrep__cumulative_confirmed_deaths__daily,Bambu,13
2026-08-01,insp_sitrep__cumulative_confirmed_deaths__daily,Beni,49
2026-08-01,insp_sitrep__cumulative_confirmed_deaths__daily,Boga,1
2026-08-01,insp_sitrep__cumulative_confirmed_deaths__daily,Boma Mangbetu,4
2026-08-01,insp_sitrep__cumulative_confirmed_deaths__daily,Bunia,262
2026-08-01,insp_sitrep__cumulative_confirmed_deaths__daily,Butembo,67
2026-08-01,insp_sitrep__cumulative_confirmed_deaths__daily,Damas,8
2026-08-01,insp_sitrep__cumulative_confirmed_deaths__daily,Drodro,6
2026-08-01,insp_sitrep__cumulative_confirmed_deaths__daily,Fataki,17
2026-08-01,insp_sitrep__cumulative_confirmed_deaths__daily,Gethy,0
2026-08-01,insp_sitrep__cumulative_confirmed_deaths__daily,Goma,0
2026-08-01,insp_sitrep__cumulative_confirmed_deaths__daily,Isiro,9
2026-08-01,insp_sitrep__cumulative_confirmed_deaths__daily,Kabondo,1
2026-08-01,insp_sitrep__cumulative_confirmed_deaths__daily,Kalunguta,3
2026-08-01,insp_sitrep__cumulative_confirmed_deaths__daily,Kambala,0
2026-08-01,insp_sitrep__cumulative_confirmed_deaths__daily,Katwa,108
2026-08-01,insp_sitrep__cumulative_confirmed_deaths__daily,Kilo,11
2026-08-01,insp_sitrep__cumulative_confirmed_deaths__daily,Komanda,27
2026-08-01,insp_sitrep__cumulative_confirmed_deaths__daily,Kyondo,8
2026-08-01,insp_sitrep__cumulative_confirmed_deaths__daily,Lita,80
2026-08-01,insp_sitrep__cumulative_confirmed_deaths__daily,Logo,3
2026-08-01,insp_sitrep__cumulative_confirmed_deaths__daily,Lolwa,2
2026-08-01,insp_sitrep__cumulative_confirmed_deaths__daily,Lubunga,0
2026-08-01,insp_sitrep__cumulative_confirmed_deaths__daily,Mabalako,0
2026-08-01,insp_sitrep__cumulative_confirmed_deaths__daily,Mahagi,1
2026-08-01,insp_sitrep__cumulative_confirmed_deaths__daily,Makiso-Kisangani,3
2026-08-01,insp_sitrep__cumulative_confirmed_deaths__daily,Mambasa,6
2026-08-01,insp_sitrep__cumulative_confirmed_deaths__daily,Mandima,12
2026-08-01,insp_sitrep__cumulative_confirmed_deaths__daily,Mangala,66
2026-08-01,insp_sitrep__cumulative_confirmed_deaths__daily,Mangobo,1
2026-08-01,insp_sitrep__cumulative_confirmed_deaths__daily,Masereka,0
2026-08-01,insp_sitrep__cumulative_confirmed_deaths__daily,Miti-Murhesa,1
2026-08-01,insp_sitrep__cumulative_confirmed_deaths__daily,Mongbwalu,261
2026-08-01,insp_sitrep__cumulative_confirmed_deaths__daily,Musienene,23
2026-08-01,insp_sitrep__cumulative_confirmed_deaths__daily,Nia-Nia,56
2026-08-01,insp_sitrep__cumulative_confirmed_deaths__daily,Nizi,192
2026-08-01,insp_sitrep__cumulative_confirmed_deaths__daily,Nyankunde,34
2026-08-01,insp_sitrep__cumulative_confirmed_deaths__daily,Oicha,3
2026-08-01,insp_sitrep__cumulative_confirmed_deaths__daily,Pawa,9
2026-08-01,insp_sitrep__cumulative_confirmed_deaths__daily,Rimba,4
2026-08-01,insp_sitrep__cumulative_confirmed_deaths__daily,Rungu,0
2026-08-01,insp_sitrep__cumulative_confirmed_deaths__daily,Rwampara,260
2026-08-01,insp_sitrep__cumulative_confirmed_deaths__daily,Tchomia,24
2026-08-01,insp_sitrep__cumulative_confirmed_deaths__daily,Vuhovi,1
2026-08-01,insp_sitrep__cumulative_confirmed_deaths__daily,Wamba,8
2026-08-01,insp_sitrep__cumulative_confirmed_deaths__daily,Wanierukula,0
2026-08-01,insp_sitrep__national_cumulative_confirmed_cases__daily,DRC,3748
2026-08-01,insp_sitrep__national_cumulative_confirmed_deaths__daily,DRC,1657
2026-08-01,insp_sitrep__national_cumulative_suspected_cases__daily,DRC,227
2026-08-02,insp_sitrep__cumulative_confirmed_cases__daily,Adja,11
2026-08-02,insp_sitrep__cumulative_confirmed_cases__daily,Ariwara,7
2026-08-02,insp_sitrep__cumulative_confirmed_cases__daily,Aru,5
2026-08-02,insp_sitrep__cumulative_confirmed_cases__daily,Aungba,10
2026-08-02,insp_sitrep__cumulative_confirmed_cases__daily,Bambu,64
2026-08-02,insp_sitrep__cumulative_confirmed_cases__daily,Beni,64
2026-08-02,insp_sitrep__cumulative_confirmed_cases__daily,Boga,1
2026-08-02,insp_sitrep__cumulative_confirmed_cases__daily,Boma Mangbetu,13
2026-08-02,insp_sitrep__cumulative_confirmed_cases__daily,Bunia,914
2026-08-02,insp_sitrep__cumulative_confirmed_cases__daily,Butembo,87
2026-08-02,insp_sitrep__cumulative_confirmed_cases__daily,Damas,18
2026-08-02,insp_sitrep__cumulative_confirmed_cases__daily,Drodro,11
2026-08-02,insp_sitrep__cumulative_confirmed_cases__daily,Fataki,35
2026-08-02,insp_sitrep__cumulative_confirmed_cases__daily,Gethy,1
2026-08-02,insp_sitrep__cumulative_confirmed_cases__daily,Goma,1
2026-08-02,insp_sitrep__cumulative_confirmed_cases__daily,Isiro,19
2026-08-02,insp_sitrep__cumulative_confirmed_cases__daily,Kabondo,1
2026-08-02,insp_sitrep__cumulative_confirmed_cases__daily,Kalunguta,7
2026-08-02,insp_sitrep__cumulative_confirmed_cases__daily,Kambala,2
2026-08-02,insp_sitrep__cumulative_confirmed_cases__daily,Katwa,186
2026-08-02,insp_sitrep__cumulative_confirmed_cases__daily,Kilo,29
2026-08-02,insp_sitrep__cumulative_confirmed_cases__daily,Komanda,37
2026-08-02,insp_sitrep__cumulative_confirmed_cases__daily,Kyondo,13
2026-08-02,insp_sitrep__cumulative_confirmed_cases__daily,Lita,141
2026-08-02,insp_sitrep__cumulative_confirmed_cases__daily,Logo,9
2026-08-02,insp_sitrep__cumulative_confirmed_cases__daily,Lolwa,7
2026-08-02,insp_sitrep__cumulative_confirmed_cases__daily,Lubero,1
2026-08-02,insp_sitrep__cumulative_confirmed_cases__daily,Lubunga,1
2026-08-02,insp_sitrep__cumulative_confirmed_cases__daily,Mabalako,1
2026-08-02,insp_sitrep__cumulative_confirmed_cases__daily,Mahagi,4
2026-08-02,insp_sitrep__cumulative_confirmed_cases__daily,Makiso-Kisangani,3
2026-08-02,insp_sitrep__cumulative_confirmed_cases__daily,Mambasa,10
2026-08-02,insp_sitrep__cumulative_confirmed_cases__daily,Mandima,16
2026-08-02,insp_sitrep__cumulative_confirmed_cases__daily,Mangala,105
2026-08-02,insp_sitrep__cumulative_confirmed_cases__daily,Mangobo,1
2026-08-02,insp_sitrep__cumulative_confirmed_cases__daily,Masereka,5
2026-08-02,insp_sitrep__cumulative_confirmed_cases__daily,Miti-Murhesa,3
2026-08-02,insp_sitrep__cumulative_confirmed_cases__daily,Mongbwalu,552
2026-08-02,insp_sitrep__cumulative_confirmed_cases__daily,Musienene,43
2026-08-02,insp_sitrep__cumulative_confirmed_cases__daily,Nia-Nia,104
2026-08-02,insp_sitrep__cumulative_confirmed_cases__daily,Nizi,402
2026-08-02,insp_sitrep__cumulative_confirmed_cases__daily,Nyankunde,115
2026-08-02,insp_sitrep__cumulative_confirmed_cases__daily,Oicha,4
2026-08-02,insp_sitrep__cumulative_confirmed_cases__daily,Pawa,12
2026-08-02,insp_sitrep__cumulative_confirmed_cases__daily,Rimba,9
2026-08-02,insp_sitrep__cumulative_confirmed_cases__daily,Rungu,1
2026-08-02,insp_sitrep__cumulative_confirmed_cases__daily,Rwampara,655
2026-08-02,insp_sitrep__cumulative_confirmed_cases__daily,Tchomia,43
2026-08-02,insp_sitrep__cumulative_confirmed_cases__daily,Vuhovi,2
2026-08-02,insp_sitrep__cumulative_confirmed_cases__daily,Wamba,16
2026-08-02,insp_sitrep__cumulative_confirmed_cases__daily,Wanierukula,1
2026-08-02,insp_sitrep__cumulative_confirmed_deaths__daily,Adja,1
2026-08-02,insp_sitrep__cumulative_confirmed_deaths__daily,Ariwara,2
2026-08-02,insp_sitrep__cumulative_confirmed_deaths__daily,Aru,5
2026-08-02,insp_sitrep__cumulative_confirmed_deaths__daily,Aungba,5
2026-08-02,insp_sitrep__cumulative_confirmed_deaths__daily,Bambu,15
2026-08-02,insp_sitrep__cumulative_confirmed_deaths__daily,Beni,49
2026-08-02,insp_sitrep__cumulative_confirmed_deaths__daily,Boga,1
2026-08-02,insp_sitrep__cumulative_confirmed_deaths__daily,Boma Mangbetu,4
2026-08-02,insp_sitrep__cumulative_confirmed_deaths__daily,Bunia,270
2026-08-02,insp_sitrep__cumulative_confirmed_deaths__daily,Butembo,69
2026-08-02,insp_sitrep__cumulative_confirmed_deaths__daily,Damas,8
2026-08-02,insp_sitrep__cumulative_confirmed_deaths__daily,Drodro,6
2026-08-02,insp_sitrep__cumulative_confirmed_deaths__daily,Fataki,17
2026-08-02,insp_sitrep__cumulative_confirmed_deaths__daily,Gethy,0
2026-08-02,insp_sitrep__cumulative_confirmed_deaths__daily,Goma,0
2026-08-02,insp_sitrep__cumulative_confirmed_deaths__daily,Isiro,11
2026-08-02,insp_sitrep__cumulative_confirmed_deaths__daily,Kabondo,1
2026-08-02,insp_sitrep__cumulative_confirmed_deaths__daily,Kalunguta,4
2026-08-02,insp_sitrep__cumulative_confirmed_deaths__daily,Kambala,0
2026-08-02,insp_sitrep__cumulative_confirmed_deaths__daily,Katwa,122
2026-08-02,insp_sitrep__cumulative_confirmed_deaths__daily,Kilo,11
2026-08-02,insp_sitrep__cumulative_confirmed_deaths__daily,Komanda,27
2026-08-02,insp_sitrep__cumulative_confirmed_deaths__daily,Kyondo,10
2026-08-02,insp_sitrep__cumulative_confirmed_deaths__daily,Lita,84
2026-08-02,insp_sitrep__cumulative_confirmed_deaths__daily,Logo,4
2026-08-02,insp_sitrep__cumulative_confirmed_deaths__daily,Lolwa,2
2026-08-02,insp_sitrep__cumulative_confirmed_deaths__daily,Lubero,1
2026-08-02,insp_sitrep__cumulative_confirmed_deaths__daily,Lubunga,0
2026-08-02,insp_sitrep__cumulative_confirmed_deaths__daily,Mabalako,0
2026-08-02,insp_sitrep__cumulative_confirmed_deaths__daily,Mahagi,1
2026-08-02,insp_sitrep__cumulative_confirmed_deaths__daily,Makiso-Kisangani,3
2026-08-02,insp_sitrep__cumulative_confirmed_deaths__daily,Mambasa,6
2026-08-02,insp_sitrep__cumulative_confirmed_deaths__daily,Mandima,12
2026-08-02,insp_sitrep__cumulative_confirmed_deaths__daily,Mangala,66
2026-08-02,insp_sitrep__cumulative_confirmed_deaths__daily,Mangobo,1
2026-08-02,insp_sitrep__cumulative_confirmed_deaths__daily,Masereka,1
2026-08-02,insp_sitrep__cumulative_confirmed_deaths__daily,Miti-Murhesa,1
2026-08-02,insp_sitrep__cumulative_confirmed_deaths__daily,Mongbwalu,263
2026-08-02,insp_sitrep__cumulative_confirmed_deaths__daily,Musienene,25
2026-08-02,insp_sitrep__cumulative_confirmed_deaths__daily,Nia-Nia,57
2026-08-02,insp_sitrep__cumulative_confirmed_deaths__daily,Nizi,194
2026-08-02,insp_sitrep__cumulative_confirmed_deaths__daily,Nyankunde,34
2026-08-02,insp_sitrep__cumulative_confirmed_deaths__daily,Oicha,3
2026-08-02,insp_sitrep__cumulative_confirmed_deaths__daily,Pawa,10
2026-08-02,insp_sitrep__cumulative_confirmed_deaths__daily,Rimba,4
2026-08-02,insp_sitrep__cumulative_confirmed_deaths__daily,Rungu,0
2026-08-02,insp_sitrep__cumulative_confirmed_deaths__daily,Rwampara,263
2026-08-02,insp_sitrep__cumulative_confirmed_deaths__daily,Tchomia,24
2026-08-02,insp_sitrep__cumulative_confirmed_deaths__daily,Vuhovi,1
2026-08-02,insp_sitrep__cumulative_confirmed_deaths__daily,Wamba,9
2026-08-02,insp_sitrep__cumulative_confirmed_deaths__daily,Wanierukula,0
2026-08-02,insp_sitrep__national_cumulative_confirmed_cases__daily,DRC,3802
2026-08-02,insp_sitrep__national_cumulative_confirmed_deaths__daily,DRC,1707
2026-08-02,insp_sitrep__national_cumulative_suspected_cases__daily,DRC,275
2026-08-03,insp_sitrep__cumulative_confirmed_cases__daily,Adja,11
2026-08-03,insp_sitrep__cumulative_confirmed_cases__daily,Ariwara,7
2026-08-03,insp_sitrep__cumulative_confirmed_cases__daily,Aru,5
2026-08-03,insp_sitrep__cumulative_confirmed_cases__daily,Aungba,10
2026-08-03,insp_sitrep__cumulative_confirmed_cases__daily,Bambu,69
2026-08-03,insp_sitrep__cumulative_confirmed_cases__daily,Beni,64
2026-08-03,insp_sitrep__cumulative_confirmed_cases__daily,Boga,1
2026-08-03,insp_sitrep__cumulative_confirmed_cases__daily,Boma Mangbetu,13
2026-08-03,insp_sitrep__cumulative_confirmed_cases__daily,Bunia,925
2026-08-03,insp_sitrep__cumulative_confirmed_cases__daily,Butembo,89
2026-08-03,insp_sitrep__cumulative_confirmed_cases__daily,Damas,18
2026-08-03,insp_sitrep__cumulative_confirmed_cases__daily,Drodro,11
2026-08-03,insp_sitrep__cumulative_confirmed_cases__daily,Fataki,35
2026-08-03,insp_sitrep__cumulative_confirmed_cases__daily,Gethy,1
2026-08-03,insp_sitrep__cumulative_confirmed_cases__daily,Goma,1
2026-08-03,insp_sitrep__cumulative_confirmed_cases__daily,Isiro,21
2026-08-03,insp_sitrep__cumulative_confirmed_cases__daily,Kabondo,1
2026-08-03,insp_sitrep__cumulative_confirmed_cases__daily,Kalunguta,7
2026-08-03,insp_sitrep__cumulative_confirmed_cases__daily,Kambala,2
2026-08-03,insp_sitrep__cumulative_confirmed_cases__daily,Katwa,195
2026-08-03,insp_sitrep__cumulative_confirmed_cases__daily,Kilo,29
2026-08-03,insp_sitrep__cumulative_confirmed_cases__daily,Komanda,38
2026-08-03,insp_sitrep__cumulative_confirmed_cases__daily,Kyondo,13
2026-08-03,insp_sitrep__cumulative_confirmed_cases__daily,Lita,142
2026-08-03,insp_sitrep__cumulative_confirmed_cases__daily,Logo,10
2026-08-03,insp_sitrep__cumulative_confirmed_cases__daily,Lolwa,7
2026-08-03,insp_sitrep__cumulative_confirmed_cases__daily,Lubero,1
2026-08-03,insp_sitrep__cumulative_confirmed_cases__daily,Lubunga,1
2026-08-03,insp_sitrep__cumulative_confirmed_cases__daily,Mabalako,1
2026-08-03,insp_sitrep__cumulative_confirmed_cases__daily,Mahagi,4
2026-08-03,insp_sitrep__cumulative_confirmed_cases__daily,Makiso-Kisangani,3
2026-08-03,insp_sitrep__cumulative_confirmed_cases__daily,Mambasa,10
2026-08-03,insp_sitrep__cumulative_confirmed_cases__daily,Mandima,16
2026-08-03,insp_sitrep__cumulative_confirmed_cases__daily,Mangala,106
2026-08-03,insp_sitrep__cumulative_confirmed_cases__daily,Mangobo,1
2026-08-03,insp_sitrep__cumulative_confirmed_cases__daily,Masereka,5
2026-08-03,insp_sitrep__cumulative_confirmed_cases__daily,Miti-Murhesa,3
2026-08-03,insp_sitrep__cumulative_confirmed_cases__daily,Mongbwalu,553
2026-08-03,insp_sitrep__cumulative_confirmed_cases__daily,Musienene,44
2026-08-03,insp_sitrep__cumulative_confirmed_cases__daily,Nia-Nia,112
2026-08-03,insp_sitrep__cumulative_confirmed_cases__daily,Nizi,410
2026-08-03,insp_sitrep__cumulative_confirmed_cases__daily,Nyankunde,115
2026-08-03,insp_sitrep__cumulative_confirmed_cases__daily,Oicha,4
2026-08-03,insp_sitrep__cumulative_confirmed_cases__daily,Pawa,12
2026-08-03,insp_sitrep__cumulative_confirmed_cases__daily,Rimba,9
2026-08-03,insp_sitrep__cumulative_confirmed_cases__daily,Rungu,1
2026-08-03,insp_sitrep__cumulative_confirmed_cases__daily,Rwampara,674
2026-08-03,insp_sitrep__cumulative_confirmed_cases__daily,Tchomia,45
2026-08-03,insp_sitrep__cumulative_confirmed_cases__daily,Vuhovi,2
2026-08-03,insp_sitrep__cumulative_confirmed_cases__daily,Wamba,16
2026-08-03,insp_sitrep__cumulative_confirmed_cases__daily,Wanierukula,1
2026-08-03,insp_sitrep__cumulative_confirmed_deaths__daily,Adja,1
2026-08-03,insp_sitrep__cumulative_confirmed_deaths__daily,Ariwara,2
2026-08-03,insp_sitrep__cumulative_confirmed_deaths__daily,Aru,5
2026-08-03,insp_sitrep__cumulative_confirmed_deaths__daily,Aungba,5
2026-08-03,insp_sitrep__cumulative_confirmed_deaths__daily,Bambu,15
2026-08-03,insp_sitrep__cumulative_confirmed_deaths__daily,Beni,49
2026-08-03,insp_sitrep__cumulative_confirmed_deaths__daily,Boga,1
2026-08-03,insp_sitrep__cumulative_confirmed_deaths__daily,Boma Mangbetu,5
2026-08-03,insp_sitrep__cumulative_confirmed_deaths__daily,Bunia,277
2026-08-03,insp_sitrep__cumulative_confirmed_deaths__daily,Butembo,69
2026-08-03,insp_sitrep__cumulative_confirmed_deaths__daily,Damas,8
2026-08-03,insp_sitrep__cumulative_confirmed_deaths__daily,Drodro,6
2026-08-03,insp_sitrep__cumulative_confirmed_deaths__daily,Fataki,17
2026-08-03,insp_sitrep__cumulative_confirmed_deaths__daily,Gethy,0
2026-08-03,insp_sitrep__cumulative_confirmed_deaths__daily,Goma,0
2026-08-03,insp_sitrep__cumulative_confirmed_deaths__daily,Isiro,13
2026-08-03,insp_sitrep__cumulative_confirmed_deaths__daily,Kabondo,1
2026-08-03,insp_sitrep__cumulative_confirmed_deaths__daily,Kalunguta,4
2026-08-03,insp_sitrep__cumulative_confirmed_deaths__daily,Kambala,0
2026-08-03,insp_sitrep__cumulative_confirmed_deaths__daily,Katwa,125
2026-08-03,insp_sitrep__cumulative_confirmed_deaths__daily,Kilo,11
2026-08-03,insp_sitrep__cumulative_confirmed_deaths__daily,Komanda,27
2026-08-03,insp_sitrep__cumulative_confirmed_deaths__daily,Kyondo,10
2026-08-03,insp_sitrep__cumulative_confirmed_deaths__daily,Lita,86
2026-08-03,insp_sitrep__cumulative_confirmed_deaths__daily,Logo,5
2026-08-03,insp_sitrep__cumulative_confirmed_deaths__daily,Lolwa,2
2026-08-03,insp_sitrep__cumulative_confirmed_deaths__daily,Lubero,1
2026-08-03,insp_sitrep__cumulative_confirmed_deaths__daily,Lubunga,0
2026-08-03,insp_sitrep__cumulative_confirmed_deaths__daily,Mabalako,0
2026-08-03,insp_sitrep__cumulative_confirmed_deaths__daily,Mahagi,1
2026-08-03,insp_sitrep__cumulative_confirmed_deaths__daily,Makiso-Kisangani,3
2026-08-03,insp_sitrep__cumulative_confirmed_deaths__daily,Mambasa,6
2026-08-03,insp_sitrep__cumulative_confirmed_deaths__daily,Mandima,12
2026-08-03,insp_sitrep__cumulative_confirmed_deaths__daily,Mangala,67
2026-08-03,insp_sitrep__cumulative_confirmed_deaths__daily,Mangobo,1
2026-08-03,insp_sitrep__cumulative_confirmed_deaths__daily,Masereka,1
2026-08-03,insp_sitrep__cumulative_confirmed_deaths__daily,Miti-Murhesa,1
2026-08-03,insp_sitrep__cumulative_confirmed_deaths__daily,Mongbwalu,264
2026-08-03,insp_sitrep__cumulative_confirmed_deaths__daily,Musienene,25
2026-08-03,insp_sitrep__cumulative_confirmed_deaths__daily,Nia-Nia,63
2026-08-03,insp_sitrep__cumulative_confirmed_deaths__daily,Nizi,201
2026-08-03,insp_sitrep__cumulative_confirmed_deaths__daily,Nyankunde,34
2026-08-03,insp_sitrep__cumulative_confirmed_deaths__daily,Oicha,3
2026-08-03,insp_sitrep__cumulative_confirmed_deaths__daily,Pawa,11
2026-08-03,insp_sitrep__cumulative_confirmed_deaths__daily,Rimba,4
2026-08-03,insp_sitrep__cumulative_confirmed_deaths__daily,Rungu,0
2026-08-03,insp_sitrep__cumulative_confirmed_deaths__daily,Rwampara,273
2026-08-03,insp_sitrep__cumulative_confirmed_deaths__daily,Tchomia,24
2026-08-03,insp_sitrep__cumulative_confirmed_deaths__daily,Vuhovi,1
2026-08-03,insp_sitrep__cumulative_confirmed_deaths__daily,Wamba,9
2026-08-03,insp_sitrep__cumulative_confirmed_deaths__daily,Wanierukula,0
2026-08-03,insp_sitrep__national_cumulative_confirmed_cases__daily,DRC,3874
2026-08-03,insp_sitrep__national_cumulative_confirmed_deaths__daily,DRC,1751
2026-08-03,insp_sitrep__national_cumulative_suspected_cases__daily,DRC,301
2026-08-04,insp_sitrep__cumulative_confirmed_cases__daily,Adja,11
2026-08-04,insp_sitrep__cumulative_confirmed_cases__daily,Ariwara,7
2026-08-04,insp_sitrep__cumulative_confirmed_cases__daily,Aru,5
2026-08-04,insp_sitrep__cumulative_confirmed_cases__daily,Aungba,10
2026-08-04,insp_sitrep__cumulative_confirmed_cases__daily,Bambu,69
2026-08-04,insp_sitrep__cumulative_confirmed_cases__daily,Beni,64
2026-08-04,insp_sitrep__cumulative_confirmed_cases__daily,Boga,1
2026-08-04,insp_sitrep__cumulative_confirmed_cases__daily,Boma Mangbetu,13
2026-08-04,insp_sitrep__cumulative_confirmed_cases__daily,Bunia,950
2026-08-04,insp_sitrep__cumulative_confirmed_cases__daily,Butembo,92
2026-08-04,insp_sitrep__cumulative_confirmed_cases__daily,Damas,18
2026-08-04,insp_sitrep__cumulative_confirmed_cases__daily,Drodro,11
2026-08-04,insp_sitrep__cumulative_confirmed_cases__daily,Fataki,40
2026-08-04,insp_sitrep__cumulative_confirmed_cases__daily,Gethy,1
2026-08-04,insp_sitrep__cumulative_confirmed_cases__daily,Goma,1
2026-08-04,insp_sitrep__cumulative_confirmed_cases__daily,Isiro,25
2026-08-04,insp_sitrep__cumulative_confirmed_cases__daily,Kabondo,1
2026-08-04,insp_sitrep__cumulative_confirmed_cases__daily,Kalunguta,8
2026-08-04,insp_sitrep__cumulative_confirmed_cases__daily,Kambala,2
2026-08-04,insp_sitrep__cumulative_confirmed_cases__daily,Katwa,200
2026-08-04,insp_sitrep__cumulative_confirmed_cases__daily,Kilo,29
2026-08-04,insp_sitrep__cumulative_confirmed_cases__daily,Komanda,38
2026-08-04,insp_sitrep__cumulative_confirmed_cases__daily,Kyondo,13
2026-08-04,insp_sitrep__cumulative_confirmed_cases__daily,Lita,151
2026-08-04,insp_sitrep__cumulative_confirmed_cases__daily,Logo,10
2026-08-04,insp_sitrep__cumulative_confirmed_cases__daily,Lolwa,7
2026-08-04,insp_sitrep__cumulative_confirmed_cases__daily,Lubero,1
2026-08-04,insp_sitrep__cumulative_confirmed_cases__daily,Lubunga,1
2026-08-04,insp_sitrep__cumulative_confirmed_cases__daily,Mabalako,1
2026-08-04,insp_sitrep__cumulative_confirmed_cases__daily,Mahagi,4
2026-08-04,insp_sitrep__cumulative_confirmed_cases__daily,Makiso-Kisangani,3
2026-08-04,insp_sitrep__cumulative_confirmed_cases__daily,Mambasa,10
2026-08-04,insp_sitrep__cumulative_confirmed_cases__daily,Mandima,16
2026-08-04,insp_sitrep__cumulative_confirmed_cases__daily,Mangala,108
2026-08-04,insp_sitrep__cumulative_confirmed_cases__daily,Mangobo,1
2026-08-04,insp_sitrep__cumulative_confirmed_cases__daily,Masereka,5
2026-08-04,insp_sitrep__cumulative_confirmed_cases__daily,Miti-Murhesa,3
2026-08-04,insp_sitrep__cumulative_confirmed_cases__daily,Mongbwalu,558
2026-08-04,insp_sitrep__cumulative_confirmed_cases__daily,Musienene,45
2026-08-04,insp_sitrep__cumulative_confirmed_cases__daily,Nia-Nia,112
2026-08-04,insp_sitrep__cumulative_confirmed_cases__daily,Nizi,431
2026-08-04,insp_sitrep__cumulative_confirmed_cases__daily,Nyankunde,115
2026-08-04,insp_sitrep__cumulative_confirmed_cases__daily,Oicha,4
2026-08-04,insp_sitrep__cumulative_confirmed_cases__daily,Pawa,12
2026-08-04,insp_sitrep__cumulative_confirmed_cases__daily,Rimba,9
2026-08-04,insp_sitrep__cumulative_confirmed_cases__daily,Rungu,1
2026-08-04,insp_sitrep__cumulative_confirmed_cases__daily,Rwampara,692
2026-08-04,insp_sitrep__cumulative_confirmed_cases__daily,Tchomia,45
2026-08-04,insp_sitrep__cumulative_confirmed_cases__daily,Vuhovi,2
2026-08-04,insp_sitrep__cumulative_confirmed_cases__daily,Wamba,16
2026-08-04,insp_sitrep__cumulative_confirmed_cases__daily,Wanierukula,1
2026-08-04,insp_sitrep__cumulative_confirmed_deaths__daily,Adja,1
2026-08-04,insp_sitrep__cumulative_confirmed_deaths__daily,Ariwara,2
2026-08-04,insp_sitrep__cumulative_confirmed_deaths__daily,Aru,5
2026-08-04,insp_sitrep__cumulative_confirmed_deaths__daily,Aungba,5
2026-08-04,insp_sitrep__cumulative_confirmed_deaths__daily,Bambu,17
2026-08-04,insp_sitrep__cumulative_confirmed_deaths__daily,Beni,49
2026-08-04,insp_sitrep__cumulative_confirmed_deaths__daily,Boga,1
2026-08-04,insp_sitrep__cumulative_confirmed_deaths__daily,Boma Mangbetu,5
2026-08-04,insp_sitrep__cumulative_confirmed_deaths__daily,Bunia,289
2026-08-04,insp_sitrep__cumulative_confirmed_deaths__daily,Butembo,69
2026-08-04,insp_sitrep__cumulative_confirmed_deaths__daily,Damas,8
2026-08-04,insp_sitrep__cumulative_confirmed_deaths__daily,Drodro,6
2026-08-04,insp_sitrep__cumulative_confirmed_deaths__daily,Fataki,20
2026-08-04,insp_sitrep__cumulative_confirmed_deaths__daily,Gethy,0
2026-08-04,insp_sitrep__cumulative_confirmed_deaths__daily,Goma,0
2026-08-04,insp_sitrep__cumulative_confirmed_deaths__daily,Isiro,14
2026-08-04,insp_sitrep__cumulative_confirmed_deaths__daily,Kabondo,1
2026-08-04,insp_sitrep__cumulative_confirmed_deaths__daily,Kalunguta,4
2026-08-04,insp_sitrep__cumulative_confirmed_deaths__daily,Kambala,0
2026-08-04,insp_sitrep__cumulative_confirmed_deaths__daily,Katwa,129
2026-08-04,insp_sitrep__cumulative_confirmed_deaths__daily,Kilo,11
2026-08-04,insp_sitrep__cumulative_confirmed_deaths__daily,Komanda,27
2026-08-04,insp_sitrep__cumulative_confirmed_deaths__daily,Kyondo,10
2026-08-04,insp_sitrep__cumulative_confirmed_deaths__daily,Lita,89
2026-08-04,insp_sitrep__cumulative_confirmed_deaths__daily,Logo,5
2026-08-04,insp_sitrep__cumulative_confirmed_deaths__daily,Lolwa,2
2026-08-04,insp_sitrep__cumulative_confirmed_deaths__daily,Lubero,1
2026-08-04,insp_sitrep__cumulative_confirmed_deaths__daily,Lubunga,0
2026-08-04,insp_sitrep__cumulative_confirmed_deaths__daily,Mabalako,0
2026-08-04,insp_sitrep__cumulative_confirmed_deaths__daily,Mahagi,1
2026-08-04,insp_sitrep__cumulative_confirmed_deaths__daily,Makiso-Kisangani,3
2026-08-04,insp_sitrep__cumulative_confirmed_deaths__daily,Mambasa,6
2026-08-04,insp_sitrep__cumulative_confirmed_deaths__daily,Mandima,12
2026-08-04,insp_sitrep__cumulative_confirmed_deaths__daily,Mangala,67
2026-08-04,insp_sitrep__cumulative_confirmed_deaths__daily,Mangobo,1
2026-08-04,insp_sitrep__cumulative_confirmed_deaths__daily,Masereka,1
2026-08-04,insp_sitrep__cumulative_confirmed_deaths__daily,Miti-Murhesa,1
2026-08-04,insp_sitrep__cumulative_confirmed_deaths__daily,Mongbwalu,268
2026-08-04,insp_sitrep__cumulative_confirmed_deaths__daily,Musienene,25
2026-08-04,insp_sitrep__cumulative_confirmed_deaths__daily,Nia-Nia,66
2026-08-04,insp_sitrep__cumulative_confirmed_deaths__daily,Nizi,211
2026-08-04,insp_sitrep__cumulative_confirmed_deaths__daily,Nyankunde,35
2026-08-04,insp_sitrep__cumulative_confirmed_deaths__daily,Oicha,3
2026-08-04,insp_sitrep__cumulative_confirmed_deaths__daily,Pawa,11
2026-08-04,insp_sitrep__cumulative_confirmed_deaths__daily,Rimba,4
2026-08-04,insp_sitrep__cumulative_confirmed_deaths__daily,Rungu,0
2026-08-04,insp_sitrep__cumulative_confirmed_deaths__daily,Rwampara,282
2026-08-04,insp_sitrep__cumulative_confirmed_deaths__daily,Tchomia,24
2026-08-04,insp_sitrep__cumulative_confirmed_deaths__daily,Vuhovi,1
2026-08-04,insp_sitrep__cumulative_confirmed_deaths__daily,Wamba,9
2026-08-04,insp_sitrep__cumulative_confirmed_deaths__daily,Wanierukula,0
2026-08-04,insp_sitrep__national_cumulative_confirmed_cases__daily,DRC,3973
2026-08-04,insp_sitrep__national_cumulative_confirmed_deaths__daily,DRC,1801
2026-08-04,insp_sitrep__national_cumulative_suspected_cases__daily,DRC,270
2026-08-08,insp_sitrep__national_cumulative_confirmed_cases__daily,DRC,4209
2026-08-08,insp_sitrep__national_cumulative_confirmed_deaths__daily,DRC,1916
2026-08-09,insp_sitrep__national_cumulative_confirmed_cases__daily,DRC,4381
2026-08-09,insp_sitrep__national_cumulative_confirmed_deaths__daily,DRC,2011
2026-08-10,insp_sitrep__national_cumulative_confirmed_cases__daily,DRC,4449
2026-08-10,insp_sitrep__national_cumulative_confirmed_deaths__daily,DRC,2061
2026-08-11,insp_sitrep__cumulative_confirmed_cases__daily,Adja,11
2026-08-11,insp_sitrep__cumulative_confirmed_cases__daily,Ariwara,7
2026-08-11,insp_sitrep__cumulative_confirmed_cases__daily,Aru,7
2026-08-11,insp_sitrep__cumulative_confirmed_cases__daily,Aungba,10
2026-08-11,insp_sitrep__cumulative_confirmed_cases__daily,Bafwasende,1
2026-08-11,insp_sitrep__cumulative_confirmed_cases__daily,Bambu,93
2026-08-11,insp_sitrep__cumulative_confirmed_cases__daily,Beni,80
2026-08-11,insp_sitrep__cumulative_confirmed_cases__daily,Boga,1
2026-08-11,insp_sitrep__cumulative_confirmed_cases__daily,Boma Mangbetu,20
2026-08-11,insp_sitrep__cumulative_confirmed_cases__daily,Bunia,1072
2026-08-11,insp_sitrep__cumulative_confirmed_cases__daily,Butembo,105
2026-08-11,insp_sitrep__cumulative_confirmed_cases__daily,Damas,20
2026-08-11,insp_sitrep__cumulative_confirmed_cases__daily,Drodro,12
2026-08-11,insp_sitrep__cumulative_confirmed_cases__daily,Fataki,55
2026-08-11,insp_sitrep__cumulative_confirmed_cases__daily,Gethy,2
2026-08-11,insp_sitrep__cumulative_confirmed_cases__daily,Goma,1
2026-08-11,insp_sitrep__cumulative_confirmed_cases__daily,Gombari,1
2026-08-11,insp_sitrep__cumulative_confirmed_cases__daily,Isiro,33
2026-08-11,insp_sitrep__cumulative_confirmed_cases__daily,Kabondo,2
2026-08-11,insp_sitrep__cumulative_confirmed_cases__daily,Kalunguta,10
2026-08-11,insp_sitrep__cumulative_confirmed_cases__daily,Kambala,2
2026-08-11,insp_sitrep__cumulative_confirmed_cases__daily,Katwa,249
2026-08-11,insp_sitrep__cumulative_confirmed_cases__daily,Kilo,30
2026-08-11,insp_sitrep__cumulative_confirmed_cases__daily,Komanda,42
2026-08-11,insp_sitrep__cumulative_confirmed_cases__daily,Kyondo,13
2026-08-11,insp_sitrep__cumulative_confirmed_cases__daily,Lita,169
2026-08-11,insp_sitrep__cumulative_confirmed_cases__daily,Logo,11
2026-08-11,insp_sitrep__cumulative_confirmed_cases__daily,Lolwa,11
2026-08-11,insp_sitrep__cumulative_confirmed_cases__daily,Lubero,1
2026-08-11,insp_sitrep__cumulative_confirmed_cases__daily,Lubunga,1
2026-08-11,insp_sitrep__cumulative_confirmed_cases__daily,Mabalako,1
2026-08-11,insp_sitrep__cumulative_confirmed_cases__daily,Mahagi,4
2026-08-11,insp_sitrep__cumulative_confirmed_cases__daily,Makiso-Kisangani,3
2026-08-11,insp_sitrep__cumulative_confirmed_cases__daily,Mambasa,13
2026-08-11,insp_sitrep__cumulative_confirmed_cases__daily,Mandima,19
2026-08-11,insp_sitrep__cumulative_confirmed_cases__daily,Mangala,120
2026-08-11,insp_sitrep__cumulative_confirmed_cases__daily,Mangobo,1
2026-08-11,insp_sitrep__cumulative_confirmed_cases__daily,Masereka,7
2026-08-11,insp_sitrep__cumulative_confirmed_cases__daily,Miti-Murhesa,3
2026-08-11,insp_sitrep__cumulative_confirmed_cases__daily,Mongbwalu,579
2026-08-11,insp_sitrep__cumulative_confirmed_cases__daily,Musienene,53
2026-08-11,insp_sitrep__cumulative_confirmed_cases__daily,Nia-Nia,146
2026-08-11,insp_sitrep__cumulative_confirmed_cases__daily,Nizi,502
2026-08-11,insp_sitrep__cumulative_confirmed_cases__daily,Nyankunde,117
2026-08-11,insp_sitrep__cumulative_confirmed_cases__daily,Oicha,5
2026-08-11,insp_sitrep__cumulative_confirmed_cases__daily,Pawa,17
2026-08-11,insp_sitrep__cumulative_confirmed_cases__daily,Rimba,9
2026-08-11,insp_sitrep__cumulative_confirmed_cases__daily,Rungu,1
2026-08-11,insp_sitrep__cumulative_confirmed_cases__daily,Rwampara,800
2026-08-11,insp_sitrep__cumulative_confirmed_cases__daily,Tchomia,48
2026-08-11,insp_sitrep__cumulative_confirmed_cases__daily,Vuhovi,3
2026-08-11,insp_sitrep__cumulative_confirmed_cases__daily,Wamba,43
2026-08-11,insp_sitrep__cumulative_confirmed_cases__daily,Wanierukula,1
2026-08-11,insp_sitrep__cumulative_confirmed_deaths__daily,Adja,1
2026-08-11,insp_sitrep__cumulative_confirmed_deaths__daily,Ariwara,2
2026-08-11,insp_sitrep__cumulative_confirmed_deaths__daily,Aru,6
2026-08-11,insp_sitrep__cumulative_confirmed_deaths__daily,Aungba,5
2026-08-11,insp_sitrep__cumulative_confirmed_deaths__daily,Bafwasende,0
2026-08-11,insp_sitrep__cumulative_confirmed_deaths__daily,Bambu,22
2026-08-11,insp_sitrep__cumulative_confirmed_deaths__daily,Beni,62
2026-08-11,insp_sitrep__cumulative_confirmed_deaths__daily,Boga,1
2026-08-11,insp_sitrep__cumulative_confirmed_deaths__daily,Boma Mangbetu,5
2026-08-11,insp_sitrep__cumulative_confirmed_deaths__daily,Bunia,329
2026-08-11,insp_sitrep__cumulative_confirmed_deaths__daily,Butembo,86
2026-08-11,insp_sitrep__cumulative_confirmed_deaths__daily,Damas,9
2026-08-11,insp_sitrep__cumulative_confirmed_deaths__daily,Drodro,6
2026-08-11,insp_sitrep__cumulative_confirmed_deaths__daily,Fataki,29
2026-08-11,insp_sitrep__cumulative_confirmed_deaths__daily,Gethy,1
2026-08-11,insp_sitrep__cumulative_confirmed_deaths__daily,Goma,0
2026-08-11,insp_sitrep__cumulative_confirmed_deaths__daily,Gombari,1
2026-08-11,insp_sitrep__cumulative_confirmed_deaths__daily,Isiro,18
2026-08-11,insp_sitrep__cumulative_confirmed_deaths__daily,Kabondo,1
2026-08-11,insp_sitrep__cumulative_confirmed_deaths__daily,Kalunguta,4
2026-08-11,insp_sitrep__cumulative_confirmed_deaths__daily,Kambala,0
2026-08-11,insp_sitrep__cumulative_confirmed_deaths__daily,Katwa,166
2026-08-11,insp_sitrep__cumulative_confirmed_deaths__daily,Kilo,12
2026-08-11,insp_sitrep__cumulative_confirmed_deaths__daily,Komanda,29
2026-08-11,insp_sitrep__cumulative_confirmed_deaths__daily,Kyondo,10
2026-08-11,insp_sitrep__cumulative_confirmed_deaths__daily,Lita,97
2026-08-11,insp_sitrep__cumulative_confirmed_deaths__daily,Logo,5
2026-08-11,insp_sitrep__cumulative_confirmed_deaths__daily,Lolwa,4
2026-08-11,insp_sitrep__cumulative_confirmed_deaths__daily,Lubero,1
2026-08-11,insp_sitrep__cumulative_confirmed_deaths__daily,Lubunga,0
2026-08-11,insp_sitrep__cumulative_confirmed_deaths__daily,Mabalako,0
2026-08-11,insp_sitrep__cumulative_confirmed_deaths__daily,Mahagi,1
2026-08-11,insp_sitrep__cumulative_confirmed_deaths__daily,Makiso-Kisangani,3
2026-08-11,insp_sitrep__cumulative_confirmed_deaths__daily,Mambasa,6
2026-08-11,insp_sitrep__cumulative_confirmed_deaths__daily,Mandima,13
2026-08-11,insp_sitrep__cumulative_confirmed_deaths__daily,Mangala,76
2026-08-11,insp_sitrep__cumulative_confirmed_deaths__daily,Mangobo,1
2026-08-11,insp_sitrep__cumulative_confirmed_deaths__daily,Masereka,4
2026-08-11,insp_sitrep__cumulative_confirmed_deaths__daily,Miti-Murhesa,1
2026-08-11,insp_sitrep__cumulative_confirmed_deaths__daily,Mongbwalu,281
2026-08-11,insp_sitrep__cumulative_confirmed_deaths__daily,Musienene,31
2026-08-11,insp_sitrep__cumulative_confirmed_deaths__daily,Nia-Nia,87
2026-08-11,insp_sitrep__cumulative_confirmed_deaths__daily,Nizi,231
2026-08-11,insp_sitrep__cumulative_confirmed_deaths__daily,Nyankunde,35
2026-08-11,insp_sitrep__cumulative_confirmed_deaths__daily,Oicha,4
2026-08-11,insp_sitrep__cumulative_confirmed_deaths__daily,Pawa,11
2026-08-11,insp_sitrep__cumulative_confirmed_deaths__daily,Rimba,4
2026-08-11,insp_sitrep__cumulative_confirmed_deaths__daily,Rungu,0
2026-08-11,insp_sitrep__cumulative_confirmed_deaths__daily,Rwampara,316
2026-08-11,insp_sitrep__cumulative_confirmed_deaths__daily,Tchomia,24
2026-08-11,insp_sitrep__cumulative_confirmed_deaths__daily,Vuhovi,1
2026-08-11,insp_sitrep__cumulative_confirmed_deaths__daily,Wamba,16
2026-08-11,insp_sitrep__cumulative_confirmed_deaths__daily,Wanierukula,0
2026-08-11,insp_sitrep__national_cumulative_confirmed_cases__daily,DRC,4566
2026-08-11,insp_sitrep__national_cumulative_confirmed_deaths__daily,DRC,2128
2026-08-15,insp_sitrep__cumulative_confirmed_cases__daily,Adja,11
2026-08-15,insp_sitrep__cumulative_confirmed_cases__daily,Ariwara,7
2026-08-15,insp_sitrep__cumulative_confirmed_cases__daily,Aru,7
2026-08-15,insp_sitrep__cumulative_confirmed_cases__daily,Aungba,11
2026-08-15,insp_sitrep__cumulative_confirmed_cases__daily,Bafwasende,1
2026-08-15,insp_sitrep__cumulative_confirmed_cases__daily,Bambu,109
2026-08-15,insp_sitrep__cumulative_confirmed_cases__daily,Beni,91
2026-08-15,insp_sitrep__cumulative_confirmed_cases__daily,Boga,1
2026-08-15,insp_sitrep__cumulative_confirmed_cases__daily,Boma Mangbetu,22
2026-08-15,insp_sitrep__cumulative_confirmed_cases__daily,Bunia,1157
2026-08-15,insp_sitrep__cumulative_confirmed_cases__daily,Buta,1
2026-08-15,insp_sitrep__cumulative_confirmed_cases__daily,Butembo,111
2026-08-15,insp_sitrep__cumulative_confirmed_cases__daily,Damas,23
2026-08-15,insp_sitrep__cumulative_confirmed_cases__daily,Drodro,13
2026-08-15,insp_sitrep__cumulative_confirmed_cases__daily,Fataki,64
2026-08-15,insp_sitrep__cumulative_confirmed_cases__daily,Gethy,4
2026-08-15,insp_sitrep__cumulative_confirmed_cases__daily,Goma,1
2026-08-15,insp_sitrep__cumulative_confirmed_cases__daily,Gombari,1
2026-08-15,insp_sitrep__cumulative_confirmed_cases__daily,Isiro,42
2026-08-15,insp_sitrep__cumulative_confirmed_cases__daily,Kabondo,3
2026-08-15,insp_sitrep__cumulative_confirmed_cases__daily,Kalunguta,12
2026-08-15,insp_sitrep__cumulative_confirmed_cases__daily,Kambala,2
2026-08-15,insp_sitrep__cumulative_confirmed_cases__daily,Katwa,285
2026-08-15,insp_sitrep__cumulative_confirmed_cases__daily,Kilo,31
2026-08-15,insp_sitrep__cumulative_confirmed_cases__daily,Komanda,48
2026-08-15,insp_sitrep__cumulative_confirmed_cases__daily,Kyondo,15
2026-08-15,insp_sitrep__cumulative_confirmed_cases__daily,Lita,173
2026-08-15,insp_sitrep__cumulative_confirmed_cases__daily,Logo,11
2026-08-15,insp_sitrep__cumulative_confirmed_cases__daily,Lolwa,15
2026-08-15,insp_sitrep__cumulative_confirmed_cases__daily,Lubero,1
2026-08-15,insp_sitrep__cumulative_confirmed_cases__daily,Lubunga,1
2026-08-15,insp_sitrep__cumulative_confirmed_cases__daily,Mabalako,2
2026-08-15,insp_sitrep__cumulative_confirmed_cases__daily,Mahagi,4
2026-08-15,insp_sitrep__cumulative_confirmed_cases__daily,Makiso-Kisangani,4
2026-08-15,insp_sitrep__cumulative_confirmed_cases__daily,Mambasa,14
2026-08-15,insp_sitrep__cumulative_confirmed_cases__daily,Mandima,23
2026-08-15,insp_sitrep__cumulative_confirmed_cases__daily,Mangala,156
2026-08-15,insp_sitrep__cumulative_confirmed_cases__daily,Mangobo,2
2026-08-15,insp_sitrep__cumulative_confirmed_cases__daily,Masereka,7
2026-08-15,insp_sitrep__cumulative_confirmed_cases__daily,Miti-Murhesa,3
2026-08-15,insp_sitrep__cumulative_confirmed_cases__daily,Mongbwalu,585
2026-08-15,insp_sitrep__cumulative_confirmed_cases__daily,Musienene,62
2026-08-15,insp_sitrep__cumulative_confirmed_cases__daily,Nia-Nia,164
2026-08-15,insp_sitrep__cumulative_confirmed_cases__daily,Nizi,534
2026-08-15,insp_sitrep__cumulative_confirmed_cases__daily,Nyankunde,120
2026-08-15,insp_sitrep__cumulative_confirmed_cases__daily,Oicha,5
2026-08-15,insp_sitrep__cumulative_confirmed_cases__daily,Pawa,19
2026-08-15,insp_sitrep__cumulative_confirmed_cases__daily,Rimba,9
2026-08-15,insp_sitrep__cumulative_confirmed_cases__daily,Rungu,1
2026-08-15,insp_sitrep__cumulative_confirmed_cases__daily,Rwampara,849
2026-08-15,insp_sitrep__cumulative_confirmed_cases__daily,Tchomia,49
2026-08-15,insp_sitrep__cumulative_confirmed_cases__daily,Tshopo,1
2026-08-15,insp_sitrep__cumulative_confirmed_cases__daily,Vuhovi,4
2026-08-15,insp_sitrep__cumulative_confirmed_cases__daily,Wamba,53
2026-08-15,insp_sitrep__cumulative_confirmed_cases__daily,Wanierukula,1
2026-08-15,insp_sitrep__cumulative_confirmed_deaths__daily,Adja,1
2026-08-15,insp_sitrep__cumulative_confirmed_deaths__daily,Ariwara,2
2026-08-15,insp_sitrep__cumulative_confirmed_deaths__daily,Aru,6
2026-08-15,insp_sitrep__cumulative_confirmed_deaths__daily,Aungba,5
2026-08-15,insp_sitrep__cumulative_confirmed_deaths__daily,Bafwasende,0
2026-08-15,insp_sitrep__cumulative_confirmed_deaths__daily,Bambu,25
2026-08-15,insp_sitrep__cumulative_confirmed_deaths__daily,Beni,68
2026-08-15,insp_sitrep__cumulative_confirmed_deaths__daily,Boga,1
2026-08-15,insp_sitrep__cumulative_confirmed_deaths__daily,Boma Mangbetu,8
2026-08-15,insp_sitrep__cumulative_confirmed_deaths__daily,Bunia,352
2026-08-15,insp_sitrep__cumulative_confirmed_deaths__daily,Buta,1
2026-08-15,insp_sitrep__cumulative_confirmed_deaths__daily,Butembo,92
2026-08-15,insp_sitrep__cumulative_confirmed_deaths__daily,Damas,9
2026-08-15,insp_sitrep__cumulative_confirmed_deaths__daily,Drodro,6
2026-08-15,insp_sitrep__cumulative_confirmed_deaths__daily,Fataki,30
2026-08-15,insp_sitrep__cumulative_confirmed_deaths__daily,Gethy,1
2026-08-15,insp_sitrep__cumulative_confirmed_deaths__daily,Goma,0
2026-08-15,insp_sitrep__cumulative_confirmed_deaths__daily,Gombari,1
2026-08-15,insp_sitrep__cumulative_confirmed_deaths__daily,Isiro,19
2026-08-15,insp_sitrep__cumulative_confirmed_deaths__daily,Kabondo,2
2026-08-15,insp_sitrep__cumulative_confirmed_deaths__daily,Kalunguta,5
2026-08-15,insp_sitrep__cumulative_confirmed_deaths__daily,Kambala,0
2026-08-15,insp_sitrep__cumulative_confirmed_deaths__daily,Katwa,193
2026-08-15,insp_sitrep__cumulative_confirmed_deaths__daily,Kilo,12
2026-08-15,insp_sitrep__cumulative_confirmed_deaths__daily,Komanda,32
2026-08-15,insp_sitrep__cumulative_confirmed_deaths__daily,Kyondo,12
2026-08-15,insp_sitrep__cumulative_confirmed_deaths__daily,Lita,98
2026-08-15,insp_sitrep__cumulative_confirmed_deaths__daily,Logo,5
2026-08-15,insp_sitrep__cumulative_confirmed_deaths__daily,Lolwa,4
2026-08-15,insp_sitrep__cumulative_confirmed_deaths__daily,Lubero,1
2026-08-15,insp_sitrep__cumulative_confirmed_deaths__daily,Lubunga,0
2026-08-15,insp_sitrep__cumulative_confirmed_deaths__daily,Mabalako,1
2026-08-15,insp_sitrep__cumulative_confirmed_deaths__daily,Mahagi,1
2026-08-15,insp_sitrep__cumulative_confirmed_deaths__daily,Makiso-Kisangani,3
2026-08-15,insp_sitrep__cumulative_confirmed_deaths__daily,Mambasa,7
2026-08-15,insp_sitrep__cumulative_confirmed_deaths__daily,Mandima,14
2026-08-15,insp_sitrep__cumulative_confirmed_deaths__daily,Mangala,88
2026-08-15,insp_sitrep__cumulative_confirmed_deaths__daily,Mangobo,1
2026-08-15,insp_sitrep__cumulative_confirmed_deaths__daily,Masereka,4
2026-08-15,insp_sitrep__cumulative_confirmed_deaths__daily,Miti-Murhesa,1
2026-08-15,insp_sitrep__cumulative_confirmed_deaths__daily,Mongbwalu,282
2026-08-15,insp_sitrep__cumulative_confirmed_deaths__daily,Musienene,35
2026-08-15,insp_sitrep__cumulative_confirmed_deaths__daily,Nia-Nia,96
2026-08-15,insp_sitrep__cumulative_confirmed_deaths__daily,Nizi,239
2026-08-15,insp_sitrep__cumulative_confirmed_deaths__daily,Nyankunde,35
2026-08-15,insp_sitrep__cumulative_confirmed_deaths__daily,Oicha,4
2026-08-15,insp_sitrep__cumulative_confirmed_deaths__daily,Pawa,14
2026-08-15,insp_sitrep__cumulative_confirmed_deaths__daily,Rimba,4
2026-08-15,insp_sitrep__cumulative_confirmed_deaths__daily,Rungu,0
2026-08-15,insp_sitrep__cumulative_confirmed_deaths__daily,Rwampara,328
2026-08-15,insp_sitrep__cumulative_confirmed_deaths__daily,Tchomia,25
2026-08-15,insp_sitrep__cumulative_confirmed_deaths__daily,Tshopo,0
2026-08-15,insp_sitrep__cumulative_confirmed_deaths__daily,Vuhovi,2
2026-08-15,insp_sitrep__cumulative_confirmed_deaths__daily,Wamba,20
2026-08-15,insp_sitrep__cumulative_confirmed_deaths__daily,Wanierukula,0
2026-08-15,insp_sitrep__national_cumulative_confirmed_cases__daily,DRC,4945
2026-08-15,insp_sitrep__national_cumulative_confirmed_deaths__daily,DRC,2325
2026-08-17,insp_sitrep__cumulative_confirmed_cases__daily,Adja,11
2026-08-17,insp_sitrep__cumulative_confirmed_cases__daily,Ariwara,8
2026-08-17,insp_sitrep__cumulative_confirmed_cases__daily,Aru,7
2026-08-17,insp_sitrep__cumulative_confirmed_cases__daily,Aungba,11
2026-08-17,insp_sitrep__cumulative_confirmed_cases__daily,Bafwasende,1
2026-08-17,insp_sitrep__cumulative_confirmed_cases__daily,Bambu,112
2026-08-17,insp_sitrep__cumulative_confirmed_cases__daily,Beni,96
2026-08-17,insp_sitrep__cumulative_confirmed_cases__daily,Boga,1
2026-08-17,insp_sitrep__cumulative_confirmed_cases__daily,Boma Mangbetu,23
2026-08-17,insp_sitrep__cumulative_confirmed_cases__daily,Bunia,1194
2026-08-17,insp_sitrep__cumulative_confirmed_cases__daily,Buta,1
2026-08-17,insp_sitrep__cumulative_confirmed_cases__daily,Butembo,118
2026-08-17,insp_sitrep__cumulative_confirmed_cases__daily,Damas,23
2026-08-17,insp_sitrep__cumulative_confirmed_cases__daily,Drodro,13
2026-08-17,insp_sitrep__cumulative_confirmed_cases__daily,Fataki,71
2026-08-17,insp_sitrep__cumulative_confirmed_cases__daily,Gethy,5
2026-08-17,insp_sitrep__cumulative_confirmed_cases__daily,Goma,1
2026-08-17,insp_sitrep__cumulative_confirmed_cases__daily,Gombari,1
2026-08-17,insp_sitrep__cumulative_confirmed_cases__daily,Isiro,42
2026-08-17,insp_sitrep__cumulative_confirmed_cases__daily,Kabondo,3
2026-08-17,insp_sitrep__cumulative_confirmed_cases__daily,Kalunguta,12
2026-08-17,insp_sitrep__cumulative_confirmed_cases__daily,Kambala,2
2026-08-17,insp_sitrep__cumulative_confirmed_cases__daily,Katwa,306
2026-08-17,insp_sitrep__cumulative_confirmed_cases__daily,Kilo,31
2026-08-17,insp_sitrep__cumulative_confirmed_cases__daily,Komanda,51
2026-08-17,insp_sitrep__cumulative_confirmed_cases__daily,Kyondo,15
2026-08-17,insp_sitrep__cumulative_confirmed_cases__daily,Lita,183
2026-08-17,insp_sitrep__cumulative_confirmed_cases__daily,Logo,11
2026-08-17,insp_sitrep__cumulative_confirmed_cases__daily,Lolwa,15
2026-08-17,insp_sitrep__cumulative_confirmed_cases__daily,Lubero,1
2026-08-17,insp_sitrep__cumulative_confirmed_cases__daily,Lubunga,1
2026-08-17,insp_sitrep__cumulative_confirmed_cases__daily,Mabalako,2
2026-08-17,insp_sitrep__cumulative_confirmed_cases__daily,Mahagi,4
2026-08-17,insp_sitrep__cumulative_confirmed_cases__daily,Makiso-Kisangani,4
2026-08-17,insp_sitrep__cumulative_confirmed_cases__daily,Mambasa,14
2026-08-17,insp_sitrep__cumulative_confirmed_cases__daily,Mandima,23
2026-08-17,insp_sitrep__cumulative_confirmed_cases__daily,Mangala,165
2026-08-17,insp_sitrep__cumulative_confirmed_cases__daily,Mangobo,2
2026-08-17,insp_sitrep__cumulative_confirmed_cases__daily,Masereka,7
2026-08-17,insp_sitrep__cumulative_confirmed_cases__daily,Miti-Murhesa,3
2026-08-17,insp_sitrep__cumulative_confirmed_cases__daily,Mongbwalu,591
2026-08-17,insp_sitrep__cumulative_confirmed_cases__daily,Musienene,63
2026-08-17,insp_sitrep__cumulative_confirmed_cases__daily,Nia-Nia,175
2026-08-17,insp_sitrep__cumulative_confirmed_cases__daily,Nizi,543
2026-08-17,insp_sitrep__cumulative_confirmed_cases__daily,Nyankunde,120
2026-08-17,insp_sitrep__cumulative_confirmed_cases__daily,Oicha,6
2026-08-17,insp_sitrep__cumulative_confirmed_cases__daily,Pawa,19
2026-08-17,insp_sitrep__cumulative_confirmed_cases__daily,Rimba,9
2026-08-17,insp_sitrep__cumulative_confirmed_cases__daily,Rungu,1
2026-08-17,insp_sitrep__cumulative_confirmed_cases__daily,Rwampara,863
2026-08-17,insp_sitrep__cumulative_confirmed_cases__daily,Tchomia,49
2026-08-17,insp_sitrep__cumulative_confirmed_cases__daily,Tshopo,1
2026-08-17,insp_sitrep__cumulative_confirmed_cases__daily,Vuhovi,4
2026-08-17,insp_sitrep__cumulative_confirmed_cases__daily,Wamba,53
2026-08-17,insp_sitrep__cumulative_confirmed_cases__daily,Wanierukula,1
2026-08-17,insp_sitrep__cumulative_confirmed_deaths__daily,Adja,1
2026-08-17,insp_sitrep__cumulative_confirmed_deaths__daily,Ariwara,2
2026-08-17,insp_sitrep__cumulative_confirmed_deaths__daily,Aru,6
2026-08-17,insp_sitrep__cumulative_confirmed_deaths__daily,Aungba,5
2026-08-17,insp_sitrep__cumulative_confirmed_deaths__daily,Bafwasende,0
2026-08-17,insp_sitrep__cumulative_confirmed_deaths__daily,Bambu,26
2026-08-17,insp_sitrep__cumulative_confirmed_deaths__daily,Beni,71
2026-08-17,insp_sitrep__cumulative_confirmed_deaths__daily,Boga,1
2026-08-17,insp_sitrep__cumulative_confirmed_deaths__daily,Boma Mangbetu,8
2026-08-17,insp_sitrep__cumulative_confirmed_deaths__daily,Bunia,372
2026-08-17,insp_sitrep__cumulative_confirmed_deaths__daily,Buta,1
2026-08-17,insp_sitrep__cumulative_confirmed_deaths__daily,Butembo,96
2026-08-17,insp_sitrep__cumulative_confirmed_deaths__daily,Damas,9
2026-08-17,insp_sitrep__cumulative_confirmed_deaths__daily,Drodro,6
2026-08-17,insp_sitrep__cumulative_confirmed_deaths__daily,Fataki,30
2026-08-17,insp_sitrep__cumulative_confirmed_deaths__daily,Gethy,2
2026-08-17,insp_sitrep__cumulative_confirmed_deaths__daily,Goma,0
2026-08-17,insp_sitrep__cumulative_confirmed_deaths__daily,Gombari,1
2026-08-17,insp_sitrep__cumulative_confirmed_deaths__daily,Isiro,19
2026-08-17,insp_sitrep__cumulative_confirmed_deaths__daily,Kabondo,2
2026-08-17,insp_sitrep__cumulative_confirmed_deaths__daily,Kalunguta,5
2026-08-17,insp_sitrep__cumulative_confirmed_deaths__daily,Kambala,0
2026-08-17,insp_sitrep__cumulative_confirmed_deaths__daily,Katwa,199
2026-08-17,insp_sitrep__cumulative_confirmed_deaths__daily,Kilo,12
2026-08-17,insp_sitrep__cumulative_confirmed_deaths__daily,Komanda,35
2026-08-17,insp_sitrep__cumulative_confirmed_deaths__daily,Kyondo,12
2026-08-17,insp_sitrep__cumulative_confirmed_deaths__daily,Lita,104
2026-08-17,insp_sitrep__cumulative_confirmed_deaths__daily,Logo,5
2026-08-17,insp_sitrep__cumulative_confirmed_deaths__daily,Lolwa,4
2026-08-17,insp_sitrep__cumulative_confirmed_deaths__daily,Lubero,1
2026-08-17,insp_sitrep__cumulative_confirmed_deaths__daily,Lubunga,0
2026-08-17,insp_sitrep__cumulative_confirmed_deaths__daily,Mabalako,1
2026-08-17,insp_sitrep__cumulative_confirmed_deaths__daily,Mahagi,1
2026-08-17,insp_sitrep__cumulative_confirmed_deaths__daily,Makiso-Kisangani,3
2026-08-17,insp_sitrep__cumulative_confirmed_deaths__daily,Mambasa,7
2026-08-17,insp_sitrep__cumulative_confirmed_deaths__daily,Mandima,14
2026-08-17,insp_sitrep__cumulative_confirmed_deaths__daily,Mangala,92
2026-08-17,insp_sitrep__cumulative_confirmed_deaths__daily,Mangobo,1
2026-08-17,insp_sitrep__cumulative_confirmed_deaths__daily,Masereka,4
2026-08-17,insp_sitrep__cumulative_confirmed_deaths__daily,Miti-Murhesa,1
2026-08-17,insp_sitrep__cumulative_confirmed_deaths__daily,Mongbwalu,282
2026-08-17,insp_sitrep__cumulative_confirmed_deaths__daily,Musienene,35
2026-08-17,insp_sitrep__cumulative_confirmed_deaths__daily,Nia-Nia,103
2026-08-17,insp_sitrep__cumulative_confirmed_deaths__daily,Nizi,240
2026-08-17,insp_sitrep__cumulative_confirmed_deaths__daily,Nyankunde,35
2026-08-17,insp_sitrep__cumulative_confirmed_deaths__daily,Oicha,4
2026-08-17,insp_sitrep__cumulative_confirmed_deaths__daily,Pawa,14
2026-08-17,insp_sitrep__cumulative_confirmed_deaths__daily,Rimba,4
2026-08-17,insp_sitrep__cumulative_confirmed_deaths__daily,Rungu,0
2026-08-17,insp_sitrep__cumulative_confirmed_deaths__daily,Rwampara,332
2026-08-17,insp_sitrep__cumulative_confirmed_deaths__daily,Tchomia,25
2026-08-17,insp_sitrep__cumulative_confirmed_deaths__daily,Tshopo,0
2026-08-17,insp_sitrep__cumulative_confirmed_deaths__daily,Vuhovi,2
2026-08-17,insp_sitrep__cumulative_confirmed_deaths__daily,Wamba,20
2026-08-17,insp_sitrep__cumulative_confirmed_deaths__daily,Wanierukula,0
2026-08-17,insp_sitrep__national_cumulative_confirmed_cases__daily,DRC,5105
2026-08-17,insp_sitrep__national_cumulative_confirmed_deaths__daily,DRC,2420
2026-08-19,insp_sitrep__cumulative_confirmed_cases__daily,Adja,11
2026-08-19,insp_sitrep__cumulative_confirmed_cases__daily,Ariwara,8
2026-08-19,insp_sitrep__cumulative_confirmed_cases__daily,Aru,7
2026-08-19,insp_sitrep__cumulative_confirmed_cases__daily,Aungba,11
2026-08-19,insp_sitrep__cumulative_confirmed_cases__daily,Bafwasende,1
2026-08-19,insp_sitrep__cumulative_confirmed_cases__daily,Bambu,114
2026-08-19,insp_sitrep__cumulative_confirmed_cases__daily,Beni,104
2026-08-19,insp_sitrep__cumulative_confirmed_cases__daily,Boga,1
2026-08-19,insp_sitrep__cumulative_confirmed_cases__daily,Boma Mangbetu,23
2026-08-19,insp_sitrep__cumulative_confirmed_cases__daily,Bunia,1244
2026-08-19,insp_sitrep__cumulative_confirmed_cases__daily,Buta,1
2026-08-19,insp_sitrep__cumulative_confirmed_cases__daily,Butembo,127
2026-08-19,insp_sitrep__cumulative_confirmed_cases__daily,Damas,25
2026-08-19,insp_sitrep__cumulative_confirmed_cases__daily,Drodro,13
2026-08-19,insp_sitrep__cumulative_confirmed_cases__daily,Fataki,72
2026-08-19,insp_sitrep__cumulative_confirmed_cases__daily,Gethy,5
2026-08-19,insp_sitrep__cumulative_confirmed_cases__daily,Goma,1
2026-08-19,insp_sitrep__cumulative_confirmed_cases__daily,Gombari,1
2026-08-19,insp_sitrep__cumulative_confirmed_cases__daily,Isiro,58
2026-08-19,insp_sitrep__cumulative_confirmed_cases__daily,Kabondo,3
2026-08-19,insp_sitrep__cumulative_confirmed_cases__daily,Kalunguta,13
2026-08-19,insp_sitrep__cumulative_confirmed_cases__daily,Kambala,2
2026-08-19,insp_sitrep__cumulative_confirmed_cases__daily,Katwa,316
2026-08-19,insp_sitrep__cumulative_confirmed_cases__daily,Kilo,31
2026-08-19,insp_sitrep__cumulative_confirmed_cases__daily,Komanda,53
2026-08-19,insp_sitrep__cumulative_confirmed_cases__daily,Kyondo,15
2026-08-19,insp_sitrep__cumulative_confirmed_cases__daily,Lita,186
2026-08-19,insp_sitrep__cumulative_confirmed_cases__daily,Logo,11
2026-08-19,insp_sitrep__cumulative_confirmed_cases__daily,Lolwa,17
2026-08-19,insp_sitrep__cumulative_confirmed_cases__daily,Lubero,1
2026-08-19,insp_sitrep__cumulative_confirmed_cases__daily,Lubunga,1
2026-08-19,insp_sitrep__cumulative_confirmed_cases__daily,Mabalako,2
2026-08-19,insp_sitrep__cumulative_confirmed_cases__daily,Mahagi,4
2026-08-19,insp_sitrep__cumulative_confirmed_cases__daily,Makiso-Kisangani,6
2026-08-19,insp_sitrep__cumulative_confirmed_cases__daily,Mambasa,14
2026-08-19,insp_sitrep__cumulative_confirmed_cases__daily,Mandima,25
2026-08-19,insp_sitrep__cumulative_confirmed_cases__daily,Mangala,183
2026-08-19,insp_sitrep__cumulative_confirmed_cases__daily,Mangobo,2
2026-08-19,insp_sitrep__cumulative_confirmed_cases__daily,Masereka,7
2026-08-19,insp_sitrep__cumulative_confirmed_cases__daily,Miti-Murhesa,3
2026-08-19,insp_sitrep__cumulative_confirmed_cases__daily,Mongbwalu,593
2026-08-19,insp_sitrep__cumulative_confirmed_cases__daily,Musienene,66
2026-08-19,insp_sitrep__cumulative_confirmed_cases__daily,Nia-Nia,182
2026-08-19,insp_sitrep__cumulative_confirmed_cases__daily,Nizi,567
2026-08-19,insp_sitrep__cumulative_confirmed_cases__daily,Nyankunde,121
2026-08-19,insp_sitrep__cumulative_confirmed_cases__daily,Oicha,6
2026-08-19,insp_sitrep__cumulative_confirmed_cases__daily,Pawa,20
2026-08-19,insp_sitrep__cumulative_confirmed_cases__daily,Rimba,10
2026-08-19,insp_sitrep__cumulative_confirmed_cases__daily,Rungu,1
2026-08-19,insp_sitrep__cumulative_confirmed_cases__daily,Rwampara,886
2026-08-19,insp_sitrep__cumulative_confirmed_cases__daily,Tchomia,51
2026-08-19,insp_sitrep__cumulative_confirmed_cases__daily,Tshopo,1
2026-08-19,insp_sitrep__cumulative_confirmed_cases__daily,Viadana,1
2026-08-19,insp_sitrep__cumulative_confirmed_cases__daily,Vuhovi,5
2026-08-19,insp_sitrep__cumulative_confirmed_cases__daily,Wamba,57
2026-08-19,insp_sitrep__cumulative_confirmed_cases__daily,Wanierukula,1
2026-08-19,insp_sitrep__cumulative_confirmed_deaths__daily,Adja,1
2026-08-19,insp_sitrep__cumulative_confirmed_deaths__daily,Ariwara,2
2026-08-19,insp_sitrep__cumulative_confirmed_deaths__daily,Aru,6
2026-08-19,insp_sitrep__cumulative_confirmed_deaths__daily,Aungba,5
2026-08-19,insp_sitrep__cumulative_confirmed_deaths__daily,Bafwasende,0
2026-08-19,insp_sitrep__cumulative_confirmed_deaths__daily,Bambu,26
2026-08-19,insp_sitrep__cumulative_confirmed_deaths__daily,Beni,76
2026-08-19,insp_sitrep__cumulative_confirmed_deaths__daily,Boga,1
2026-08-19,insp_sitrep__cumulative_confirmed_deaths__daily,Boma Mangbetu,9
2026-08-19,insp_sitrep__cumulative_confirmed_deaths__daily,Bunia,389
2026-08-19,insp_sitrep__cumulative_confirmed_deaths__daily,Buta,1
2026-08-19,insp_sitrep__cumulative_confirmed_deaths__daily,Butembo,98
2026-08-19,insp_sitrep__cumulative_confirmed_deaths__daily,Damas,9
2026-08-19,insp_sitrep__cumulative_confirmed_deaths__daily,Drodro,6
2026-08-19,insp_sitrep__cumulative_confirmed_deaths__daily,Fataki,30
2026-08-19,insp_sitrep__cumulative_confirmed_deaths__daily,Gethy,2
2026-08-19,insp_sitrep__cumulative_confirmed_deaths__daily,Goma,0
2026-08-19,insp_sitrep__cumulative_confirmed_deaths__daily,Gombari,1
2026-08-19,insp_sitrep__cumulative_confirmed_deaths__daily,Isiro,24
2026-08-19,insp_sitrep__cumulative_confirmed_deaths__daily,Kabondo,1
2026-08-19,insp_sitrep__cumulative_confirmed_deaths__daily,Kalunguta,6
2026-08-19,insp_sitrep__cumulative_confirmed_deaths__daily,Kambala,0
2026-08-19,insp_sitrep__cumulative_confirmed_deaths__daily,Katwa,210
2026-08-19,insp_sitrep__cumulative_confirmed_deaths__daily,Kilo,12
2026-08-19,insp_sitrep__cumulative_confirmed_deaths__daily,Komanda,37
2026-08-19,insp_sitrep__cumulative_confirmed_deaths__daily,Kyondo,12
2026-08-19,insp_sitrep__cumulative_confirmed_deaths__daily,Lita,106
2026-08-19,insp_sitrep__cumulative_confirmed_deaths__daily,Logo,5
2026-08-19,insp_sitrep__cumulative_confirmed_deaths__daily,Lolwa,4
2026-08-19,insp_sitrep__cumulative_confirmed_deaths__daily,Lubero,1
2026-08-19,insp_sitrep__cumulative_confirmed_deaths__daily,Lubunga,0
2026-08-19,insp_sitrep__cumulative_confirmed_deaths__daily,Mabalako,1
2026-08-19,insp_sitrep__cumulative_confirmed_deaths__daily,Mahagi,1
2026-08-19,insp_sitrep__cumulative_confirmed_deaths__daily,Makiso-Kisangani,3
2026-08-19,insp_sitrep__cumulative_confirmed_deaths__daily,Mambasa,7
2026-08-19,insp_sitrep__cumulative_confirmed_deaths__daily,Mandima,16
2026-08-19,insp_sitrep__cumulative_confirmed_deaths__daily,Mangala,105
2026-08-19,insp_sitrep__cumulative_confirmed_deaths__daily,Mangobo,2
2026-08-19,insp_sitrep__cumulative_confirmed_deaths__daily,Masereka,4
2026-08-19,insp_sitrep__cumulative_confirmed_deaths__daily,Miti-Murhesa,1
2026-08-19,insp_sitrep__cumulative_confirmed_deaths__daily,Mongbwalu,282
2026-08-19,insp_sitrep__cumulative_confirmed_deaths__daily,Musienene,38
2026-08-19,insp_sitrep__cumulative_confirmed_deaths__daily,Nia-Nia,105
2026-08-19,insp_sitrep__cumulative_confirmed_deaths__daily,Nizi,244
2026-08-19,insp_sitrep__cumulative_confirmed_deaths__daily,Nyankunde,35
2026-08-19,insp_sitrep__cumulative_confirmed_deaths__daily,Oicha,4
2026-08-19,insp_sitrep__cumulative_confirmed_deaths__daily,Pawa,14
2026-08-19,insp_sitrep__cumulative_confirmed_deaths__daily,Rimba,4
2026-08-19,insp_sitrep__cumulative_confirmed_deaths__daily,Rungu,0
2026-08-19,insp_sitrep__cumulative_confirmed_deaths__daily,Rwampara,332
2026-08-19,insp_sitrep__cumulative_confirmed_deaths__daily,Tchomia,25
2026-08-19,insp_sitrep__cumulative_confirmed_deaths__daily,Tshopo,0
2026-08-19,insp_sitrep__cumulative_confirmed_deaths__daily,Viadana,0
2026-08-19,insp_sitrep__cumulative_confirmed_deaths__daily,Vuhovi,2
2026-08-19,insp_sitrep__cumulative_confirmed_deaths__daily,Wamba,23
2026-08-19,insp_sitrep__cumulative_confirmed_deaths__daily,Wanierukula,1
2026-08-19,insp_sitrep__national_cumulative_confirmed_cases__daily,DRC,5290
2026-08-19,insp_sitrep__national_cumulative_confirmed_deaths__daily,DRC,2516
2026-08-20,insp_sitrep__cumulative_confirmed_cases__daily,Adja,11
2026-08-20,insp_sitrep__cumulative_confirmed_cases__daily,Ariwara,8
2026-08-20,insp_sitrep__cumulative_confirmed_cases__daily,Aru,7
2026-08-20,insp_sitrep__cumulative_confirmed_cases__daily,Aungba,12
2026-08-20,insp_sitrep__cumulative_confirmed_cases__daily,Bafwasende,1
2026-08-20,insp_sitrep__cumulative_confirmed_cases__daily,Bambu,126
2026-08-20,insp_sitrep__cumulative_confirmed_cases__daily,Beni,107
2026-08-20,insp_sitrep__cumulative_confirmed_cases__daily,Boga,1
2026-08-20,insp_sitrep__cumulative_confirmed_cases__daily,Boma Mangbetu,24
2026-08-20,insp_sitrep__cumulative_confirmed_cases__daily,Bunia,1254
2026-08-20,insp_sitrep__cumulative_confirmed_cases__daily,Buta,1
2026-08-20,insp_sitrep__cumulative_confirmed_cases__daily,Butembo,132
2026-08-20,insp_sitrep__cumulative_confirmed_cases__daily,Damas,27
2026-08-20,insp_sitrep__cumulative_confirmed_cases__daily,Drodro,13
2026-08-20,insp_sitrep__cumulative_confirmed_cases__daily,Fataki,72
2026-08-20,insp_sitrep__cumulative_confirmed_cases__daily,Gethy,5
2026-08-20,insp_sitrep__cumulative_confirmed_cases__daily,Goma,1
2026-08-20,insp_sitrep__cumulative_confirmed_cases__daily,Gombari,2
2026-08-20,insp_sitrep__cumulative_confirmed_cases__daily,Isiro,60
2026-08-20,insp_sitrep__cumulative_confirmed_cases__daily,Kabondo,3
2026-08-20,insp_sitrep__cumulative_confirmed_cases__daily,Kalunguta,13
2026-08-20,insp_sitrep__cumulative_confirmed_cases__daily,Kambala,2
2026-08-20,insp_sitrep__cumulative_confirmed_cases__daily,Katwa,323
2026-08-20,insp_sitrep__cumulative_confirmed_cases__daily,Kilo,31
2026-08-20,insp_sitrep__cumulative_confirmed_cases__daily,Komanda,54
2026-08-20,insp_sitrep__cumulative_confirmed_cases__daily,Kyondo,15
2026-08-20,insp_sitrep__cumulative_confirmed_cases__daily,Lita,190
2026-08-20,insp_sitrep__cumulative_confirmed_cases__daily,Logo,11
2026-08-20,insp_sitrep__cumulative_confirmed_cases__daily,Lolwa,17
2026-08-20,insp_sitrep__cumulative_confirmed_cases__daily,Lubero,1
2026-08-20,insp_sitrep__cumulative_confirmed_cases__daily,Lubunga,1
2026-08-20,insp_sitrep__cumulative_confirmed_cases__daily,Mabalako,2
2026-08-20,insp_sitrep__cumulative_confirmed_cases__daily,Mahagi,4
2026-08-20,insp_sitrep__cumulative_confirmed_cases__daily,Makiso-Kisangani,6
2026-08-20,insp_sitrep__cumulative_confirmed_cases__daily,Mambasa,14
2026-08-20,insp_sitrep__cumulative_confirmed_cases__daily,Mandima,25
2026-08-20,insp_sitrep__cumulative_confirmed_cases__daily,Mangala,188
2026-08-20,insp_sitrep__cumulative_confirmed_cases__daily,Mangobo,2
2026-08-20,insp_sitrep__cumulative_confirmed_cases__daily,Masereka,7
2026-08-20,insp_sitrep__cumulative_confirmed_cases__daily,Miti-Murhesa,3
2026-08-20,insp_sitrep__cumulative_confirmed_cases__daily,Mongbwalu,595
2026-08-20,insp_sitrep__cumulative_confirmed_cases__daily,Musienene,68
2026-08-20,insp_sitrep__cumulative_confirmed_cases__daily,Nia-Nia,185
2026-08-20,insp_sitrep__cumulative_confirmed_cases__daily,Nizi,580
2026-08-20,insp_sitrep__cumulative_confirmed_cases__daily,Nyankunde,121
2026-08-20,insp_sitrep__cumulative_confirmed_cases__daily,Oicha,6
2026-08-20,insp_sitrep__cumulative_confirmed_cases__daily,Pawa,20
2026-08-20,insp_sitrep__cumulative_confirmed_cases__daily,Rimba,10
2026-08-20,insp_sitrep__cumulative_confirmed_cases__daily,Rungu,1
2026-08-20,insp_sitrep__cumulative_confirmed_cases__daily,Rwampara,895
2026-08-20,insp_sitrep__cumulative_confirmed_cases__daily,Tchomia,52
2026-08-20,insp_sitrep__cumulative_confirmed_cases__daily,Tshopo,1
2026-08-20,insp_sitrep__cumulative_confirmed_cases__daily,Viadana,1
2026-08-20,insp_sitrep__cumulative_confirmed_cases__daily,Vuhovi,5
2026-08-20,insp_sitrep__cumulative_confirmed_cases__daily,Wamba,58
2026-08-20,insp_sitrep__cumulative_confirmed_cases__daily,Wanierukula,1
2026-08-20,insp_sitrep__cumulative_confirmed_deaths__daily,Adja,1
2026-08-20,insp_sitrep__cumulative_confirmed_deaths__daily,Ariwara,2
2026-08-20,insp_sitrep__cumulative_confirmed_deaths__daily,Aru,6
2026-08-20,insp_sitrep__cumulative_confirmed_deaths__daily,Aungba,5
2026-08-20,insp_sitrep__cumulative_confirmed_deaths__daily,Bafwasende,0
2026-08-20,insp_sitrep__cumulative_confirmed_deaths__daily,Bambu,28
2026-08-20,insp_sitrep__cumulative_confirmed_deaths__daily,Beni,78
2026-08-20,insp_sitrep__cumulative_confirmed_deaths__daily,Boga,1
2026-08-20,insp_sitrep__cumulative_confirmed_deaths__daily,Boma Mangbetu,9
2026-08-20,insp_sitrep__cumulative_confirmed_deaths__daily,Bunia,391
2026-08-20,insp_sitrep__cumulative_confirmed_deaths__daily,Buta,1
2026-08-20,insp_sitrep__cumulative_confirmed_deaths__daily,Butembo,99
2026-08-20,insp_sitrep__cumulative_confirmed_deaths__daily,Damas,9
2026-08-20,insp_sitrep__cumulative_confirmed_deaths__daily,Drodro,6
2026-08-20,insp_sitrep__cumulative_confirmed_deaths__daily,Fataki,30
2026-08-20,insp_sitrep__cumulative_confirmed_deaths__daily,Gethy,2
2026-08-20,insp_sitrep__cumulative_confirmed_deaths__daily,Goma,0
2026-08-20,insp_sitrep__cumulative_confirmed_deaths__daily,Gombari,1
2026-08-20,insp_sitrep__cumulative_confirmed_deaths__daily,Isiro,27
2026-08-20,insp_sitrep__cumulative_confirmed_deaths__daily,Kabondo,1
2026-08-20,insp_sitrep__cumulative_confirmed_deaths__daily,Kalunguta,6
2026-08-20,insp_sitrep__cumulative_confirmed_deaths__daily,Kambala,0
2026-08-20,insp_sitrep__cumulative_confirmed_deaths__daily,Katwa,217
2026-08-20,insp_sitrep__cumulative_confirmed_deaths__daily,Kilo,12
2026-08-20,insp_sitrep__cumulative_confirmed_deaths__daily,Komanda,37
2026-08-20,insp_sitrep__cumulative_confirmed_deaths__daily,Kyondo,12
2026-08-20,insp_sitrep__cumulative_confirmed_deaths__daily,Lita,106
2026-08-20,insp_sitrep__cumulative_confirmed_deaths__daily,Logo,5
2026-08-20,insp_sitrep__cumulative_confirmed_deaths__daily,Lolwa,4
2026-08-20,insp_sitrep__cumulative_confirmed_deaths__daily,Lubero,1
2026-08-20,insp_sitrep__cumulative_confirmed_deaths__daily,Lubunga,0
2026-08-20,insp_sitrep__cumulative_confirmed_deaths__daily,Mabalako,1
2026-08-20,insp_sitrep__cumulative_confirmed_deaths__daily,Mahagi,1
2026-08-20,insp_sitrep__cumulative_confirmed_deaths__daily,Makiso-Kisangani,4
2026-08-20,insp_sitrep__cumulative_confirmed_deaths__daily,Mambasa,7
2026-08-20,insp_sitrep__cumulative_confirmed_deaths__daily,Mandima,16
2026-08-20,insp_sitrep__cumulative_confirmed_deaths__daily,Mangala,105
2026-08-20,insp_sitrep__cumulative_confirmed_deaths__daily,Mangobo,2
2026-08-20,insp_sitrep__cumulative_confirmed_deaths__daily,Masereka,4
2026-08-20,insp_sitrep__cumulative_confirmed_deaths__daily,Miti-Murhesa,1
2026-08-20,insp_sitrep__cumulative_confirmed_deaths__daily,Mongbwalu,282
2026-08-20,insp_sitrep__cumulative_confirmed_deaths__daily,Musienene,39
2026-08-20,insp_sitrep__cumulative_confirmed_deaths__daily,Nia-Nia,105
2026-08-20,insp_sitrep__cumulative_confirmed_deaths__daily,Nizi,244
2026-08-20,insp_sitrep__cumulative_confirmed_deaths__daily,Nyankunde,35
2026-08-20,insp_sitrep__cumulative_confirmed_deaths__daily,Oicha,4
2026-08-20,insp_sitrep__cumulative_confirmed_deaths__daily,Pawa,14
2026-08-20,insp_sitrep__cumulative_confirmed_deaths__daily,Rimba,4
2026-08-20,insp_sitrep__cumulative_confirmed_deaths__daily,Rungu,0
2026-08-20,insp_sitrep__cumulative_confirmed_deaths__daily,Rwampara,334
2026-08-20,insp_sitrep__cumulative_confirmed_deaths__daily,Tchomia,25
2026-08-20,insp_sitrep__cumulative_confirmed_deaths__daily,Tshopo,0
2026-08-20,insp_sitrep__cumulative_confirmed_deaths__daily,Viadana,0
2026-08-20,insp_sitrep__cumulative_confirmed_deaths__daily,Vuhovi,2
2026-08-20,insp_sitrep__cumulative_confirmed_deaths__daily,Wamba,24
2026-08-20,insp_sitrep__cumulative_confirmed_deaths__daily,Wanierukula,1
2026-08-20,insp_sitrep__national_cumulative_confirmed_cases__daily,DRC,5375
2026-08-20,insp_sitrep__national_cumulative_confirmed_deaths__daily,DRC,2557
2026-08-22,insp_sitrep__cumulative_confirmed_cases__daily,Adja,11
2026-08-22,insp_sitrep__cumulative_confirmed_cases__daily,Ariwara,8
2026-08-22,insp_sitrep__cumulative_confirmed_cases__daily,Aru,7
2026-08-22,insp_sitrep__cumulative_confirmed_cases__daily,Aungba,12
2026-08-22,insp_sitrep__cumulative_confirmed_cases__daily,Bafwasende,1
2026-08-22,insp_sitrep__cumulative_confirmed_cases__daily,Bambu,127
2026-08-22,insp_sitrep__cumulative_confirmed_cases__daily,Beni,114
2026-08-22,insp_sitrep__cumulative_confirmed_cases__daily,Boga,1
2026-08-22,insp_sitrep__cumulative_confirmed_cases__daily,Boma Mangbetu,24
2026-08-22,insp_sitrep__cumulative_confirmed_cases__daily,Bunia,1279
2026-08-22,insp_sitrep__cumulative_confirmed_cases__daily,Buta,1
2026-08-22,insp_sitrep__cumulative_confirmed_cases__daily,Butembo,137
2026-08-22,insp_sitrep__cumulative_confirmed_cases__daily,Damas,27
2026-08-22,insp_sitrep__cumulative_confirmed_cases__daily,Drodro,13
2026-08-22,insp_sitrep__cumulative_confirmed_cases__daily,Fataki,73
2026-08-22,insp_sitrep__cumulative_confirmed_cases__daily,Gethy,5
2026-08-22,insp_sitrep__cumulative_confirmed_cases__daily,Goma,1
2026-08-22,insp_sitrep__cumulative_confirmed_cases__daily,Gombari,3
2026-08-22,insp_sitrep__cumulative_confirmed_cases__daily,Isiro,67
2026-08-22,insp_sitrep__cumulative_confirmed_cases__daily,Kabondo,3
2026-08-22,insp_sitrep__cumulative_confirmed_cases__daily,Kalunguta,13
2026-08-22,insp_sitrep__cumulative_confirmed_cases__daily,Kambala,2
2026-08-22,insp_sitrep__cumulative_confirmed_cases__daily,Katwa,342
2026-08-22,insp_sitrep__cumulative_confirmed_cases__daily,Kilo,31
2026-08-22,insp_sitrep__cumulative_confirmed_cases__daily,Komanda,58
2026-08-22,insp_sitrep__cumulative_confirmed_cases__daily,Kyondo,16
2026-08-22,insp_sitrep__cumulative_confirmed_cases__daily,Lita,196
2026-08-22,insp_sitrep__cumulative_confirmed_cases__daily,Logo,11
2026-08-22,insp_sitrep__cumulative_confirmed_cases__daily,Lolwa,17
2026-08-22,insp_sitrep__cumulative_confirmed_cases__daily,Lubero,1
2026-08-22,insp_sitrep__cumulative_confirmed_cases__daily,Lubunga,1
2026-08-22,insp_sitrep__cumulative_confirmed_cases__daily,Mabalako,3
2026-08-22,insp_sitrep__cumulative_confirmed_cases__daily,Mahagi,4
2026-08-22,insp_sitrep__cumulative_confirmed_cases__daily,Makiso-Kisangani,6
2026-08-22,insp_sitrep__cumulative_confirmed_cases__daily,Mambasa,14
2026-08-22,insp_sitrep__cumulative_confirmed_cases__daily,Mandima,32
2026-08-22,insp_sitrep__cumulative_confirmed_cases__daily,Mangala,191
2026-08-22,insp_sitrep__cumulative_confirmed_cases__daily,Mangobo,2
2026-08-22,insp_sitrep__cumulative_confirmed_cases__daily,Masereka,7
2026-08-22,insp_sitrep__cumulative_confirmed_cases__daily,Miti-Murhesa,3
2026-08-22,insp_sitrep__cumulative_confirmed_cases__daily,Mongbwalu,600
2026-08-22,insp_sitrep__cumulative_confirmed_cases__daily,Musienene,68
2026-08-22,insp_sitrep__cumulative_confirmed_cases__daily,Mutwanga,1
2026-08-22,insp_sitrep__cumulative_confirmed_cases__daily,Nia-Nia,191
2026-08-22,insp_sitrep__cumulative_confirmed_cases__daily,Nizi,609
2026-08-22,insp_sitrep__cumulative_confirmed_cases__daily,Nyankunde,122
2026-08-22,insp_sitrep__cumulative_confirmed_cases__daily,Oicha,6
2026-08-22,insp_sitrep__cumulative_confirmed_cases__daily,Pawa,20
2026-08-22,insp_sitrep__cumulative_confirmed_cases__daily,Rimba,10
2026-08-22,insp_sitrep__cumulative_confirmed_cases__daily,Rungu,1
2026-08-22,insp_sitrep__cumulative_confirmed_cases__daily,Rwampara,902
2026-08-22,insp_sitrep__cumulative_confirmed_cases__daily,Tchomia,54
2026-08-22,insp_sitrep__cumulative_confirmed_cases__daily,Tshopo,1
2026-08-22,insp_sitrep__cumulative_confirmed_cases__daily,Viadana,1
2026-08-22,insp_sitrep__cumulative_confirmed_cases__daily,Vuhovi,5
2026-08-22,insp_sitrep__cumulative_confirmed_cases__daily,Wamba,58
2026-08-22,insp_sitrep__cumulative_confirmed_cases__daily,Wanierukula,1
2026-08-22,insp_sitrep__cumulative_confirmed_deaths__daily,Adja,1
2026-08-22,insp_sitrep__cumulative_confirmed_deaths__daily,Ariwara,2
2026-08-22,insp_sitrep__cumulative_confirmed_deaths__daily,Aru,6
2026-08-22,insp_sitrep__cumulative_confirmed_deaths__daily,Aungba,5
2026-08-22,insp_sitrep__cumulative_confirmed_deaths__daily,Bafwasende,0
2026-08-22,insp_sitrep__cumulative_confirmed_deaths__daily,Bambu,28
2026-08-22,insp_sitrep__cumulative_confirmed_deaths__daily,Beni,84
2026-08-22,insp_sitrep__cumulative_confirmed_deaths__daily,Boga,1
2026-08-22,insp_sitrep__cumulative_confirmed_deaths__daily,Boma Mangbetu,9
2026-08-22,insp_sitrep__cumulative_confirmed_deaths__daily,Bunia,402
2026-08-22,insp_sitrep__cumulative_confirmed_deaths__daily,Buta,1
2026-08-22,insp_sitrep__cumulative_confirmed_deaths__daily,Butembo,106
2026-08-22,insp_sitrep__cumulative_confirmed_deaths__daily,Damas,9
2026-08-22,insp_sitrep__cumulative_confirmed_deaths__daily,Drodro,6
2026-08-22,insp_sitrep__cumulative_confirmed_deaths__daily,Fataki,30
2026-08-22,insp_sitrep__cumulative_confirmed_deaths__daily,Gethy,2
2026-08-22,insp_sitrep__cumulative_confirmed_deaths__daily,Goma,0
2026-08-22,insp_sitrep__cumulative_confirmed_deaths__daily,Gombari,1
2026-08-22,insp_sitrep__cumulative_confirmed_deaths__daily,Isiro,28
2026-08-22,insp_sitrep__cumulative_confirmed_deaths__daily,Kabondo,1
2026-08-22,insp_sitrep__cumulative_confirmed_deaths__daily,Kalunguta,6
2026-08-22,insp_sitrep__cumulative_confirmed_deaths__daily,Kambala,0
2026-08-22,insp_sitrep__cumulative_confirmed_deaths__daily,Katwa,229
2026-08-22,insp_sitrep__cumulative_confirmed_deaths__daily,Kilo,12
2026-08-22,insp_sitrep__cumulative_confirmed_deaths__daily,Komanda,38
2026-08-22,insp_sitrep__cumulative_confirmed_deaths__daily,Kyondo,12
2026-08-22,insp_sitrep__cumulative_confirmed_deaths__daily,Lita,108
2026-08-22,insp_sitrep__cumulative_confirmed_deaths__daily,Logo,5
2026-08-22,insp_sitrep__cumulative_confirmed_deaths__daily,Lolwa,4
2026-08-22,insp_sitrep__cumulative_confirmed_deaths__daily,Lubero,1
2026-08-22,insp_sitrep__cumulative_confirmed_deaths__daily,Lubunga,0
2026-08-22,insp_sitrep__cumulative_confirmed_deaths__daily,Mabalako,2
2026-08-22,insp_sitrep__cumulative_confirmed_deaths__daily,Mahagi,1
2026-08-22,insp_sitrep__cumulative_confirmed_deaths__daily,Makiso-Kisangani,4
2026-08-22,insp_sitrep__cumulative_confirmed_deaths__daily,Mambasa,7
2026-08-22,insp_sitrep__cumulative_confirmed_deaths__daily,Mandima,19
2026-08-22,insp_sitrep__cumulative_confirmed_deaths__daily,Mangala,106
2026-08-22,insp_sitrep__cumulative_confirmed_deaths__daily,Mangobo,2
2026-08-22,insp_sitrep__cumulative_confirmed_deaths__daily,Masereka,4
2026-08-22,insp_sitrep__cumulative_confirmed_deaths__daily,Miti-Murhesa,1
2026-08-22,insp_sitrep__cumulative_confirmed_deaths__daily,Mongbwalu,283
2026-08-22,insp_sitrep__cumulative_confirmed_deaths__daily,Musienene,39
2026-08-22,insp_sitrep__cumulative_confirmed_deaths__daily,Mutwanga,1
2026-08-22,insp_sitrep__cumulative_confirmed_deaths__daily,Nia-Nia,107
2026-08-22,insp_sitrep__cumulative_confirmed_deaths__daily,Nizi,252
2026-08-22,insp_sitrep__cumulative_confirmed_deaths__daily,Nyankunde,35
2026-08-22,insp_sitrep__cumulative_confirmed_deaths__daily,Oicha,4
2026-08-22,insp_sitrep__cumulative_confirmed_deaths__daily,Pawa,15
2026-08-22,insp_sitrep__cumulative_confirmed_deaths__daily,Rimba,4
2026-08-22,insp_sitrep__cumulative_confirmed_deaths__daily,Rungu,0
2026-08-22,insp_sitrep__cumulative_confirmed_deaths__daily,Rwampara,334
2026-08-22,insp_sitrep__cumulative_confirmed_deaths__daily,Tchomia,25
2026-08-22,insp_sitrep__cumulative_confirmed_deaths__daily,Tshopo,0
2026-08-22,insp_sitrep__cumulative_confirmed_deaths__daily,Viadana,0
2026-08-22,insp_sitrep__cumulative_confirmed_deaths__daily,Vuhovi,2
2026-08-22,insp_sitrep__cumulative_confirmed_deaths__daily,Wamba,24
2026-08-22,insp_sitrep__cumulative_confirmed_deaths__daily,Wanierukula,1
2026-08-22,insp_sitrep__national_cumulative_confirmed_cases__daily,DRC,5514
2026-08-22,insp_sitrep__national_cumulative_confirmed_deaths__daily,DRC,2642
2026-08-24,insp_sitrep__cumulative_confirmed_cases__daily,Adja,11
2026-08-24,insp_sitrep__cumulative_confirmed_cases__daily,Ariwara,8
2026-08-24,insp_sitrep__cumulative_confirmed_cases__daily,Aru,7
2026-08-24,insp_sitrep__cumulative_confirmed_cases__daily,Aungba,12
2026-08-24,insp_sitrep__cumulative_confirmed_cases__daily,Bafwasende,1
2026-08-24,insp_sitrep__cumulative_confirmed_cases__daily,Bambu,139
2026-08-24,insp_sitrep__cumulative_confirmed_cases__daily,Beni,118
2026-08-24,insp_sitrep__cumulative_confirmed_cases__daily,Boga,2
2026-08-24,insp_sitrep__cumulative_confirmed_cases__daily,Boma Mangbetu,26
2026-08-24,insp_sitrep__cumulative_confirmed_cases__daily,Bunia,1312
2026-08-24,insp_sitrep__cumulative_confirmed_cases__daily,Buta,1
2026-08-24,insp_sitrep__cumulative_confirmed_cases__daily,Butembo,140
2026-08-24,insp_sitrep__cumulative_confirmed_cases__daily,Damas,27
2026-08-24,insp_sitrep__cumulative_confirmed_cases__daily,Drodro,13
2026-08-24,insp_sitrep__cumulative_confirmed_cases__daily,Fataki,73
2026-08-24,insp_sitrep__cumulative_confirmed_cases__daily,Ganga,1
2026-08-24,insp_sitrep__cumulative_confirmed_cases__daily,Gethy,5
2026-08-24,insp_sitrep__cumulative_confirmed_cases__daily,Goma,1
2026-08-24,insp_sitrep__cumulative_confirmed_cases__daily,Gombari,3
2026-08-24,insp_sitrep__cumulative_confirmed_cases__daily,Isiro,70
2026-08-24,insp_sitrep__cumulative_confirmed_cases__daily,Kabondo,3
2026-08-24,insp_sitrep__cumulative_confirmed_cases__daily,Kalunguta,15
2026-08-24,insp_sitrep__cumulative_confirmed_cases__daily,Kambala,2
2026-08-24,insp_sitrep__cumulative_confirmed_cases__daily,Katwa,351
2026-08-24,insp_sitrep__cumulative_confirmed_cases__daily,Kilo,32
2026-08-24,insp_sitrep__cumulative_confirmed_cases__daily,Komanda,61
2026-08-24,insp_sitrep__cumulative_confirmed_cases__daily,Kyondo,16
2026-08-24,insp_sitrep__cumulative_confirmed_cases__daily,Lita,204
2026-08-24,insp_sitrep__cumulative_confirmed_cases__daily,Logo,11
2026-08-24,insp_sitrep__cumulative_confirmed_cases__daily,Lolwa,18
2026-08-24,insp_sitrep__cumulative_confirmed_cases__daily,Lubero,1
2026-08-24,insp_sitrep__cumulative_confirmed_cases__daily,Lubunga,1
2026-08-24,insp_sitrep__cumulative_confirmed_cases__daily,Mabalako,3
2026-08-24,insp_sitrep__cumulative_confirmed_cases__daily,Mahagi,4
2026-08-24,insp_sitrep__cumulative_confirmed_cases__daily,Makiso-Kisangani,6
2026-08-24,insp_sitrep__cumulative_confirmed_cases__daily,Mambasa,14
2026-08-24,insp_sitrep__cumulative_confirmed_cases__daily,Mandima,32
2026-08-24,insp_sitrep__cumulative_confirmed_cases__daily,Mangala,203
2026-08-24,insp_sitrep__cumulative_confirmed_cases__daily,Mangobo,2
2026-08-24,insp_sitrep__cumulative_confirmed_cases__daily,Masereka,7
2026-08-24,insp_sitrep__cumulative_confirmed_cases__daily,Miti-Murhesa,3
2026-08-24,insp_sitrep__cumulative_confirmed_cases__daily,Mongbwalu,603
2026-08-24,insp_sitrep__cumulative_confirmed_cases__daily,Musienene,70
2026-08-24,insp_sitrep__cumulative_confirmed_cases__daily,Mutwanga,1
2026-08-24,insp_sitrep__cumulative_confirmed_cases__daily,Nia-Nia,193
2026-08-24,insp_sitrep__cumulative_confirmed_cases__daily,Nizi,622
2026-08-24,insp_sitrep__cumulative_confirmed_cases__daily,Nyankunde,123
2026-08-24,insp_sitrep__cumulative_confirmed_cases__daily,Oicha,7
2026-08-24,insp_sitrep__cumulative_confirmed_cases__daily,Pawa,20
2026-08-24,insp_sitrep__cumulative_confirmed_cases__daily,Rimba,10
2026-08-24,insp_sitrep__cumulative_confirmed_cases__daily,Rungu,1
2026-08-24,insp_sitrep__cumulative_confirmed_cases__daily,Rwampara,920
2026-08-24,insp_sitrep__cumulative_confirmed_cases__daily,Tchomia,55
2026-08-24,insp_sitrep__cumulative_confirmed_cases__daily,Tshopo,1
2026-08-24,insp_sitrep__cumulative_confirmed_cases__daily,Viadana,1
2026-08-24,insp_sitrep__cumulative_confirmed_cases__daily,Vuhovi,5
2026-08-24,insp_sitrep__cumulative_confirmed_cases__daily,Wamba,64
2026-08-24,insp_sitrep__cumulative_confirmed_cases__daily,Wanierukula,1
2026-08-24,insp_sitrep__cumulative_confirmed_deaths__daily,Adja,1
2026-08-24,insp_sitrep__cumulative_confirmed_deaths__daily,Ariwara,2
2026-08-24,insp_sitrep__cumulative_confirmed_deaths__daily,Aru,6
2026-08-24,insp_sitrep__cumulative_confirmed_deaths__daily,Aungba,5
2026-08-24,insp_sitrep__cumulative_confirmed_deaths__daily,Bafwasende,0
2026-08-24,insp_sitrep__cumulative_confirmed_deaths__daily,Bambu,29
2026-08-24,insp_sitrep__cumulative_confirmed_deaths__daily,Beni,84
2026-08-24,insp_sitrep__cumulative_confirmed_deaths__daily,Boga,1
2026-08-24,insp_sitrep__cumulative_confirmed_deaths__daily,Boma Mangbetu,13
2026-08-24,insp_sitrep__cumulative_confirmed_deaths__daily,Bunia,411
2026-08-24,insp_sitrep__cumulative_confirmed_deaths__daily,Buta,1
2026-08-24,insp_sitrep__cumulative_confirmed_deaths__daily,Butembo,107
2026-08-24,insp_sitrep__cumulative_confirmed_deaths__daily,Damas,9
2026-08-24,insp_sitrep__cumulative_confirmed_deaths__daily,Drodro,6
2026-08-24,insp_sitrep__cumulative_confirmed_deaths__daily,Fataki,30
2026-08-24,insp_sitrep__cumulative_confirmed_deaths__daily,Ganga,0
2026-08-24,insp_sitrep__cumulative_confirmed_deaths__daily,Gethy,2
2026-08-24,insp_sitrep__cumulative_confirmed_deaths__daily,Goma,0
2026-08-24,insp_sitrep__cumulative_confirmed_deaths__daily,Gombari,1
2026-08-24,insp_sitrep__cumulative_confirmed_deaths__daily,Isiro,30
2026-08-24,insp_sitrep__cumulative_confirmed_deaths__daily,Kabondo,1
2026-08-24,insp_sitrep__cumulative_confirmed_deaths__daily,Kalunguta,7
2026-08-24,insp_sitrep__cumulative_confirmed_deaths__daily,Kambala,0
2026-08-24,insp_sitrep__cumulative_confirmed_deaths__daily,Katwa,236
2026-08-24,insp_sitrep__cumulative_confirmed_deaths__daily,Kilo,12
2026-08-24,insp_sitrep__cumulative_confirmed_deaths__daily,Komanda,39
2026-08-24,insp_sitrep__cumulative_confirmed_deaths__daily,Kyondo,12
2026-08-24,insp_sitrep__cumulative_confirmed_deaths__daily,Lita,111
2026-08-24,insp_sitrep__cumulative_confirmed_deaths__daily,Logo,5
2026-08-24,insp_sitrep__cumulative_confirmed_deaths__daily,Lolwa,4
2026-08-24,insp_sitrep__cumulative_confirmed_deaths__daily,Lubero,1
2026-08-24,insp_sitrep__cumulative_confirmed_deaths__daily,Lubunga,0
2026-08-24,insp_sitrep__cumulative_confirmed_deaths__daily,Mabalako,2
2026-08-24,insp_sitrep__cumulative_confirmed_deaths__daily,Mahagi,1
2026-08-24,insp_sitrep__cumulative_confirmed_deaths__daily,Makiso-Kisangani,4
2026-08-24,insp_sitrep__cumulative_confirmed_deaths__daily,Mambasa,7
2026-08-24,insp_sitrep__cumulative_confirmed_deaths__daily,Mandima,19
2026-08-24,insp_sitrep__cumulative_confirmed_deaths__daily,Mangala,109
2026-08-24,insp_sitrep__cumulative_confirmed_deaths__daily,Mangobo,2
2026-08-24,insp_sitrep__cumulative_confirmed_deaths__daily,Masereka,4
2026-08-24,insp_sitrep__cumulative_confirmed_deaths__daily,Miti-Murhesa,1
2026-08-24,insp_sitrep__cumulative_confirmed_deaths__daily,Mongbwalu,284
2026-08-24,insp_sitrep__cumulative_confirmed_deaths__daily,Musienene,41
2026-08-24,insp_sitrep__cumulative_confirmed_deaths__daily,Mutwanga,1
2026-08-24,insp_sitrep__cumulative_confirmed_deaths__daily,Nia-Nia,108
2026-08-24,insp_sitrep__cumulative_confirmed_deaths__daily,Nizi,252
2026-08-24,insp_sitrep__cumulative_confirmed_deaths__daily,Nyankunde,35
2026-08-24,insp_sitrep__cumulative_confirmed_deaths__daily,Oicha,4
2026-08-24,insp_sitrep__cumulative_confirmed_deaths__daily,Pawa,15
2026-08-24,insp_sitrep__cumulative_confirmed_deaths__daily,Rimba,4
2026-08-24,insp_sitrep__cumulative_confirmed_deaths__daily,Rungu,0
2026-08-24,insp_sitrep__cumulative_confirmed_deaths__daily,Rwampara,335
2026-08-24,insp_sitrep__cumulative_confirmed_deaths__daily,Tchomia,25
2026-08-24,insp_sitrep__cumulative_confirmed_deaths__daily,Tshopo,0
2026-08-24,insp_sitrep__cumulative_confirmed_deaths__daily,Viadana,0
2026-08-24,insp_sitrep__cumulative_confirmed_deaths__daily,Vuhovi,2
2026-08-24,insp_sitrep__cumulative_confirmed_deaths__daily,Wamba,26
2026-08-24,insp_sitrep__cumulative_confirmed_deaths__daily,Wanierukula,1
2026-08-24,insp_sitrep__national_cumulative_confirmed_cases__daily,DRC,5656
2026-08-24,insp_sitrep__national_cumulative_confirmed_deaths__daily,DRC,2715
2026-08-25,insp_sitrep__cumulative_confirmed_cases__daily,Adja,11
2026-08-25,insp_sitrep__cumulative_confirmed_cases__daily,Ariwara,8
2026-08-25,insp_sitrep__cumulative_confirmed_cases__daily,Aru,7
2026-08-25,insp_sitrep__cumulative_confirmed_cases__daily,Aungba,12
2026-08-25,insp_sitrep__cumulative_confirmed_cases__daily,Bafwasende,1
2026-08-25,insp_sitrep__cumulative_confirmed_cases__daily,Bambu,148
2026-08-25,insp_sitrep__cumulative_confirmed_cases__daily,Beni,118
2026-08-25,insp_sitrep__cumulative_confirmed_cases__daily,Boga,2
2026-08-25,insp_sitrep__cumulative_confirmed_cases__daily,Boma Mangbetu,26
2026-08-25,insp_sitrep__cumulative_confirmed_cases__daily,Bunia,1317
2026-08-25,insp_sitrep__cumulative_confirmed_cases__daily,Buta,1
2026-08-25,insp_sitrep__cumulative_confirmed_cases__daily,Butembo,146
2026-08-25,insp_sitrep__cumulative_confirmed_cases__daily,Damas,27
2026-08-25,insp_sitrep__cumulative_confirmed_cases__daily,Drodro,13
2026-08-25,insp_sitrep__cumulative_confirmed_cases__daily,Fataki,73
2026-08-25,insp_sitrep__cumulative_confirmed_cases__daily,Ganga,1
2026-08-25,insp_sitrep__cumulative_confirmed_cases__daily,Gethy,5
2026-08-25,insp_sitrep__cumulative_confirmed_cases__daily,Goma,1
2026-08-25,insp_sitrep__cumulative_confirmed_cases__daily,Gombari,3
2026-08-25,insp_sitrep__cumulative_confirmed_cases__daily,Isiro,74
2026-08-25,insp_sitrep__cumulative_confirmed_cases__daily,Kabondo,3
2026-08-25,insp_sitrep__cumulative_confirmed_cases__daily,Kalunguta,16
2026-08-25,insp_sitrep__cumulative_confirmed_cases__daily,Kambala,2
2026-08-25,insp_sitrep__cumulative_confirmed_cases__daily,Katwa,360
2026-08-25,insp_sitrep__cumulative_confirmed_cases__daily,Kilo,32
2026-08-25,insp_sitrep__cumulative_confirmed_cases__daily,Komanda,61
2026-08-25,insp_sitrep__cumulative_confirmed_cases__daily,Kyondo,16
2026-08-25,insp_sitrep__cumulative_confirmed_cases__daily,Lita,204
2026-08-25,insp_sitrep__cumulative_confirmed_cases__daily,Logo,11
2026-08-25,insp_sitrep__cumulative_confirmed_cases__daily,Lolwa,19
2026-08-25,insp_sitrep__cumulative_confirmed_cases__daily,Lubero,1
2026-08-25,insp_sitrep__cumulative_confirmed_cases__daily,Lubunga,1
2026-08-25,insp_sitrep__cumulative_confirmed_cases__daily,Mabalako,3
2026-08-25,insp_sitrep__cumulative_confirmed_cases__daily,Mahagi,4
2026-08-25,insp_sitrep__cumulative_confirmed_cases__daily,Makiso-Kisangani,6
2026-08-25,insp_sitrep__cumulative_confirmed_cases__daily,Mambasa,17
2026-08-25,insp_sitrep__cumulative_confirmed_cases__daily,Mandima,32
2026-08-25,insp_sitrep__cumulative_confirmed_cases__daily,Mangala,203
2026-08-25,insp_sitrep__cumulative_confirmed_cases__daily,Mangobo,2
2026-08-25,insp_sitrep__cumulative_confirmed_cases__daily,Masereka,7
2026-08-25,insp_sitrep__cumulative_confirmed_cases__daily,Miti-Murhesa,3
2026-08-25,insp_sitrep__cumulative_confirmed_cases__daily,Mongbwalu,605
2026-08-25,insp_sitrep__cumulative_confirmed_cases__daily,Musienene,72
2026-08-25,insp_sitrep__cumulative_confirmed_cases__daily,Mutwanga,1
2026-08-25,insp_sitrep__cumulative_confirmed_cases__daily,Nia-Nia,199
2026-08-25,insp_sitrep__cumulative_confirmed_cases__daily,Nizi,628
2026-08-25,insp_sitrep__cumulative_confirmed_cases__daily,Nyankunde,124
2026-08-25,insp_sitrep__cumulative_confirmed_cases__daily,Oicha,7
2026-08-25,insp_sitrep__cumulative_confirmed_cases__daily,Pawa,20
2026-08-25,insp_sitrep__cumulative_confirmed_cases__daily,Rimba,10
2026-08-25,insp_sitrep__cumulative_confirmed_cases__daily,Rungu,1
2026-08-25,insp_sitrep__cumulative_confirmed_cases__daily,Rwampara,921
2026-08-25,insp_sitrep__cumulative_confirmed_cases__daily,Tchomia,55
2026-08-25,insp_sitrep__cumulative_confirmed_cases__daily,Tshopo,1
2026-08-25,insp_sitrep__cumulative_confirmed_cases__daily,Viadana,1
2026-08-25,insp_sitrep__cumulative_confirmed_cases__daily,Vuhovi,5
2026-08-25,insp_sitrep__cumulative_confirmed_cases__daily,Wamba,65
2026-08-25,insp_sitrep__cumulative_confirmed_cases__daily,Wanierukula,1
2026-08-25,insp_sitrep__cumulative_confirmed_deaths__daily,Adja,1
2026-08-25,insp_sitrep__cumulative_confirmed_deaths__daily,Ariwara,2
2026-08-25,insp_sitrep__cumulative_confirmed_deaths__daily,Aru,6
2026-08-25,insp_sitrep__cumulative_confirmed_deaths__daily,Aungba,5
2026-08-25,insp_sitrep__cumulative_confirmed_deaths__daily,Bafwasende,0
2026-08-25,insp_sitrep__cumulative_confirmed_deaths__daily,Bambu,29
2026-08-25,insp_sitrep__cumulative_confirmed_deaths__daily,Beni,85
2026-08-25,insp_sitrep__cumulative_confirmed_deaths__daily,Boga,2
2026-08-25,insp_sitrep__cumulative_confirmed_deaths__daily,Boma Mangbetu,14
2026-08-25,insp_sitrep__cumulative_confirmed_deaths__daily,Bunia,411
2026-08-25,insp_sitrep__cumulative_confirmed_deaths__daily,Buta,1
2026-08-25,insp_sitrep__cumulative_confirmed_deaths__daily,Butembo,110
2026-08-25,insp_sitrep__cumulative_confirmed_deaths__daily,Damas,9
2026-08-25,insp_sitrep__cumulative_confirmed_deaths__daily,Drodro,6
2026-08-25,insp_sitrep__cumulative_confirmed_deaths__daily,Fataki,30
2026-08-25,insp_sitrep__cumulative_confirmed_deaths__daily,Ganga,0
2026-08-25,insp_sitrep__cumulative_confirmed_deaths__daily,Gethy,2
2026-08-25,insp_sitrep__cumulative_confirmed_deaths__daily,Goma,0
2026-08-25,insp_sitrep__cumulative_confirmed_deaths__daily,Gombari,1
2026-08-25,insp_sitrep__cumulative_confirmed_deaths__daily,Isiro,32
2026-08-25,insp_sitrep__cumulative_confirmed_deaths__daily,Kabondo,1
2026-08-25,insp_sitrep__cumulative_confirmed_deaths__daily,Kalunguta,7
2026-08-25,insp_sitrep__cumulative_confirmed_deaths__daily,Kambala,0
2026-08-25,insp_sitrep__cumulative_confirmed_deaths__daily,Katwa,241
2026-08-25,insp_sitrep__cumulative_confirmed_deaths__daily,Kilo,12
2026-08-25,insp_sitrep__cumulative_confirmed_deaths__daily,Komanda,39
2026-08-25,insp_sitrep__cumulative_confirmed_deaths__daily,Kyondo,12
2026-08-25,insp_sitrep__cumulative_confirmed_deaths__daily,Lita,111
2026-08-25,insp_sitrep__cumulative_confirmed_deaths__daily,Logo,5
2026-08-25,insp_sitrep__cumulative_confirmed_deaths__daily,Lolwa,4
2026-08-25,insp_sitrep__cumulative_confirmed_deaths__daily,Lubero,1
2026-08-25,insp_sitrep__cumulative_confirmed_deaths__daily,Lubunga,0
2026-08-25,insp_sitrep__cumulative_confirmed_deaths__daily,Mabalako,2
2026-08-25,insp_sitrep__cumulative_confirmed_deaths__daily,Mahagi,1
2026-08-25,insp_sitrep__cumulative_confirmed_deaths__daily,Makiso-Kisangani,4
2026-08-25,insp_sitrep__cumulative_confirmed_deaths__daily,Mambasa,7
2026-08-25,insp_sitrep__cumulative_confirmed_deaths__daily,Mandima,19
2026-08-25,insp_sitrep__cumulative_confirmed_deaths__daily,Mangala,109
2026-08-25,insp_sitrep__cumulative_confirmed_deaths__daily,Mangobo,2
2026-08-25,insp_sitrep__cumulative_confirmed_deaths__daily,Masereka,4
2026-08-25,insp_sitrep__cumulative_confirmed_deaths__daily,Miti-Murhesa,1
2026-08-25,insp_sitrep__cumulative_confirmed_deaths__daily,Mongbwalu,284
2026-08-25,insp_sitrep__cumulative_confirmed_deaths__daily,Musienene,43
2026-08-25,insp_sitrep__cumulative_confirmed_deaths__daily,Mutwanga,1
2026-08-25,insp_sitrep__cumulative_confirmed_deaths__daily,Nia-Nia,108
2026-08-25,insp_sitrep__cumulative_confirmed_deaths__daily,Nizi,252
2026-08-25,insp_sitrep__cumulative_confirmed_deaths__daily,Nyankunde,35
2026-08-25,insp_sitrep__cumulative_confirmed_deaths__daily,Oicha,4
2026-08-25,insp_sitrep__cumulative_confirmed_deaths__daily,Pawa,15
2026-08-25,insp_sitrep__cumulative_confirmed_deaths__daily,Rimba,4
2026-08-25,insp_sitrep__cumulative_confirmed_deaths__daily,Rungu,0
2026-08-25,insp_sitrep__cumulative_confirmed_deaths__daily,Rwampara,335
2026-08-25,insp_sitrep__cumulative_confirmed_deaths__daily,Tchomia,25
2026-08-25,insp_sitrep__cumulative_confirmed_deaths__daily,Tshopo,0
2026-08-25,insp_sitrep__cumulative_confirmed_deaths__daily,Viadana,0
2026-08-25,insp_sitrep__cumulative_confirmed_deaths__daily,Vuhovi,2
2026-08-25,insp_sitrep__cumulative_confirmed_deaths__daily,Wamba,27
2026-08-25,insp_sitrep__cumulative_confirmed_deaths__daily,Wanierukula,1
2026-08-25,insp_sitrep__national_cumulative_confirmed_cases__daily,DRC,5713
2026-08-25,insp_sitrep__national_cumulative_confirmed_deaths__daily,DRC,2755
2026-08-26,insp_sitrep__cumulative_confirmed_cases__daily,Adja,11
2026-08-26,insp_sitrep__cumulative_confirmed_cases__daily,Ariwara,8
2026-08-26,insp_sitrep__cumulative_confirmed_cases__daily,Aru,7
2026-08-26,insp_sitrep__cumulative_confirmed_cases__daily,Aungba,12
2026-08-26,insp_sitrep__cumulative_confirmed_cases__daily,Bafwasende,1
2026-08-26,insp_sitrep__cumulative_confirmed_cases__daily,Bambu,149
2026-08-26,insp_sitrep__cumulative_confirmed_cases__daily,Beni,122
2026-08-26,insp_sitrep__cumulative_confirmed_cases__daily,Biena,1
2026-08-26,insp_sitrep__cumulative_confirmed_cases__daily,Boga,2
2026-08-26,insp_sitrep__cumulative_confirmed_cases__daily,Boma Mangbetu,26
2026-08-26,insp_sitrep__cumulative_confirmed_cases__daily,Bunia,1336
2026-08-26,insp_sitrep__cumulative_confirmed_cases__daily,Buta,1
2026-08-26,insp_sitrep__cumulative_confirmed_cases__daily,Butembo,152
2026-08-26,insp_sitrep__cumulative_confirmed_cases__daily,Damas,27
2026-08-26,insp_sitrep__cumulative_confirmed_cases__daily,Drodro,13
2026-08-26,insp_sitrep__cumulative_confirmed_cases__daily,Fataki,73
2026-08-26,insp_sitrep__cumulative_confirmed_cases__daily,Ganga,1
2026-08-26,insp_sitrep__cumulative_confirmed_cases__daily,Gethy,5
2026-08-26,insp_sitrep__cumulative_confirmed_cases__daily,Goma,1
2026-08-26,insp_sitrep__cumulative_confirmed_cases__daily,Gombari,3
2026-08-26,insp_sitrep__cumulative_confirmed_cases__daily,Isiro,78
2026-08-26,insp_sitrep__cumulative_confirmed_cases__daily,Kabondo,3
2026-08-26,insp_sitrep__cumulative_confirmed_cases__daily,Kalunguta,16
2026-08-26,insp_sitrep__cumulative_confirmed_cases__daily,Kambala,2
2026-08-26,insp_sitrep__cumulative_confirmed_cases__daily,Katwa,368
2026-08-26,insp_sitrep__cumulative_confirmed_cases__daily,Kilo,32
2026-08-26,insp_sitrep__cumulative_confirmed_cases__daily,Komanda,65
2026-08-26,insp_sitrep__cumulative_confirmed_cases__daily,Kyondo,16
2026-08-26,insp_sitrep__cumulative_confirmed_cases__daily,Lita,204
2026-08-26,insp_sitrep__cumulative_confirmed_cases__daily,Logo,11
2026-08-26,insp_sitrep__cumulative_confirmed_cases__daily,Lolwa,19
2026-08-26,insp_sitrep__cumulative_confirmed_cases__daily,Lubero,1
2026-08-26,insp_sitrep__cumulative_confirmed_cases__daily,Lubunga,1
2026-08-26,insp_sitrep__cumulative_confirmed_cases__daily,Mabalako,3
2026-08-26,insp_sitrep__cumulative_confirmed_cases__daily,Mahagi,4
2026-08-26,insp_sitrep__cumulative_confirmed_cases__daily,Makiso-Kisangani,8
2026-08-26,insp_sitrep__cumulative_confirmed_cases__daily,Mambasa,17
2026-08-26,insp_sitrep__cumulative_confirmed_cases__daily,Mandima,33
2026-08-26,insp_sitrep__cumulative_confirmed_cases__daily,Mangala,212
2026-08-26,insp_sitrep__cumulative_confirmed_cases__daily,Mangobo,2
2026-08-26,insp_sitrep__cumulative_confirmed_cases__daily,Manguredjipa,1
2026-08-26,insp_sitrep__cumulative_confirmed_cases__daily,Masereka,7
2026-08-26,insp_sitrep__cumulative_confirmed_cases__daily,Miti-Murhesa,3
2026-08-26,insp_sitrep__cumulative_confirmed_cases__daily,Mongbwalu,606
2026-08-26,insp_sitrep__cumulative_confirmed_cases__daily,Musienene,74
2026-08-26,insp_sitrep__cumulative_confirmed_cases__daily,Mutwanga,1
2026-08-26,insp_sitrep__cumulative_confirmed_cases__daily,Nia-Nia,199
2026-08-26,insp_sitrep__cumulative_confirmed_cases__daily,Nizi,636
2026-08-26,insp_sitrep__cumulative_confirmed_cases__daily,Nyankunde,124
2026-08-26,insp_sitrep__cumulative_confirmed_cases__daily,Oicha,7
2026-08-26,insp_sitrep__cumulative_confirmed_cases__daily,Pawa,20
2026-08-26,insp_sitrep__cumulative_confirmed_cases__daily,Rimba,10
2026-08-26,insp_sitrep__cumulative_confirmed_cases__daily,Rungu,1
2026-08-26,insp_sitrep__cumulative_confirmed_cases__daily,Rwampara,930
2026-08-26,insp_sitrep__cumulative_confirmed_cases__daily,Tchomia,55
2026-08-26,insp_sitrep__cumulative_confirmed_cases__daily,Tshopo,1
2026-08-26,insp_sitrep__cumulative_confirmed_cases__daily,Viadana,1
2026-08-26,insp_sitrep__cumulative_confirmed_cases__daily,Vuhovi,5
2026-08-26,insp_sitrep__cumulative_confirmed_cases__daily,Wamba,66
2026-08-26,insp_sitrep__cumulative_confirmed_cases__daily,Wanierukula,1
2026-08-26,insp_sitrep__cumulative_confirmed_deaths__daily,Adja,1
2026-08-26,insp_sitrep__cumulative_confirmed_deaths__daily,Ariwara,2
2026-08-26,insp_sitrep__cumulative_confirmed_deaths__daily,Aru,6
2026-08-26,insp_sitrep__cumulative_confirmed_deaths__daily,Aungba,5
2026-08-26,insp_sitrep__cumulative_confirmed_deaths__daily,Bafwasende,0
2026-08-26,insp_sitrep__cumulative_confirmed_deaths__daily,Bambu,29
2026-08-26,insp_sitrep__cumulative_confirmed_deaths__daily,Beni,87
2026-08-26,insp_sitrep__cumulative_confirmed_deaths__daily,Biena,1
2026-08-26,insp_sitrep__cumulative_confirmed_deaths__daily,Boga,2
2026-08-26,insp_sitrep__cumulative_confirmed_deaths__daily,Boma Mangbetu,14
2026-08-26,insp_sitrep__cumulative_confirmed_deaths__daily,Bunia,421
2026-08-26,insp_sitrep__cumulative_confirmed_deaths__daily,Buta,1
2026-08-26,insp_sitrep__cumulative_confirmed_deaths__daily,Butembo,116
2026-08-26,insp_sitrep__cumulative_confirmed_deaths__daily,Damas,9
2026-08-26,insp_sitrep__cumulative_confirmed_deaths__daily,Drodro,6
2026-08-26,insp_sitrep__cumulative_confirmed_deaths__daily,Fataki,30
2026-08-26,insp_sitrep__cumulative_confirmed_deaths__daily,Ganga,0
2026-08-26,insp_sitrep__cumulative_confirmed_deaths__daily,Gethy,2
2026-08-26,insp_sitrep__cumulative_confirmed_deaths__daily,Goma,0
2026-08-26,insp_sitrep__cumulative_confirmed_deaths__daily,Gombari,1
2026-08-26,insp_sitrep__cumulative_confirmed_deaths__daily,Isiro,32
2026-08-26,insp_sitrep__cumulative_confirmed_deaths__daily,Kabondo,1
2026-08-26,insp_sitrep__cumulative_confirmed_deaths__daily,Kalunguta,7
2026-08-26,insp_sitrep__cumulative_confirmed_deaths__daily,Kambala,0
2026-08-26,insp_sitrep__cumulative_confirmed_deaths__daily,Katwa,246
2026-08-26,insp_sitrep__cumulative_confirmed_deaths__daily,Kilo,12
2026-08-26,insp_sitrep__cumulative_confirmed_deaths__daily,Komanda,42
2026-08-26,insp_sitrep__cumulative_confirmed_deaths__daily,Kyondo,12
2026-08-26,insp_sitrep__cumulative_confirmed_deaths__daily,Lita,111
2026-08-26,insp_sitrep__cumulative_confirmed_deaths__daily,Logo,5
2026-08-26,insp_sitrep__cumulative_confirmed_deaths__daily,Lolwa,4
2026-08-26,insp_sitrep__cumulative_confirmed_deaths__daily,Lubero,1
2026-08-26,insp_sitrep__cumulative_confirmed_deaths__daily,Lubunga,0
2026-08-26,insp_sitrep__cumulative_confirmed_deaths__daily,Mabalako,2
2026-08-26,insp_sitrep__cumulative_confirmed_deaths__daily,Mahagi,1
2026-08-26,insp_sitrep__cumulative_confirmed_deaths__daily,Makiso-Kisangani,4
2026-08-26,insp_sitrep__cumulative_confirmed_deaths__daily,Mambasa,7
2026-08-26,insp_sitrep__cumulative_confirmed_deaths__daily,Mandima,19
2026-08-26,insp_sitrep__cumulative_confirmed_deaths__daily,Mangala,114
2026-08-26,insp_sitrep__cumulative_confirmed_deaths__daily,Mangobo,2
2026-08-26,insp_sitrep__cumulative_confirmed_deaths__daily,Manguredjipa,0
2026-08-26,insp_sitrep__cumulative_confirmed_deaths__daily,Masereka,4
2026-08-26,insp_sitrep__cumulative_confirmed_deaths__daily,Miti-Murhesa,1
2026-08-26,insp_sitrep__cumulative_confirmed_deaths__daily,Mongbwalu,284
2026-08-26,insp_sitrep__cumulative_confirmed_deaths__daily,Musienene,43
2026-08-26,insp_sitrep__cumulative_confirmed_deaths__daily,Mutwanga,1
2026-08-26,insp_sitrep__cumulative_confirmed_deaths__daily,Nia-Nia,108
2026-08-26,insp_sitrep__cumulative_confirmed_deaths__daily,Nizi,254
2026-08-26,insp_sitrep__cumulative_confirmed_deaths__daily,Nyankunde,35
2026-08-26,insp_sitrep__cumulative_confirmed_deaths__daily,Oicha,5
2026-08-26,insp_sitrep__cumulative_confirmed_deaths__daily,Pawa,16
2026-08-26,insp_sitrep__cumulative_confirmed_deaths__daily,Rimba,4
2026-08-26,insp_sitrep__cumulative_confirmed_deaths__daily,Rungu,0
2026-08-26,insp_sitrep__cumulative_confirmed_deaths__daily,Rwampara,336
2026-08-26,insp_sitrep__cumulative_confirmed_deaths__daily,Tchomia,25
2026-08-26,insp_sitrep__cumulative_confirmed_deaths__daily,Tshopo,0
2026-08-26,insp_sitrep__cumulative_confirmed_deaths__daily,Viadana,0
2026-08-26,insp_sitrep__cumulative_confirmed_deaths__daily,Vuhovi,2
2026-08-26,insp_sitrep__cumulative_confirmed_deaths__daily,Wamba,27
2026-08-26,insp_sitrep__cumulative_confirmed_deaths__daily,Wanierukula,1
2026-08-26,insp_sitrep__national_cumulative_confirmed_cases__daily,DRC,5794
2026-08-26,insp_sitrep__national_cumulative_confirmed_deaths__daily,DRC,2786
2026-08-28,insp_sitrep__cumulative_confirmed_cases__daily,Adja,11
2026-08-28,insp_sitrep__cumulative_confirmed_cases__daily,Ariwara,8
2026-08-28,insp_sitrep__cumulative_confirmed_cases__daily,Aru,8
2026-08-28,insp_sitrep__cumulative_confirmed_cases__daily,Aungba,12
2026-08-28,insp_sitrep__cumulative_confirmed_cases__daily,Bafwasende,2
2026-08-28,insp_sitrep__cumulative_confirmed_cases__daily,Bambu,157
2026-08-28,insp_sitrep__cumulative_confirmed_cases__daily,Beni,128
2026-08-28,insp_sitrep__cumulative_confirmed_cases__daily,Biena,1
2026-08-28,insp_sitrep__cumulative_confirmed_cases__daily,Boga,2
2026-08-28,insp_sitrep__cumulative_confirmed_cases__daily,Boma Mangbetu,26
2026-08-28,insp_sitrep__cumulative_confirmed_cases__daily,Bunia,1375
2026-08-28,insp_sitrep__cumulative_confirmed_cases__daily,Buta,1
2026-08-28,insp_sitrep__cumulative_confirmed_cases__daily,Butembo,160
2026-08-28,insp_sitrep__cumulative_confirmed_cases__daily,Damas,27
2026-08-28,insp_sitrep__cumulative_confirmed_cases__daily,Drodro,13
2026-08-28,insp_sitrep__cumulative_confirmed_cases__daily,Fataki,74
2026-08-28,insp_sitrep__cumulative_confirmed_cases__daily,Ganga,1
2026-08-28,insp_sitrep__cumulative_confirmed_cases__daily,Gethy,6
2026-08-28,insp_sitrep__cumulative_confirmed_cases__daily,Goma,1
2026-08-28,insp_sitrep__cumulative_confirmed_cases__daily,Gombari,3
2026-08-28,insp_sitrep__cumulative_confirmed_cases__daily,Isiro,79
2026-08-28,insp_sitrep__cumulative_confirmed_cases__daily,Kabondo,3
2026-08-28,insp_sitrep__cumulative_confirmed_cases__daily,Kalunguta,16
2026-08-28,insp_sitrep__cumulative_confirmed_cases__daily,Kambala,2
2026-08-28,insp_sitrep__cumulative_confirmed_cases__daily,Katwa,377
2026-08-28,insp_sitrep__cumulative_confirmed_cases__daily,Kilo,32
2026-08-28,insp_sitrep__cumulative_confirmed_cases__daily,Komanda,72
2026-08-28,insp_sitrep__cumulative_confirmed_cases__daily,Kyondo,16
2026-08-28,insp_sitrep__cumulative_confirmed_cases__daily,Lita,210
2026-08-28,insp_sitrep__cumulative_confirmed_cases__daily,Logo,11
2026-08-28,insp_sitrep__cumulative_confirmed_cases__daily,Lolwa,19
2026-08-28,insp_sitrep__cumulative_confirmed_cases__daily,Lubero,1
2026-08-28,insp_sitrep__cumulative_confirmed_cases__daily,Lubunga,1
2026-08-28,insp_sitrep__cumulative_confirmed_cases__daily,Mabalako,3
2026-08-28,insp_sitrep__cumulative_confirmed_cases__daily,Mahagi,4
2026-08-28,insp_sitrep__cumulative_confirmed_cases__daily,Makiso-Kisangani,9
2026-08-28,insp_sitrep__cumulative_confirmed_cases__daily,Mambasa,17
2026-08-28,insp_sitrep__cumulative_confirmed_cases__daily,Mandima,36
2026-08-28,insp_sitrep__cumulative_confirmed_cases__daily,Mangala,227
2026-08-28,insp_sitrep__cumulative_confirmed_cases__daily,Mangobo,2
2026-08-28,insp_sitrep__cumulative_confirmed_cases__daily,Manguredjipa,1
2026-08-28,insp_sitrep__cumulative_confirmed_cases__daily,Masereka,8
2026-08-28,insp_sitrep__cumulative_confirmed_cases__daily,Miti-Murhesa,3
2026-08-28,insp_sitrep__cumulative_confirmed_cases__daily,Mongbwalu,608
2026-08-28,insp_sitrep__cumulative_confirmed_cases__daily,Musienene,75
2026-08-28,insp_sitrep__cumulative_confirmed_cases__daily,Mutwanga,1
2026-08-28,insp_sitrep__cumulative_confirmed_cases__daily,Nia-Nia,205
2026-08-28,insp_sitrep__cumulative_confirmed_cases__daily,Nizi,646
2026-08-28,insp_sitrep__cumulative_confirmed_cases__daily,Nyankunde,124
2026-08-28,insp_sitrep__cumulative_confirmed_cases__daily,Oicha,7
2026-08-28,insp_sitrep__cumulative_confirmed_cases__daily,Pawa,24
2026-08-28,insp_sitrep__cumulative_confirmed_cases__daily,Rimba,10
2026-08-28,insp_sitrep__cumulative_confirmed_cases__daily,Rungu,1
2026-08-28,insp_sitrep__cumulative_confirmed_cases__daily,Rwampara,939
2026-08-28,insp_sitrep__cumulative_confirmed_cases__daily,Tchomia,56
2026-08-28,insp_sitrep__cumulative_confirmed_cases__daily,Tshopo,1
2026-08-28,insp_sitrep__cumulative_confirmed_cases__daily,Viadana,1
2026-08-28,insp_sitrep__cumulative_confirmed_cases__daily,Vuhovi,5
2026-08-28,insp_sitrep__cumulative_confirmed_cases__daily,Wamba,76
2026-08-28,insp_sitrep__cumulative_confirmed_cases__daily,Wanierukula,1
2026-08-28,insp_sitrep__cumulative_confirmed_deaths__daily,Adja,1
2026-08-28,insp_sitrep__cumulative_confirmed_deaths__daily,Ariwara,2
2026-08-28,insp_sitrep__cumulative_confirmed_deaths__daily,Aru,6
2026-08-28,insp_sitrep__cumulative_confirmed_deaths__daily,Aungba,5
2026-08-28,insp_sitrep__cumulative_confirmed_deaths__daily,Bafwasende,0
2026-08-28,insp_sitrep__cumulative_confirmed_deaths__daily,Bambu,35
2026-08-28,insp_sitrep__cumulative_confirmed_deaths__daily,Beni,93
2026-08-28,insp_sitrep__cumulative_confirmed_deaths__daily,Biena,1
2026-08-28,insp_sitrep__cumulative_confirmed_deaths__daily,Boga,2
2026-08-28,insp_sitrep__cumulative_confirmed_deaths__daily,Boma Mangbetu,14
2026-08-28,insp_sitrep__cumulative_confirmed_deaths__daily,Bunia,430
2026-08-28,insp_sitrep__cumulative_confirmed_deaths__daily,Buta,1
2026-08-28,insp_sitrep__cumulative_confirmed_deaths__daily,Butembo,121
2026-08-28,insp_sitrep__cumulative_confirmed_deaths__daily,Damas,9
2026-08-28,insp_sitrep__cumulative_confirmed_deaths__daily,Drodro,6
2026-08-28,insp_sitrep__cumulative_confirmed_deaths__daily,Fataki,30
2026-08-28,insp_sitrep__cumulative_confirmed_deaths__daily,Ganga,1
2026-08-28,insp_sitrep__cumulative_confirmed_deaths__daily,Gethy,2
2026-08-28,insp_sitrep__cumulative_confirmed_deaths__daily,Goma,0
2026-08-28,insp_sitrep__cumulative_confirmed_deaths__daily,Gombari,1
2026-08-28,insp_sitrep__cumulative_confirmed_deaths__daily,Isiro,33
2026-08-28,insp_sitrep__cumulative_confirmed_deaths__daily,Kabondo,1
2026-08-28,insp_sitrep__cumulative_confirmed_deaths__daily,Kalunguta,7
2026-08-28,insp_sitrep__cumulative_confirmed_deaths__daily,Kambala,0
2026-08-28,insp_sitrep__cumulative_confirmed_deaths__daily,Katwa,253
2026-08-28,insp_sitrep__cumulative_confirmed_deaths__daily,Kilo,12
2026-08-28,insp_sitrep__cumulative_confirmed_deaths__daily,Komanda,48
2026-08-28,insp_sitrep__cumulative_confirmed_deaths__daily,Kyondo,12
2026-08-28,insp_sitrep__cumulative_confirmed_deaths__daily,Lita,111
2026-08-28,insp_sitrep__cumulative_confirmed_deaths__daily,Logo,5
2026-08-28,insp_sitrep__cumulative_confirmed_deaths__daily,Lolwa,4
2026-08-28,insp_sitrep__cumulative_confirmed_deaths__daily,Lubero,1
2026-08-28,insp_sitrep__cumulative_confirmed_deaths__daily,Lubunga,0
2026-08-28,insp_sitrep__cumulative_confirmed_deaths__daily,Mabalako,2
2026-08-28,insp_sitrep__cumulative_confirmed_deaths__daily,Mahagi,1
2026-08-28,insp_sitrep__cumulative_confirmed_deaths__daily,Makiso-Kisangani,4
2026-08-28,insp_sitrep__cumulative_confirmed_deaths__daily,Mambasa,7
2026-08-28,insp_sitrep__cumulative_confirmed_deaths__daily,Mandima,21
2026-08-28,insp_sitrep__cumulative_confirmed_deaths__daily,Mangala,117
2026-08-28,insp_sitrep__cumulative_confirmed_deaths__daily,Mangobo,2
2026-08-28,insp_sitrep__cumulative_confirmed_deaths__daily,Manguredjipa,0
2026-08-28,insp_sitrep__cumulative_confirmed_deaths__daily,Masereka,4
2026-08-28,insp_sitrep__cumulative_confirmed_deaths__daily,Miti-Murhesa,1
2026-08-28,insp_sitrep__cumulative_confirmed_deaths__daily,Mongbwalu,285
2026-08-28,insp_sitrep__cumulative_confirmed_deaths__daily,Musienene,43
2026-08-28,insp_sitrep__cumulative_confirmed_deaths__daily,Mutwanga,1
2026-08-28,insp_sitrep__cumulative_confirmed_deaths__daily,Nia-Nia,108
2026-08-28,insp_sitrep__cumulative_confirmed_deaths__daily,Nizi,258
2026-08-28,insp_sitrep__cumulative_confirmed_deaths__daily,Nyankunde,35
2026-08-28,insp_sitrep__cumulative_confirmed_deaths__daily,Oicha,6
2026-08-28,insp_sitrep__cumulative_confirmed_deaths__daily,Pawa,16
2026-08-28,insp_sitrep__cumulative_confirmed_deaths__daily,Rimba,4
2026-08-28,insp_sitrep__cumulative_confirmed_deaths__daily,Rungu,0
2026-08-28,insp_sitrep__cumulative_confirmed_deaths__daily,Rwampara,336
2026-08-28,insp_sitrep__cumulative_confirmed_deaths__daily,Tchomia,25
2026-08-28,insp_sitrep__cumulative_confirmed_deaths__daily,Tshopo,0
2026-08-28,insp_sitrep__cumulative_confirmed_deaths__daily,Viadana,0
2026-08-28,insp_sitrep__cumulative_confirmed_deaths__daily,Vuhovi,2
2026-08-28,insp_sitrep__cumulative_confirmed_deaths__daily,Wamba,29
2026-08-28,insp_sitrep__cumulative_confirmed_deaths__daily,Wanierukula,1
2026-08-28,insp_sitrep__national_cumulative_confirmed_cases__daily,DRC,5945
2026-08-28,insp_sitrep__national_cumulative_confirmed_deaths__daily,DRC,2862
2026-08-30,insp_sitrep__cumulative_confirmed_cases__daily,Adja,11
2026-08-30,insp_sitrep__cumulative_confirmed_cases__daily,Ariwara,8
2026-08-30,insp_sitrep__cumulative_confirmed_cases__daily,Aru,8
2026-08-30,insp_sitrep__cumulative_confirmed_cases__daily,Aungba,12
2026-08-30,insp_sitrep__cumulative_confirmed_cases__daily,Bafwasende,2
2026-08-30,insp_sitrep__cumulative_confirmed_cases__daily,Bambu,161
2026-08-30,insp_sitrep__cumulative_confirmed_cases__daily,Beni,138
2026-08-30,insp_sitrep__cumulative_confirmed_cases__daily,Biena,1
2026-08-30,insp_sitrep__cumulative_confirmed_cases__daily,Boga,2
2026-08-30,insp_sitrep__cumulative_confirmed_cases__daily,Boma Mangbetu,27
2026-08-30,insp_sitrep__cumulative_confirmed_cases__daily,Bunia,1397
2026-08-30,insp_sitrep__cumulative_confirmed_cases__daily,Buta,1
2026-08-30,insp_sitrep__cumulative_confirmed_cases__daily,Butembo,165
2026-08-30,insp_sitrep__cumulative_confirmed_cases__daily,Damas,28
2026-08-30,insp_sitrep__cumulative_confirmed_cases__daily,Drodro,13
2026-08-30,insp_sitrep__cumulative_confirmed_cases__daily,Fataki,76
2026-08-30,insp_sitrep__cumulative_confirmed_cases__daily,Ganga,2
2026-08-30,insp_sitrep__cumulative_confirmed_cases__daily,Gethy,6
2026-08-30,insp_sitrep__cumulative_confirmed_cases__daily,Goma,1
2026-08-30,insp_sitrep__cumulative_confirmed_cases__daily,Gombari,3
2026-08-30,insp_sitrep__cumulative_confirmed_cases__daily,Isiro,81
2026-08-30,insp_sitrep__cumulative_confirmed_cases__daily,Kabondo,3
2026-08-30,insp_sitrep__cumulative_confirmed_cases__daily,Kalunguta,16
2026-08-30,insp_sitrep__cumulative_confirmed_cases__daily,Kambala,2
2026-08-30,insp_sitrep__cumulative_confirmed_cases__daily,Katwa,390
2026-08-30,insp_sitrep__cumulative_confirmed_cases__daily,Kilo,32
2026-08-30,insp_sitrep__cumulative_confirmed_cases__daily,Komanda,78
2026-08-30,insp_sitrep__cumulative_confirmed_cases__daily,Kyondo,16
2026-08-30,insp_sitrep__cumulative_confirmed_cases__daily,Lita,218
2026-08-30,insp_sitrep__cumulative_confirmed_cases__daily,Logo,11
2026-08-30,insp_sitrep__cumulative_confirmed_cases__daily,Lolwa,22
2026-08-30,insp_sitrep__cumulative_confirmed_cases__daily,Lubero,1
2026-08-30,insp_sitrep__cumulative_confirmed_cases__daily,Lubunga,1
2026-08-30,insp_sitrep__cumulative_confirmed_cases__daily,Mabalako,5
2026-08-30,insp_sitrep__cumulative_confirmed_cases__daily,Mahagi,4
2026-08-30,insp_sitrep__cumulative_confirmed_cases__daily,Makiso-Kisangani,9
2026-08-30,insp_sitrep__cumulative_confirmed_cases__daily,Mambasa,17
2026-08-30,insp_sitrep__cumulative_confirmed_cases__daily,Mandima,36
2026-08-30,insp_sitrep__cumulative_confirmed_cases__daily,Mangala,246
2026-08-30,insp_sitrep__cumulative_confirmed_cases__daily,Mangobo,2
2026-08-30,insp_sitrep__cumulative_confirmed_cases__daily,Manguredjipa,1
2026-08-30,insp_sitrep__cumulative_confirmed_cases__daily,Masereka,9
2026-08-30,insp_sitrep__cumulative_confirmed_cases__daily,Miti-Murhesa,3
2026-08-30,insp_sitrep__cumulative_confirmed_cases__daily,Mongbwalu,610
2026-08-30,insp_sitrep__cumulative_confirmed_cases__daily,Musienene,79
2026-08-30,insp_sitrep__cumulative_confirmed_cases__daily,Mutwanga,1
2026-08-30,insp_sitrep__cumulative_confirmed_cases__daily,Nia-Nia,215
2026-08-30,insp_sitrep__cumulative_confirmed_cases__daily,Nizi,662
2026-08-30,insp_sitrep__cumulative_confirmed_cases__daily,Nyankunde,124
2026-08-30,insp_sitrep__cumulative_confirmed_cases__daily,Oicha,7
2026-08-30,insp_sitrep__cumulative_confirmed_cases__daily,Pawa,33
2026-08-30,insp_sitrep__cumulative_confirmed_cases__daily,Rimba,10
2026-08-30,insp_sitrep__cumulative_confirmed_cases__daily,Rungu,1
2026-08-30,insp_sitrep__cumulative_confirmed_cases__daily,Rwampara,950
2026-08-30,insp_sitrep__cumulative_confirmed_cases__daily,Tchomia,57
2026-08-30,insp_sitrep__cumulative_confirmed_cases__daily,Tshopo,1
2026-08-30,insp_sitrep__cumulative_confirmed_cases__daily,Viadana,1
2026-08-30,insp_sitrep__cumulative_confirmed_cases__daily,Vuhovi,6
2026-08-30,insp_sitrep__cumulative_confirmed_cases__daily,Wamba,77
2026-08-30,insp_sitrep__cumulative_confirmed_cases__daily,Wanierukula,1
2026-08-30,insp_sitrep__cumulative_confirmed_deaths__daily,Adja,1
2026-08-30,insp_sitrep__cumulative_confirmed_deaths__daily,Ariwara,2
2026-08-30,insp_sitrep__cumulative_confirmed_deaths__daily,Aru,6
2026-08-30,insp_sitrep__cumulative_confirmed_deaths__daily,Aungba,5
2026-08-30,insp_sitrep__cumulative_confirmed_deaths__daily,Bafwasende,0
2026-08-30,insp_sitrep__cumulative_confirmed_deaths__daily,Bambu,36
2026-08-30,insp_sitrep__cumulative_confirmed_deaths__daily,Beni,100
2026-08-30,insp_sitrep__cumulative_confirmed_deaths__daily,Biena,1
2026-08-30,insp_sitrep__cumulative_confirmed_deaths__daily,Boga,2
2026-08-30,insp_sitrep__cumulative_confirmed_deaths__daily,Boma Mangbetu,14
2026-08-30,insp_sitrep__cumulative_confirmed_deaths__daily,Bunia,437
2026-08-30,insp_sitrep__cumulative_confirmed_deaths__daily,Buta,1
2026-08-30,insp_sitrep__cumulative_confirmed_deaths__daily,Butembo,124
2026-08-30,insp_sitrep__cumulative_confirmed_deaths__daily,Damas,9
2026-08-30,insp_sitrep__cumulative_confirmed_deaths__daily,Drodro,6
2026-08-30,insp_sitrep__cumulative_confirmed_deaths__daily,Fataki,30
2026-08-30,insp_sitrep__cumulative_confirmed_deaths__daily,Ganga,2
2026-08-30,insp_sitrep__cumulative_confirmed_deaths__daily,Gethy,2
2026-08-30,insp_sitrep__cumulative_confirmed_deaths__daily,Goma,0
2026-08-30,insp_sitrep__cumulative_confirmed_deaths__daily,Gombari,1
2026-08-30,insp_sitrep__cumulative_confirmed_deaths__daily,Isiro,33
2026-08-30,insp_sitrep__cumulative_confirmed_deaths__daily,Kabondo,1
2026-08-30,insp_sitrep__cumulative_confirmed_deaths__daily,Kalunguta,7
2026-08-30,insp_sitrep__cumulative_confirmed_deaths__daily,Kambala,0
2026-08-30,insp_sitrep__cumulative_confirmed_deaths__daily,Katwa,257
2026-08-30,insp_sitrep__cumulative_confirmed_deaths__daily,Kilo,12
2026-08-30,insp_sitrep__cumulative_confirmed_deaths__daily,Komanda,51
2026-08-30,insp_sitrep__cumulative_confirmed_deaths__daily,Kyondo,12
2026-08-30,insp_sitrep__cumulative_confirmed_deaths__daily,Lita,119
2026-08-30,insp_sitrep__cumulative_confirmed_deaths__daily,Logo,5
2026-08-30,insp_sitrep__cumulative_confirmed_deaths__daily,Lolwa,5
2026-08-30,insp_sitrep__cumulative_confirmed_deaths__daily,Lubero,1
2026-08-30,insp_sitrep__cumulative_confirmed_deaths__daily,Lubunga,0
2026-08-30,insp_sitrep__cumulative_confirmed_deaths__daily,Mabalako,4
2026-08-30,insp_sitrep__cumulative_confirmed_deaths__daily,Mahagi,1
2026-08-30,insp_sitrep__cumulative_confirmed_deaths__daily,Makiso-Kisangani,5
2026-08-30,insp_sitrep__cumulative_confirmed_deaths__daily,Mambasa,7
2026-08-30,insp_sitrep__cumulative_confirmed_deaths__daily,Mandima,21
2026-08-30,insp_sitrep__cumulative_confirmed_deaths__daily,Mangala,127
2026-08-30,insp_sitrep__cumulative_confirmed_deaths__daily,Mangobo,2
2026-08-30,insp_sitrep__cumulative_confirmed_deaths__daily,Manguredjipa,0
2026-08-30,insp_sitrep__cumulative_confirmed_deaths__daily,Masereka,4
2026-08-30,insp_sitrep__cumulative_confirmed_deaths__daily,Miti-Murhesa,1
2026-08-30,insp_sitrep__cumulative_confirmed_deaths__daily,Mongbwalu,285
2026-08-30,insp_sitrep__cumulative_confirmed_deaths__daily,Musienene,46
2026-08-30,insp_sitrep__cumulative_confirmed_deaths__daily,Mutwanga,1
2026-08-30,insp_sitrep__cumulative_confirmed_deaths__daily,Nia-Nia,113
2026-08-30,insp_sitrep__cumulative_confirmed_deaths__daily,Nizi,261
2026-08-30,insp_sitrep__cumulative_confirmed_deaths__daily,Nyankunde,35
2026-08-30,insp_sitrep__cumulative_confirmed_deaths__daily,Oicha,6
2026-08-30,insp_sitrep__cumulative_confirmed_deaths__daily,Pawa,19
2026-08-30,insp_sitrep__cumulative_confirmed_deaths__daily,Rimba,4
2026-08-30,insp_sitrep__cumulative_confirmed_deaths__daily,Rungu,0
2026-08-30,insp_sitrep__cumulative_confirmed_deaths__daily,Rwampara,338
2026-08-30,insp_sitrep__cumulative_confirmed_deaths__daily,Tchomia,25
2026-08-30,insp_sitrep__cumulative_confirmed_deaths__daily,Tshopo,0
2026-08-30,insp_sitrep__cumulative_confirmed_deaths__daily,Viadana,0
2026-08-30,insp_sitrep__cumulative_confirmed_deaths__daily,Vuhovi,3
2026-08-30,insp_sitrep__cumulative_confirmed_deaths__daily,Wamba,30
2026-08-30,insp_sitrep__cumulative_confirmed_deaths__daily,Wanierukula,1
2026-08-30,insp_sitrep__national_cumulative_confirmed_cases__daily,DRC,6100
2026-08-30,insp_sitrep__national_cumulative_confirmed_deaths__daily,DRC,2950
2026-08-31,insp_sitrep__cumulative_confirmed_cases__daily,Adja,11
2026-08-31,insp_sitrep__cumulative_confirmed_cases__daily,Ariwara,8
2026-08-31,insp_sitrep__cumulative_confirmed_cases__daily,Aru,8
2026-08-31,insp_sitrep__cumulative_confirmed_cases__daily,Aungba,12
2026-08-31,insp_sitrep__cumulative_confirmed_cases__daily,Bafwasende,2
2026-08-31,insp_sitrep__cumulative_confirmed_cases__daily,Bambu,165
2026-08-31,insp_sitrep__cumulative_confirmed_cases__daily,Beni,141
2026-08-31,insp_sitrep__cumulative_confirmed_cases__daily,Biena,1
2026-08-31,insp_sitrep__cumulative_confirmed_cases__daily,Boga,2
2026-08-31,insp_sitrep__cumulative_confirmed_cases__daily,Boma Mangbetu,27
2026-08-31,insp_sitrep__cumulative_confirmed_cases__daily,Bunia,1407
2026-08-31,insp_sitrep__cumulative_confirmed_cases__daily,Buta,1
2026-08-31,insp_sitrep__cumulative_confirmed_cases__daily,Butembo,174
2026-08-31,insp_sitrep__cumulative_confirmed_cases__daily,Damas,28
2026-08-31,insp_sitrep__cumulative_confirmed_cases__daily,Drodro,14
2026-08-31,insp_sitrep__cumulative_confirmed_cases__daily,Fataki,76
2026-08-31,insp_sitrep__cumulative_confirmed_cases__daily,Ganga,2
2026-08-31,insp_sitrep__cumulative_confirmed_cases__daily,Gethy,6
2026-08-31,insp_sitrep__cumulative_confirmed_cases__daily,Goma,1
2026-08-31,insp_sitrep__cumulative_confirmed_cases__daily,Gombari,3
2026-08-31,insp_sitrep__cumulative_confirmed_cases__daily,Isiro,81
2026-08-31,insp_sitrep__cumulative_confirmed_cases__daily,Kabondo,3
2026-08-31,insp_sitrep__cumulative_confirmed_cases__daily,Kalunguta,16
2026-08-31,insp_sitrep__cumulative_confirmed_cases__daily,Kambala,2
2026-08-31,insp_sitrep__cumulative_confirmed_cases__daily,Katwa,404
2026-08-31,insp_sitrep__cumulative_confirmed_cases__daily,Kilo,32
2026-08-31,insp_sitrep__cumulative_confirmed_cases__daily,Komanda,87
2026-08-31,insp_sitrep__cumulative_confirmed_cases__daily,Kyondo,16
2026-08-31,insp_sitrep__cumulative_confirmed_cases__daily,Lita,220
2026-08-31,insp_sitrep__cumulative_confirmed_cases__daily,Logo,11
2026-08-31,insp_sitrep__cumulative_confirmed_cases__daily,Lolwa,22
2026-08-31,insp_sitrep__cumulative_confirmed_cases__daily,Lubero,2
2026-08-31,insp_sitrep__cumulative_confirmed_cases__daily,Lubunga,1
2026-08-31,insp_sitrep__cumulative_confirmed_cases__daily,Mabalako,5
2026-08-31,insp_sitrep__cumulative_confirmed_cases__daily,Mahagi,4
2026-08-31,insp_sitrep__cumulative_confirmed_cases__daily,Makiso-Kisangani,9
2026-08-31,insp_sitrep__cumulative_confirmed_cases__daily,Mambasa,17
2026-08-31,insp_sitrep__cumulative_confirmed_cases__daily,Mandima,36
2026-08-31,insp_sitrep__cumulative_confirmed_cases__daily,Mangala,257
2026-08-31,insp_sitrep__cumulative_confirmed_cases__daily,Mangobo,2
2026-08-31,insp_sitrep__cumulative_confirmed_cases__daily,Manguredjipa,1
2026-08-31,insp_sitrep__cumulative_confirmed_cases__daily,Masereka,9
2026-08-31,insp_sitrep__cumulative_confirmed_cases__daily,Miti-Murhesa,3
2026-08-31,insp_sitrep__cumulative_confirmed_cases__daily,Mongbwalu,612
2026-08-31,insp_sitrep__cumulative_confirmed_cases__daily,Musienene,83
2026-08-31,insp_sitrep__cumulative_confirmed_cases__daily,Mutwanga,2
2026-08-31,insp_sitrep__cumulative_confirmed_cases__daily,Nia-Nia,216
2026-08-31,insp_sitrep__cumulative_confirmed_cases__daily,Nizi,664
2026-08-31,insp_sitrep__cumulative_confirmed_cases__daily,Nyankunde,124
2026-08-31,insp_sitrep__cumulative_confirmed_cases__daily,Oicha,7
2026-08-31,insp_sitrep__cumulative_confirmed_cases__daily,Pawa,37
2026-08-31,insp_sitrep__cumulative_confirmed_cases__daily,Rimba,10
2026-08-31,insp_sitrep__cumulative_confirmed_cases__daily,Rungu,1
2026-08-31,insp_sitrep__cumulative_confirmed_cases__daily,Rwampara,957
2026-08-31,insp_sitrep__cumulative_confirmed_cases__daily,Tchomia,57
2026-08-31,insp_sitrep__cumulative_confirmed_cases__daily,Tshopo,1
2026-08-31,insp_sitrep__cumulative_confirmed_cases__daily,Viadana,1
2026-08-31,insp_sitrep__cumulative_confirmed_cases__daily,Vuhovi,6
2026-08-31,insp_sitrep__cumulative_confirmed_cases__daily,Wamba,78
2026-08-31,insp_sitrep__cumulative_confirmed_cases__daily,Wanierukula,1
2026-08-31,insp_sitrep__cumulative_confirmed_deaths__daily,Adja,1
2026-08-31,insp_sitrep__cumulative_confirmed_deaths__daily,Ariwara,2
2026-08-31,insp_sitrep__cumulative_confirmed_deaths__daily,Aru,6
2026-08-31,insp_sitrep__cumulative_confirmed_deaths__daily,Aungba,5
2026-08-31,insp_sitrep__cumulative_confirmed_deaths__daily,Bafwasende,0
2026-08-31,insp_sitrep__cumulative_confirmed_deaths__daily,Bambu,36
2026-08-31,insp_sitrep__cumulative_confirmed_deaths__daily,Beni,102
2026-08-31,insp_sitrep__cumulative_confirmed_deaths__daily,Biena,1
2026-08-31,insp_sitrep__cumulative_confirmed_deaths__daily,Boga,2
2026-08-31,insp_sitrep__cumulative_confirmed_deaths__daily,Boma Mangbetu,14
2026-08-31,insp_sitrep__cumulative_confirmed_deaths__daily,Bunia,441
2026-08-31,insp_sitrep__cumulative_confirmed_deaths__daily,Buta,1
2026-08-31,insp_sitrep__cumulative_confirmed_deaths__daily,Butembo,131
2026-08-31,insp_sitrep__cumulative_confirmed_deaths__daily,Damas,9
2026-08-31,insp_sitrep__cumulative_confirmed_deaths__daily,Drodro,7
2026-08-31,insp_sitrep__cumulative_confirmed_deaths__daily,Fataki,30
2026-08-31,insp_sitrep__cumulative_confirmed_deaths__daily,Ganga,2
2026-08-31,insp_sitrep__cumulative_confirmed_deaths__daily,Gethy,2
2026-08-31,insp_sitrep__cumulative_confirmed_deaths__daily,Goma,0
2026-08-31,insp_sitrep__cumulative_confirmed_deaths__daily,Gombari,1
2026-08-31,insp_sitrep__cumulative_confirmed_deaths__daily,Isiro,33
2026-08-31,insp_sitrep__cumulative_confirmed_deaths__daily,Kabondo,1
2026-08-31,insp_sitrep__cumulative_confirmed_deaths__daily,Kalunguta,7
2026-08-31,insp_sitrep__cumulative_confirmed_deaths__daily,Kambala,0
2026-08-31,insp_sitrep__cumulative_confirmed_deaths__daily,Katwa,268
2026-08-31,insp_sitrep__cumulative_confirmed_deaths__daily,Kilo,12
2026-08-31,insp_sitrep__cumulative_confirmed_deaths__daily,Komanda,59
2026-08-31,insp_sitrep__cumulative_confirmed_deaths__daily,Kyondo,12
2026-08-31,insp_sitrep__cumulative_confirmed_deaths__daily,Lita,119
2026-08-31,insp_sitrep__cumulative_confirmed_deaths__daily,Logo,5
2026-08-31,insp_sitrep__cumulative_confirmed_deaths__daily,Lolwa,5
2026-08-31,insp_sitrep__cumulative_confirmed_deaths__daily,Lubero,2
2026-08-31,insp_sitrep__cumulative_confirmed_deaths__daily,Lubunga,0
2026-08-31,insp_sitrep__cumulative_confirmed_deaths__daily,Mabalako,4
2026-08-31,insp_sitrep__cumulative_confirmed_deaths__daily,Mahagi,1
2026-08-31,insp_sitrep__cumulative_confirmed_deaths__daily,Makiso-Kisangani,5
2026-08-31,insp_sitrep__cumulative_confirmed_deaths__daily,Mambasa,7
2026-08-31,insp_sitrep__cumulative_confirmed_deaths__daily,Mandima,21
2026-08-31,insp_sitrep__cumulative_confirmed_deaths__daily,Mangala,133
2026-08-31,insp_sitrep__cumulative_confirmed_deaths__daily,Mangobo,2
2026-08-31,insp_sitrep__cumulative_confirmed_deaths__daily,Manguredjipa,0
2026-08-31,insp_sitrep__cumulative_confirmed_deaths__daily,Masereka,4
2026-08-31,insp_sitrep__cumulative_confirmed_deaths__daily,Miti-Murhesa,1
2026-08-31,insp_sitrep__cumulative_confirmed_deaths__daily,Mongbwalu,286
2026-08-31,insp_sitrep__cumulative_confirmed_deaths__daily,Musienene,47
2026-08-31,insp_sitrep__cumulative_confirmed_deaths__daily,Mutwanga,2
2026-08-31,insp_sitrep__cumulative_confirmed_deaths__daily,Nia-Nia,113
2026-08-31,insp_sitrep__cumulative_confirmed_deaths__daily,Nizi,261
2026-08-31,insp_sitrep__cumulative_confirmed_deaths__daily,Nyankunde,35
2026-08-31,insp_sitrep__cumulative_confirmed_deaths__daily,Oicha,6
2026-08-31,insp_sitrep__cumulative_confirmed_deaths__daily,Pawa,22
2026-08-31,insp_sitrep__cumulative_confirmed_deaths__daily,Rimba,4
2026-08-31,insp_sitrep__cumulative_confirmed_deaths__daily,Rungu,0
2026-08-31,insp_sitrep__cumulative_confirmed_deaths__daily,Rwampara,339
2026-08-31,insp_sitrep__cumulative_confirmed_deaths__daily,Tchomia,25
2026-08-31,insp_sitrep__cumulative_confirmed_deaths__daily,Tshopo,0
2026-08-31,insp_sitrep__cumulative_confirmed_deaths__daily,Viadana,0
2026-08-31,insp_sitrep__cumulative_confirmed_deaths__daily,Vuhovi,3
2026-08-31,insp_sitrep__cumulative_confirmed_deaths__daily,Wamba,30
2026-08-31,insp_sitrep__cumulative_confirmed_deaths__daily,Wanierukula,1
2026-08-31,insp_sitrep__national_cumulative_confirmed_cases__daily,DRC,6186
2026-08-31,insp_sitrep__national_cumulative_confirmed_deaths__daily,DRC,3007
2026-09-01,insp_sitrep__cumulative_confirmed_cases__daily,Adja,11
2026-09-01,insp_sitrep__cumulative_confirmed_cases__daily,Ariwara,8
2026-09-01,insp_sitrep__cumulative_confirmed_cases__daily,Aru,8
2026-09-01,insp_sitrep__cumulative_confirmed_cases__daily,Aungba,12
2026-09-01,insp_sitrep__cumulative_confirmed_cases__daily,Bafwasende,2
2026-09-01,insp_sitrep__cumulative_confirmed_cases__daily,Bambu,165
2026-09-01,insp_sitrep__cumulative_confirmed_cases__daily,Beni,146
2026-09-01,insp_sitrep__cumulative_confirmed_cases__daily,Biena,1
2026-09-01,insp_sitrep__cumulative_confirmed_cases__daily,Boga,2
2026-09-01,insp_sitrep__cumulative_confirmed_cases__daily,Boma Mangbetu,27
2026-09-01,insp_sitrep__cumulative_confirmed_cases__daily,Bunia,1413
2026-09-01,insp_sitrep__cumulative_confirmed_cases__daily,Buta,1
2026-09-01,insp_sitrep__cumulative_confirmed_cases__daily,Butembo,180
2026-09-01,insp_sitrep__cumulative_confirmed_cases__daily,Damas,28
2026-09-01,insp_sitrep__cumulative_confirmed_cases__daily,Drodro,14
2026-09-01,insp_sitrep__cumulative_confirmed_cases__daily,Fataki,77
2026-09-01,insp_sitrep__cumulative_confirmed_cases__daily,Ganga,2
2026-09-01,insp_sitrep__cumulative_confirmed_cases__daily,Gethy,6
2026-09-01,insp_sitrep__cumulative_confirmed_cases__daily,Goma,1
2026-09-01,insp_sitrep__cumulative_confirmed_cases__daily,Gombari,3
2026-09-01,insp_sitrep__cumulative_confirmed_cases__daily,Isiro,85
2026-09-01,insp_sitrep__cumulative_confirmed_cases__daily,Kabondo,3
2026-09-01,insp_sitrep__cumulative_confirmed_cases__daily,Kalunguta,16
2026-09-01,insp_sitrep__cumulative_confirmed_cases__daily,Kambala,2
2026-09-01,insp_sitrep__cumulative_confirmed_cases__daily,Katwa,408
2026-09-01,insp_sitrep__cumulative_confirmed_cases__daily,Kilo,32
2026-09-01,insp_sitrep__cumulative_confirmed_cases__daily,Komanda,92
2026-09-01,insp_sitrep__cumulative_confirmed_cases__daily,Kyondo,16
2026-09-01,insp_sitrep__cumulative_confirmed_cases__daily,Lita,224
2026-09-01,insp_sitrep__cumulative_confirmed_cases__daily,Logo,11
2026-09-01,insp_sitrep__cumulative_confirmed_cases__daily,Lolwa,22
2026-09-01,insp_sitrep__cumulative_confirmed_cases__daily,Lubero,3
2026-09-01,insp_sitrep__cumulative_confirmed_cases__daily,Lubunga,1
2026-09-01,insp_sitrep__cumulative_confirmed_cases__daily,Mabalako,6
2026-09-01,insp_sitrep__cumulative_confirmed_cases__daily,Mahagi,4
2026-09-01,insp_sitrep__cumulative_confirmed_cases__daily,Makiso-Kisangani,9
2026-09-01,insp_sitrep__cumulative_confirmed_cases__daily,Mambasa,17
2026-09-01,insp_sitrep__cumulative_confirmed_cases__daily,Mandima,36
2026-09-01,insp_sitrep__cumulative_confirmed_cases__daily,Mangala,263
2026-09-01,insp_sitrep__cumulative_confirmed_cases__daily,Mangobo,3
2026-09-01,insp_sitrep__cumulative_confirmed_cases__daily,Manguredjipa,2
2026-09-01,insp_sitrep__cumulative_confirmed_cases__daily,Masereka,11
2026-09-01,insp_sitrep__cumulative_confirmed_cases__daily,Miti-Murhesa,3
2026-09-01,insp_sitrep__cumulative_confirmed_cases__daily,Mongbwalu,615
2026-09-01,insp_sitrep__cumulative_confirmed_cases__daily,Musienene,83
2026-09-01,insp_sitrep__cumulative_confirmed_cases__daily,Mutwanga,2
2026-09-01,insp_sitrep__cumulative_confirmed_cases__daily,Nia-Nia,216
2026-09-01,insp_sitrep__cumulative_confirmed_cases__daily,Nizi,670
2026-09-01,insp_sitrep__cumulative_confirmed_cases__daily,Nyankunde,124
2026-09-01,insp_sitrep__cumulative_confirmed_cases__daily,Oicha,7
2026-09-01,insp_sitrep__cumulative_confirmed_cases__daily,Pawa,37
2026-09-01,insp_sitrep__cumulative_confirmed_cases__daily,Rimba,11
2026-09-01,insp_sitrep__cumulative_confirmed_cases__daily,Rungu,1
2026-09-01,insp_sitrep__cumulative_confirmed_cases__daily,Rwampara,964
2026-09-01,insp_sitrep__cumulative_confirmed_cases__daily,Tchomia,57
2026-09-01,insp_sitrep__cumulative_confirmed_cases__daily,Tshopo,1
2026-09-01,insp_sitrep__cumulative_confirmed_cases__daily,Viadana,1
2026-09-01,insp_sitrep__cumulative_confirmed_cases__daily,Vuhovi,6
2026-09-01,insp_sitrep__cumulative_confirmed_cases__daily,Wamba,78
2026-09-01,insp_sitrep__cumulative_confirmed_cases__daily,Wanierukula,1
2026-09-01,insp_sitrep__cumulative_confirmed_deaths__daily,Adja,1
2026-09-01,insp_sitrep__cumulative_confirmed_deaths__daily,Ariwara,2
2026-09-01,insp_sitrep__cumulative_confirmed_deaths__daily,Aru,6
2026-09-01,insp_sitrep__cumulative_confirmed_deaths__daily,Aungba,5
2026-09-01,insp_sitrep__cumulative_confirmed_deaths__daily,Bafwasende,0
2026-09-01,insp_sitrep__cumulative_confirmed_deaths__daily,Bambu,36
2026-09-01,insp_sitrep__cumulative_confirmed_deaths__daily,Beni,105
2026-09-01,insp_sitrep__cumulative_confirmed_deaths__daily,Biena,1
2026-09-01,insp_sitrep__cumulative_confirmed_deaths__daily,Boga,2
2026-09-01,insp_sitrep__cumulative_confirmed_deaths__daily,Boma Mangbetu,14
2026-09-01,insp_sitrep__cumulative_confirmed_deaths__daily,Bunia,442
2026-09-01,insp_sitrep__cumulative_confirmed_deaths__daily,Buta,1
2026-09-01,insp_sitrep__cumulative_confirmed_deaths__daily,Butembo,134
2026-09-01,insp_sitrep__cumulative_confirmed_deaths__daily,Damas,9
2026-09-01,insp_sitrep__cumulative_confirmed_deaths__daily,Drodro,7
2026-09-01,insp_sitrep__cumulative_confirmed_deaths__daily,Fataki,30
2026-09-01,insp_sitrep__cumulative_confirmed_deaths__daily,Ganga,2
2026-09-01,insp_sitrep__cumulative_confirmed_deaths__daily,Gethy,2
2026-09-01,insp_sitrep__cumulative_confirmed_deaths__daily,Goma,0
2026-09-01,insp_sitrep__cumulative_confirmed_deaths__daily,Gombari,1
2026-09-01,insp_sitrep__cumulative_confirmed_deaths__daily,Isiro,34
2026-09-01,insp_sitrep__cumulative_confirmed_deaths__daily,Kabondo,1
2026-09-01,insp_sitrep__cumulative_confirmed_deaths__daily,Kalunguta,7
2026-09-01,insp_sitrep__cumulative_confirmed_deaths__daily,Kambala,0
2026-09-01,insp_sitrep__cumulative_confirmed_deaths__daily,Katwa,270
2026-09-01,insp_sitrep__cumulative_confirmed_deaths__daily,Kilo,12
2026-09-01,insp_sitrep__cumulative_confirmed_deaths__daily,Komanda,62
2026-09-01,insp_sitrep__cumulative_confirmed_deaths__daily,Kyondo,12
2026-09-01,insp_sitrep__cumulative_confirmed_deaths__daily,Lita,121
2026-09-01,insp_sitrep__cumulative_confirmed_deaths__daily,Logo,5
2026-09-01,insp_sitrep__cumulative_confirmed_deaths__daily,Lolwa,5
2026-09-01,insp_sitrep__cumulative_confirmed_deaths__daily,Lubero,3
2026-09-01,insp_sitrep__cumulative_confirmed_deaths__daily,Lubunga,0
2026-09-01,insp_sitrep__cumulative_confirmed_deaths__daily,Mabalako,5
2026-09-01,insp_sitrep__cumulative_confirmed_deaths__daily,Mahagi,1
2026-09-01,insp_sitrep__cumulative_confirmed_deaths__daily,Makiso-Kisangani,5
2026-09-01,insp_sitrep__cumulative_confirmed_deaths__daily,Mambasa,7
2026-09-01,insp_sitrep__cumulative_confirmed_deaths__daily,Mandima,21
2026-09-01,insp_sitrep__cumulative_confirmed_deaths__daily,Mangala,134
2026-09-01,insp_sitrep__cumulative_confirmed_deaths__daily,Mangobo,2
2026-09-01,insp_sitrep__cumulative_confirmed_deaths__daily,Manguredjipa,1
2026-09-01,insp_sitrep__cumulative_confirmed_deaths__daily,Masereka,5
2026-09-01,insp_sitrep__cumulative_confirmed_deaths__daily,Miti-Murhesa,1
2026-09-01,insp_sitrep__cumulative_confirmed_deaths__daily,Mongbwalu,287
2026-09-01,insp_sitrep__cumulative_confirmed_deaths__daily,Musienene,47
2026-09-01,insp_sitrep__cumulative_confirmed_deaths__daily,Mutwanga,2
2026-09-01,insp_sitrep__cumulative_confirmed_deaths__daily,Nia-Nia,113
2026-09-01,insp_sitrep__cumulative_confirmed_deaths__daily,Nizi,264
2026-09-01,insp_sitrep__cumulative_confirmed_deaths__daily,Nyankunde,35
2026-09-01,insp_sitrep__cumulative_confirmed_deaths__daily,Oicha,6
2026-09-01,insp_sitrep__cumulative_confirmed_deaths__daily,Pawa,22
2026-09-01,insp_sitrep__cumulative_confirmed_deaths__daily,Rimba,4
2026-09-01,insp_sitrep__cumulative_confirmed_deaths__daily,Rungu,0
2026-09-01,insp_sitrep__cumulative_confirmed_deaths__daily,Rwampara,341
2026-09-01,insp_sitrep__cumulative_confirmed_deaths__daily,Tchomia,25
2026-09-01,insp_sitrep__cumulative_confirmed_deaths__daily,Tshopo,0
2026-09-01,insp_sitrep__cumulative_confirmed_deaths__daily,Viadana,0
2026-09-01,insp_sitrep__cumulative_confirmed_deaths__daily,Vuhovi,3
2026-09-01,insp_sitrep__cumulative_confirmed_deaths__daily,Wamba,30
2026-09-01,insp_sitrep__cumulative_confirmed_deaths__daily,Wanierukula,1
2026-09-01,insp_sitrep__national_cumulative_confirmed_cases__daily,DRC,6250
2026-09-01,insp_sitrep__national_cumulative_confirmed_deaths__daily,DRC,3039
2026-09-02,insp_sitrep__cumulative_confirmed_cases__daily,Adja,11
2026-09-02,insp_sitrep__cumulative_confirmed_cases__daily,Ariwara,8
2026-09-02,insp_sitrep__cumulative_confirmed_cases__daily,Aru,8
2026-09-02,insp_sitrep__cumulative_confirmed_cases__daily,Aungba,12
2026-09-02,insp_sitrep__cumulative_confirmed_cases__daily,Bafwasende,2
2026-09-02,insp_sitrep__cumulative_confirmed_cases__daily,Bambu,168
2026-09-02,insp_sitrep__cumulative_confirmed_cases__daily,Beni,151
2026-09-02,insp_sitrep__cumulative_confirmed_cases__daily,Biena,1
2026-09-02,insp_sitrep__cumulative_confirmed_cases__daily,Boga,2
2026-09-02,insp_sitrep__cumulative_confirmed_cases__daily,Boma Mangbetu,27
2026-09-02,insp_sitrep__cumulative_confirmed_cases__daily,Bunia,1444
2026-09-02,insp_sitrep__cumulative_confirmed_cases__daily,Buta,1
2026-09-02,insp_sitrep__cumulative_confirmed_cases__daily,Butembo,186
2026-09-02,insp_sitrep__cumulative_confirmed_cases__daily,Damas,28
2026-09-02,insp_sitrep__cumulative_confirmed_cases__daily,Drodro,14
2026-09-02,insp_sitrep__cumulative_confirmed_cases__daily,Fataki,77
2026-09-02,insp_sitrep__cumulative_confirmed_cases__daily,Ganga,2
2026-09-02,insp_sitrep__cumulative_confirmed_cases__daily,Gethy,6
2026-09-02,insp_sitrep__cumulative_confirmed_cases__daily,Goma,1
2026-09-02,insp_sitrep__cumulative_confirmed_cases__daily,Gombari,3
2026-09-02,insp_sitrep__cumulative_confirmed_cases__daily,Isiro,86
2026-09-02,insp_sitrep__cumulative_confirmed_cases__daily,Kabondo,4
2026-09-02,insp_sitrep__cumulative_confirmed_cases__daily,Kalunguta,16
2026-09-02,insp_sitrep__cumulative_confirmed_cases__daily,Kambala,2
2026-09-02,insp_sitrep__cumulative_confirmed_cases__daily,Katwa,416
2026-09-02,insp_sitrep__cumulative_confirmed_cases__daily,Kilo,32
2026-09-02,insp_sitrep__cumulative_confirmed_cases__daily,Komanda,92
2026-09-02,insp_sitrep__cumulative_confirmed_cases__daily,Kyondo,16
2026-09-02,insp_sitrep__cumulative_confirmed_cases__daily,Lita,225
2026-09-02,insp_sitrep__cumulative_confirmed_cases__daily,Logo,11
2026-09-02,insp_sitrep__cumulative_confirmed_cases__daily,Lolwa,22
2026-09-02,insp_sitrep__cumulative_confirmed_cases__daily,Lubero,4
2026-09-02,insp_sitrep__cumulative_confirmed_cases__daily,Lubunga,1
2026-09-02,insp_sitrep__cumulative_confirmed_cases__daily,Mabalako,7
2026-09-02,insp_sitrep__cumulative_confirmed_cases__daily,Mahagi,4
2026-09-02,insp_sitrep__cumulative_confirmed_cases__daily,Makiso-Kisangani,10
2026-09-02,insp_sitrep__cumulative_confirmed_cases__daily,Mambasa,17
2026-09-02,insp_sitrep__cumulative_confirmed_cases__daily,Mandima,36
2026-09-02,insp_sitrep__cumulative_confirmed_cases__daily,Mangala,271
2026-09-02,insp_sitrep__cumulative_confirmed_cases__daily,Mangobo,3
2026-09-02,insp_sitrep__cumulative_confirmed_cases__daily,Manguredjipa,2
2026-09-02,insp_sitrep__cumulative_confirmed_cases__daily,Masereka,12
2026-09-02,insp_sitrep__cumulative_confirmed_cases__daily,Miti-Murhesa,3
2026-09-02,insp_sitrep__cumulative_confirmed_cases__daily,Mongbwalu,616
2026-09-02,insp_sitrep__cumulative_confirmed_cases__daily,Musienene,85
2026-09-02,insp_sitrep__cumulative_confirmed_cases__daily,Mutwanga,2
2026-09-02,insp_sitrep__cumulative_confirmed_cases__daily,Nia-Nia,218
2026-09-02,insp_sitrep__cumulative_confirmed_cases__daily,Nizi,675
2026-09-02,insp_sitrep__cumulative_confirmed_cases__daily,Nyankunde,124
2026-09-02,insp_sitrep__cumulative_confirmed_cases__daily,Oicha,8
2026-09-02,insp_sitrep__cumulative_confirmed_cases__daily,Pawa,39
2026-09-02,insp_sitrep__cumulative_confirmed_cases__daily,Rimba,11
2026-09-02,insp_sitrep__cumulative_confirmed_cases__daily,Rungu,2
2026-09-02,insp_sitrep__cumulative_confirmed_cases__daily,Rwampara,971
2026-09-02,insp_sitrep__cumulative_confirmed_cases__daily,Tchomia,59
2026-09-02,insp_sitrep__cumulative_confirmed_cases__daily,Tshopo,1
2026-09-02,insp_sitrep__cumulative_confirmed_cases__daily,Viadana,1
2026-09-02,insp_sitrep__cumulative_confirmed_cases__daily,Vuhovi,6
2026-09-02,insp_sitrep__cumulative_confirmed_cases__daily,Wamba,79
2026-09-02,insp_sitrep__cumulative_confirmed_cases__daily,Wanierukula,1
2026-09-02,insp_sitrep__cumulative_confirmed_deaths__daily,Adja,1
2026-09-02,insp_sitrep__cumulative_confirmed_deaths__daily,Ariwara,2
2026-09-02,insp_sitrep__cumulative_confirmed_deaths__daily,Aru,6
2026-09-02,insp_sitrep__cumulative_confirmed_deaths__daily,Aungba,5
2026-09-02,insp_sitrep__cumulative_confirmed_deaths__daily,Bafwasende,0
2026-09-02,insp_sitrep__cumulative_confirmed_deaths__daily,Bambu,36
2026-09-02,insp_sitrep__cumulative_confirmed_deaths__daily,Beni,109
2026-09-02,insp_sitrep__cumulative_confirmed_deaths__daily,Biena,1
2026-09-02,insp_sitrep__cumulative_confirmed_deaths__daily,Boga,2
2026-09-02,insp_sitrep__cumulative_confirmed_deaths__daily,Boma Mangbetu,14
2026-09-02,insp_sitrep__cumulative_confirmed_deaths__daily,Bunia,447
2026-09-02,insp_sitrep__cumulative_confirmed_deaths__daily,Buta,1
2026-09-02,insp_sitrep__cumulative_confirmed_deaths__daily,Butembo,134
2026-09-02,insp_sitrep__cumulative_confirmed_deaths__daily,Damas,9
2026-09-02,insp_sitrep__cumulative_confirmed_deaths__daily,Drodro,7
2026-09-02,insp_sitrep__cumulative_confirmed_deaths__daily,Fataki,30
2026-09-02,insp_sitrep__cumulative_confirmed_deaths__daily,Ganga,2
2026-09-02,insp_sitrep__cumulative_confirmed_deaths__daily,Gethy,2
2026-09-02,insp_sitrep__cumulative_confirmed_deaths__daily,Goma,0
2026-09-02,insp_sitrep__cumulative_confirmed_deaths__daily,Gombari,1
2026-09-02,insp_sitrep__cumulative_confirmed_deaths__daily,Isiro,35
2026-09-02,insp_sitrep__cumulative_confirmed_deaths__daily,Kabondo,1
2026-09-02,insp_sitrep__cumulative_confirmed_deaths__daily,Kalunguta,7
2026-09-02,insp_sitrep__cumulative_confirmed_deaths__daily,Kambala,0
2026-09-02,insp_sitrep__cumulative_confirmed_deaths__daily,Katwa,278
2026-09-02,insp_sitrep__cumulative_confirmed_deaths__daily,Kilo,12
2026-09-02,insp_sitrep__cumulative_confirmed_deaths__daily,Komanda,62
2026-09-02,insp_sitrep__cumulative_confirmed_deaths__daily,Kyondo,12
2026-09-02,insp_sitrep__cumulative_confirmed_deaths__daily,Lita,121
2026-09-02,insp_sitrep__cumulative_confirmed_deaths__daily,Logo,5
2026-09-02,insp_sitrep__cumulative_confirmed_deaths__daily,Lolwa,5
2026-09-02,insp_sitrep__cumulative_confirmed_deaths__daily,Lubero,3
2026-09-02,insp_sitrep__cumulative_confirmed_deaths__daily,Lubunga,0
2026-09-02,insp_sitrep__cumulative_confirmed_deaths__daily,Mabalako,5
2026-09-02,insp_sitrep__cumulative_confirmed_deaths__daily,Mahagi,1
2026-09-02,insp_sitrep__cumulative_confirmed_deaths__daily,Makiso-Kisangani,5
2026-09-02,insp_sitrep__cumulative_confirmed_deaths__daily,Mambasa,7
2026-09-02,insp_sitrep__cumulative_confirmed_deaths__daily,Mandima,21
2026-09-02,insp_sitrep__cumulative_confirmed_deaths__daily,Mangala,138
2026-09-02,insp_sitrep__cumulative_confirmed_deaths__daily,Mangobo,2
2026-09-02,insp_sitrep__cumulative_confirmed_deaths__daily,Manguredjipa,1
2026-09-02,insp_sitrep__cumulative_confirmed_deaths__daily,Masereka,5
2026-09-02,insp_sitrep__cumulative_confirmed_deaths__daily,Miti-Murhesa,1
2026-09-02,insp_sitrep__cumulative_confirmed_deaths__daily,Mongbwalu,288
2026-09-02,insp_sitrep__cumulative_confirmed_deaths__daily,Musienene,48
2026-09-02,insp_sitrep__cumulative_confirmed_deaths__daily,Mutwanga,2
2026-09-02,insp_sitrep__cumulative_confirmed_deaths__daily,Nia-Nia,113
2026-09-02,insp_sitrep__cumulative_confirmed_deaths__daily,Nizi,266
2026-09-02,insp_sitrep__cumulative_confirmed_deaths__daily,Nyankunde,35
2026-09-02,insp_sitrep__cumulative_confirmed_deaths__daily,Oicha,6
2026-09-02,insp_sitrep__cumulative_confirmed_deaths__daily,Pawa,22
2026-09-02,insp_sitrep__cumulative_confirmed_deaths__daily,Rimba,4
2026-09-02,insp_sitrep__cumulative_confirmed_deaths__daily,Rungu,1
2026-09-02,insp_sitrep__cumulative_confirmed_deaths__daily,Rwampara,341
2026-09-02,insp_sitrep__cumulative_confirmed_deaths__daily,Tchomia,25
2026-09-02,insp_sitrep__cumulative_confirmed_deaths__daily,Tshopo,0
2026-09-02,insp_sitrep__cumulative_confirmed_deaths__daily,Viadana,0
2026-09-02,insp_sitrep__cumulative_confirmed_deaths__daily,Vuhovi,3
2026-09-02,insp_sitrep__cumulative_confirmed_deaths__daily,Wamba,30
2026-09-02,insp_sitrep__cumulative_confirmed_deaths__daily,Wanierukula,1
2026-09-02,insp_sitrep__national_cumulative_confirmed_cases__daily,DRC,6342
2026-09-02,insp_sitrep__national_cumulative_confirmed_deaths__daily,DRC,3072
2026-09-03,insp_sitrep__cumulative_confirmed_cases__daily,Adja,11
2026-09-03,insp_sitrep__cumulative_confirmed_cases__daily,Ariwara,8
2026-09-03,insp_sitrep__cumulative_confirmed_cases__daily,Aru,8
2026-09-03,insp_sitrep__cumulative_confirmed_cases__daily,Aungba,12
2026-09-03,insp_sitrep__cumulative_confirmed_cases__daily,Bafwasende,2
2026-09-03,insp_sitrep__cumulative_confirmed_cases__daily,Bambu,170
2026-09-03,insp_sitrep__cumulative_confirmed_cases__daily,Beni,156
2026-09-03,insp_sitrep__cumulative_confirmed_cases__daily,Biena,1
2026-09-03,insp_sitrep__cumulative_confirmed_cases__daily,Boga,2
2026-09-03,insp_sitrep__cumulative_confirmed_cases__daily,Boma Mangbetu,29
2026-09-03,insp_sitrep__cumulative_confirmed_cases__daily,Bunia,1455
2026-09-03,insp_sitrep__cumulative_confirmed_cases__daily,Buta,1
2026-09-03,insp_sitrep__cumulative_confirmed_cases__daily,Butembo,193
2026-09-03,insp_sitrep__cumulative_confirmed_cases__daily,Damas,30
2026-09-03,insp_sitrep__cumulative_confirmed_cases__daily,Drodro,14
2026-09-03,insp_sitrep__cumulative_confirmed_cases__daily,Fataki,77
2026-09-03,insp_sitrep__cumulative_confirmed_cases__daily,Ganga,2
2026-09-03,insp_sitrep__cumulative_confirmed_cases__daily,Gethy,6
2026-09-03,insp_sitrep__cumulative_confirmed_cases__daily,Goma,1
2026-09-03,insp_sitrep__cumulative_confirmed_cases__daily,Gombari,3
2026-09-03,insp_sitrep__cumulative_confirmed_cases__daily,Isiro,89
2026-09-03,insp_sitrep__cumulative_confirmed_cases__daily,Kabondo,4
2026-09-03,insp_sitrep__cumulative_confirmed_cases__daily,Kalunguta,17
2026-09-03,insp_sitrep__cumulative_confirmed_cases__daily,Kambala,2
2026-09-03,insp_sitrep__cumulative_confirmed_cases__daily,Katwa,427
2026-09-03,insp_sitrep__cumulative_confirmed_cases__daily,Kilo,32
2026-09-03,insp_sitrep__cumulative_confirmed_cases__daily,Komanda,98
2026-09-03,insp_sitrep__cumulative_confirmed_cases__daily,Kyondo,16
2026-09-03,insp_sitrep__cumulative_confirmed_cases__daily,Lita,231
2026-09-03,insp_sitrep__cumulative_confirmed_cases__daily,Logo,12
2026-09-03,insp_sitrep__cumulative_confirmed_cases__daily,Lolwa,22
2026-09-03,insp_sitrep__cumulative_confirmed_cases__daily,Lubero,4
2026-09-03,insp_sitrep__cumulative_confirmed_cases__daily,Lubunga,1
2026-09-03,insp_sitrep__cumulative_confirmed_cases__daily,Mabalako,7
2026-09-03,insp_sitrep__cumulative_confirmed_cases__daily,Mahagi,4
2026-09-03,insp_sitrep__cumulative_confirmed_cases__daily,Makiso-Kisangani,10
2026-09-03,insp_sitrep__cumulative_confirmed_cases__daily,Mambasa,17
2026-09-03,insp_sitrep__cumulative_confirmed_cases__daily,Mandima,36
2026-09-03,insp_sitrep__cumulative_confirmed_cases__daily,Mangala,278
2026-09-03,insp_sitrep__cumulative_confirmed_cases__daily,Mangobo,3
2026-09-03,insp_sitrep__cumulative_confirmed_cases__daily,Manguredjipa,2
2026-09-03,insp_sitrep__cumulative_confirmed_cases__daily,Masereka,13
2026-09-03,insp_sitrep__cumulative_confirmed_cases__daily,Miti-Murhesa,3
2026-09-03,insp_sitrep__cumulative_confirmed_cases__daily,Mongbwalu,623
2026-09-03,insp_sitrep__cumulative_confirmed_cases__daily,Musienene,85
2026-09-03,insp_sitrep__cumulative_confirmed_cases__daily,Mutwanga,2
2026-09-03,insp_sitrep__cumulative_confirmed_cases__daily,Nia-Nia,221
2026-09-03,insp_sitrep__cumulative_confirmed_cases__daily,Nizi,683
2026-09-03,insp_sitrep__cumulative_confirmed_cases__daily,Nyankunde,124
2026-09-03,insp_sitrep__cumulative_confirmed_cases__daily,Oicha,8
2026-09-03,insp_sitrep__cumulative_confirmed_cases__daily,Pawa,39
2026-09-03,insp_sitrep__cumulative_confirmed_cases__daily,Rimba,11
2026-09-03,insp_sitrep__cumulative_confirmed_cases__daily,Rungu,2
2026-09-03,insp_sitrep__cumulative_confirmed_cases__daily,Rwampara,977
2026-09-03,insp_sitrep__cumulative_confirmed_cases__daily,Tchomia,60
2026-09-03,insp_sitrep__cumulative_confirmed_cases__daily,Tshopo,1
2026-09-03,insp_sitrep__cumulative_confirmed_cases__daily,Viadana,1
2026-09-03,insp_sitrep__cumulative_confirmed_cases__daily,Vuhovi,6
2026-09-03,insp_sitrep__cumulative_confirmed_cases__daily,Wamba,83
2026-09-03,insp_sitrep__cumulative_confirmed_cases__daily,Wanierukula,1
2026-09-03,insp_sitrep__cumulative_confirmed_deaths__daily,Adja,1
2026-09-03,insp_sitrep__cumulative_confirmed_deaths__daily,Ariwara,2
2026-09-03,insp_sitrep__cumulative_confirmed_deaths__daily,Aru,6
2026-09-03,insp_sitrep__cumulative_confirmed_deaths__daily,Aungba,5
2026-09-03,insp_sitrep__cumulative_confirmed_deaths__daily,Bafwasende,0
2026-09-03,insp_sitrep__cumulative_confirmed_deaths__daily,Bambu,36
2026-09-03,insp_sitrep__cumulative_confirmed_deaths__daily,Beni,115
2026-09-03,insp_sitrep__cumulative_confirmed_deaths__daily,Biena,1
2026-09-03,insp_sitrep__cumulative_confirmed_deaths__daily,Boga,2
2026-09-03,insp_sitrep__cumulative_confirmed_deaths__daily,Boma Mangbetu,14
2026-09-03,insp_sitrep__cumulative_confirmed_deaths__daily,Bunia,449
2026-09-03,insp_sitrep__cumulative_confirmed_deaths__daily,Buta,1
2026-09-03,insp_sitrep__cumulative_confirmed_deaths__daily,Butembo,136
2026-09-03,insp_sitrep__cumulative_confirmed_deaths__daily,Damas,9
2026-09-03,insp_sitrep__cumulative_confirmed_deaths__daily,Drodro,7
2026-09-03,insp_sitrep__cumulative_confirmed_deaths__daily,Fataki,30
2026-09-03,insp_sitrep__cumulative_confirmed_deaths__daily,Ganga,2
2026-09-03,insp_sitrep__cumulative_confirmed_deaths__daily,Gethy,2
2026-09-03,insp_sitrep__cumulative_confirmed_deaths__daily,Goma,0
2026-09-03,insp_sitrep__cumulative_confirmed_deaths__daily,Gombari,1
2026-09-03,insp_sitrep__cumulative_confirmed_deaths__daily,Isiro,36
2026-09-03,insp_sitrep__cumulative_confirmed_deaths__daily,Kabondo,1
2026-09-03,insp_sitrep__cumulative_confirmed_deaths__daily,Kalunguta,8
2026-09-03,insp_sitrep__cumulative_confirmed_deaths__daily,Kambala,0
2026-09-03,insp_sitrep__cumulative_confirmed_deaths__daily,Katwa,278
2026-09-03,insp_sitrep__cumulative_confirmed_deaths__daily,Kilo,12
2026-09-03,insp_sitrep__cumulative_confirmed_deaths__daily,Komanda,66
2026-09-03,insp_sitrep__cumulative_confirmed_deaths__daily,Kyondo,12
2026-09-03,insp_sitrep__cumulative_confirmed_deaths__daily,Lita,121
2026-09-03,insp_sitrep__cumulative_confirmed_deaths__daily,Logo,5
2026-09-03,insp_sitrep__cumulative_confirmed_deaths__daily,Lolwa,5
2026-09-03,insp_sitrep__cumulative_confirmed_deaths__daily,Lubero,3
2026-09-03,insp_sitrep__cumulative_confirmed_deaths__daily,Lubunga,0
2026-09-03,insp_sitrep__cumulative_confirmed_deaths__daily,Mabalako,5
2026-09-03,insp_sitrep__cumulative_confirmed_deaths__daily,Mahagi,1
2026-09-03,insp_sitrep__cumulative_confirmed_deaths__daily,Makiso-Kisangani,5
2026-09-03,insp_sitrep__cumulative_confirmed_deaths__daily,Mambasa,7
2026-09-03,insp_sitrep__cumulative_confirmed_deaths__daily,Mandima,21
2026-09-03,insp_sitrep__cumulative_confirmed_deaths__daily,Mangala,138
2026-09-03,insp_sitrep__cumulative_confirmed_deaths__daily,Mangobo,2
2026-09-03,insp_sitrep__cumulative_confirmed_deaths__daily,Manguredjipa,1
2026-09-03,insp_sitrep__cumulative_confirmed_deaths__daily,Masereka,5
2026-09-03,insp_sitrep__cumulative_confirmed_deaths__daily,Miti-Murhesa,1
2026-09-03,insp_sitrep__cumulative_confirmed_deaths__daily,Mongbwalu,288
2026-09-03,insp_sitrep__cumulative_confirmed_deaths__daily,Musienene,48
2026-09-03,insp_sitrep__cumulative_confirmed_deaths__daily,Mutwanga,2
2026-09-03,insp_sitrep__cumulative_confirmed_deaths__daily,Nia-Nia,113
2026-09-03,insp_sitrep__cumulative_confirmed_deaths__daily,Nizi,267
2026-09-03,insp_sitrep__cumulative_confirmed_deaths__daily,Nyankunde,35
2026-09-03,insp_sitrep__cumulative_confirmed_deaths__daily,Oicha,6
2026-09-03,insp_sitrep__cumulative_confirmed_deaths__daily,Pawa,22
2026-09-03,insp_sitrep__cumulative_confirmed_deaths__daily,Rimba,4
2026-09-03,insp_sitrep__cumulative_confirmed_deaths__daily,Rungu,1
2026-09-03,insp_sitrep__cumulative_confirmed_deaths__daily,Rwampara,344
2026-09-03,insp_sitrep__cumulative_confirmed_deaths__daily,Tchomia,25
2026-09-03,insp_sitrep__cumulative_confirmed_deaths__daily,Tshopo,0
2026-09-03,insp_sitrep__cumulative_confirmed_deaths__daily,Viadana,0
2026-09-03,insp_sitrep__cumulative_confirmed_deaths__daily,Vuhovi,3
2026-09-03,insp_sitrep__cumulative_confirmed_deaths__daily,Wamba,30
2026-09-03,insp_sitrep__cumulative_confirmed_deaths__daily,Wanierukula,1
2026-09-03,insp_sitrep__national_cumulative_confirmed_cases__daily,DRC,6436
2026-09-03,insp_sitrep__national_cumulative_confirmed_deaths__daily,DRC,3095
2026-09-04,insp_sitrep__cumulative_confirmed_cases__daily,Adja,11
2026-09-04,insp_sitrep__cumulative_confirmed_cases__daily,Ariwara,8
2026-09-04,insp_sitrep__cumulative_confirmed_cases__daily,Aru,8
2026-09-04,insp_sitrep__cumulative_confirmed_cases__daily,Aungba,12
2026-09-04,insp_sitrep__cumulative_confirmed_cases__daily,Bafwasende,2
2026-09-04,insp_sitrep__cumulative_confirmed_cases__daily,Bambu,171
2026-09-04,insp_sitrep__cumulative_confirmed_cases__daily,Beni,157
2026-09-04,insp_sitrep__cumulative_confirmed_cases__daily,Biena,2
2026-09-04,insp_sitrep__cumulative_confirmed_cases__daily,Boga,2
2026-09-04,insp_sitrep__cumulative_confirmed_cases__daily,Boma Mangbetu,29
2026-09-04,insp_sitrep__cumulative_confirmed_cases__daily,Bunia,1471
2026-09-04,insp_sitrep__cumulative_confirmed_cases__daily,Buta,1
2026-09-04,insp_sitrep__cumulative_confirmed_cases__daily,Butembo,197
2026-09-04,insp_sitrep__cumulative_confirmed_cases__daily,Damas,30
2026-09-04,insp_sitrep__cumulative_confirmed_cases__daily,Drodro,15
2026-09-04,insp_sitrep__cumulative_confirmed_cases__daily,Fataki,77
2026-09-04,insp_sitrep__cumulative_confirmed_cases__daily,Ganga,2
2026-09-04,insp_sitrep__cumulative_confirmed_cases__daily,Gethy,6
2026-09-04,insp_sitrep__cumulative_confirmed_cases__daily,Goma,1
2026-09-04,insp_sitrep__cumulative_confirmed_cases__daily,Gombari,3
2026-09-04,insp_sitrep__cumulative_confirmed_cases__daily,Isiro,90
2026-09-04,insp_sitrep__cumulative_confirmed_cases__daily,Kabondo,4
2026-09-04,insp_sitrep__cumulative_confirmed_cases__daily,Kalunguta,17
2026-09-04,insp_sitrep__cumulative_confirmed_cases__daily,Kambala,2
2026-09-04,insp_sitrep__cumulative_confirmed_cases__daily,Katwa,440
2026-09-04,insp_sitrep__cumulative_confirmed_cases__daily,Kayna,1
2026-09-04,insp_sitrep__cumulative_confirmed_cases__daily,Kilo,32
2026-09-04,insp_sitrep__cumulative_confirmed_cases__daily,Komanda,104
2026-09-04,insp_sitrep__cumulative_confirmed_cases__daily,Kyondo,17
2026-09-04,insp_sitrep__cumulative_confirmed_cases__daily,Lita,234
2026-09-04,insp_sitrep__cumulative_confirmed_cases__daily,Logo,13
2026-09-04,insp_sitrep__cumulative_confirmed_cases__daily,Lolwa,25
2026-09-04,insp_sitrep__cumulative_confirmed_cases__daily,Lubero,5
2026-09-04,insp_sitrep__cumulative_confirmed_cases__daily,Lubunga,1
2026-09-04,insp_sitrep__cumulative_confirmed_cases__daily,Mabalako,7
2026-09-04,insp_sitrep__cumulative_confirmed_cases__daily,Mahagi,4
2026-09-04,insp_sitrep__cumulative_confirmed_cases__daily,Makiso-Kisangani,10
2026-09-04,insp_sitrep__cumulative_confirmed_cases__daily,Mambasa,17
2026-09-04,insp_sitrep__cumulative_confirmed_cases__daily,Mandima,38
2026-09-04,insp_sitrep__cumulative_confirmed_cases__daily,Mangala,287
2026-09-04,insp_sitrep__cumulative_confirmed_cases__daily,Mangobo,3
2026-09-04,insp_sitrep__cumulative_confirmed_cases__daily,Manguredjipa,3
2026-09-04,insp_sitrep__cumulative_confirmed_cases__daily,Masereka,13
2026-09-04,insp_sitrep__cumulative_confirmed_cases__daily,Miti-Murhesa,3
2026-09-04,insp_sitrep__cumulative_confirmed_cases__daily,Mongbwalu,624
2026-09-04,insp_sitrep__cumulative_confirmed_cases__daily,Musienene,92
2026-09-04,insp_sitrep__cumulative_confirmed_cases__daily,Mutwanga,2
2026-09-04,insp_sitrep__cumulative_confirmed_cases__daily,Nia-Nia,221
2026-09-04,insp_sitrep__cumulative_confirmed_cases__daily,Nizi,688
2026-09-04,insp_sitrep__cumulative_confirmed_cases__daily,Nyankunde,124
2026-09-04,insp_sitrep__cumulative_confirmed_cases__daily,Oicha,8
2026-09-04,insp_sitrep__cumulative_confirmed_cases__daily,Pawa,40
2026-09-04,insp_sitrep__cumulative_confirmed_cases__daily,Rimba,11
2026-09-04,insp_sitrep__cumulative_confirmed_cases__daily,Rungu,2
2026-09-04,insp_sitrep__cumulative_confirmed_cases__daily,Rwampara,982
2026-09-04,insp_sitrep__cumulative_confirmed_cases__daily,Tchomia,60
2026-09-04,insp_sitrep__cumulative_confirmed_cases__daily,Tshopo,1
2026-09-04,insp_sitrep__cumulative_confirmed_cases__daily,Viadana,1
2026-09-04,insp_sitrep__cumulative_confirmed_cases__daily,Vuhovi,7
2026-09-04,insp_sitrep__cumulative_confirmed_cases__daily,Wamba,83
2026-09-04,insp_sitrep__cumulative_confirmed_cases__daily,Wanierukula,1
2026-09-04,insp_sitrep__cumulative_confirmed_deaths__daily,Adja,1
2026-09-04,insp_sitrep__cumulative_confirmed_deaths__daily,Ariwara,2
2026-09-04,insp_sitrep__cumulative_confirmed_deaths__daily,Aru,6
2026-09-04,insp_sitrep__cumulative_confirmed_deaths__daily,Aungba,5
2026-09-04,insp_sitrep__cumulative_confirmed_deaths__daily,Bafwasende,0
2026-09-04,insp_sitrep__cumulative_confirmed_deaths__daily,Bambu,36
2026-09-04,insp_sitrep__cumulative_confirmed_deaths__daily,Beni,115
2026-09-04,insp_sitrep__cumulative_confirmed_deaths__daily,Biena,1
2026-09-04,insp_sitrep__cumulative_confirmed_deaths__daily,Boga,2
2026-09-04,insp_sitrep__cumulative_confirmed_deaths__daily,Boma Mangbetu,14
2026-09-04,insp_sitrep__cumulative_confirmed_deaths__daily,Bunia,456
2026-09-04,insp_sitrep__cumulative_confirmed_deaths__daily,Buta,1
2026-09-04,insp_sitrep__cumulative_confirmed_deaths__daily,Butembo,138
2026-09-04,insp_sitrep__cumulative_confirmed_deaths__daily,Damas,9
2026-09-04,insp_sitrep__cumulative_confirmed_deaths__daily,Drodro,7
2026-09-04,insp_sitrep__cumulative_confirmed_deaths__daily,Fataki,30
2026-09-04,insp_sitrep__cumulative_confirmed_deaths__daily,Ganga,2
2026-09-04,insp_sitrep__cumulative_confirmed_deaths__daily,Gethy,2
2026-09-04,insp_sitrep__cumulative_confirmed_deaths__daily,Goma,0
2026-09-04,insp_sitrep__cumulative_confirmed_deaths__daily,Gombari,1
2026-09-04,insp_sitrep__cumulative_confirmed_deaths__daily,Isiro,36
2026-09-04,insp_sitrep__cumulative_confirmed_deaths__daily,Kabondo,1
2026-09-04,insp_sitrep__cumulative_confirmed_deaths__daily,Kalunguta,8
2026-09-04,insp_sitrep__cumulative_confirmed_deaths__daily,Kambala,0
2026-09-04,insp_sitrep__cumulative_confirmed_deaths__daily,Katwa,286
2026-09-04,insp_sitrep__cumulative_confirmed_deaths__daily,Kayna,0
2026-09-04,insp_sitrep__cumulative_confirmed_deaths__daily,Kilo,12
2026-09-04,insp_sitrep__cumulative_confirmed_deaths__daily,Komanda,70
2026-09-04,insp_sitrep__cumulative_confirmed_deaths__daily,Kyondo,12
2026-09-04,insp_sitrep__cumulative_confirmed_deaths__daily,Lita,121
2026-09-04,insp_sitrep__cumulative_confirmed_deaths__daily,Logo,5
2026-09-04,insp_sitrep__cumulative_confirmed_deaths__daily,Lolwa,7
2026-09-04,insp_sitrep__cumulative_confirmed_deaths__daily,Lubero,4
2026-09-04,insp_sitrep__cumulative_confirmed_deaths__daily,Lubunga,0
2026-09-04,insp_sitrep__cumulative_confirmed_deaths__daily,Mabalako,5
2026-09-04,insp_sitrep__cumulative_confirmed_deaths__daily,Mahagi,1
2026-09-04,insp_sitrep__cumulative_confirmed_deaths__daily,Makiso-Kisangani,5
2026-09-04,insp_sitrep__cumulative_confirmed_deaths__daily,Mambasa,7
2026-09-04,insp_sitrep__cumulative_confirmed_deaths__daily,Mandima,21
2026-09-04,insp_sitrep__cumulative_confirmed_deaths__daily,Mangala,140
2026-09-04,insp_sitrep__cumulative_confirmed_deaths__daily,Mangobo,2
2026-09-04,insp_sitrep__cumulative_confirmed_deaths__daily,Manguredjipa,2
2026-09-04,insp_sitrep__cumulative_confirmed_deaths__daily,Masereka,5
2026-09-04,insp_sitrep__cumulative_confirmed_deaths__daily,Miti-Murhesa,1
2026-09-04,insp_sitrep__cumulative_confirmed_deaths__daily,Mongbwalu,288
2026-09-04,insp_sitrep__cumulative_confirmed_deaths__daily,Musienene,50
2026-09-04,insp_sitrep__cumulative_confirmed_deaths__daily,Mutwanga,2
2026-09-04,insp_sitrep__cumulative_confirmed_deaths__daily,Nia-Nia,113
2026-09-04,insp_sitrep__cumulative_confirmed_deaths__daily,Nizi,267
2026-09-04,insp_sitrep__cumulative_confirmed_deaths__daily,Nyankunde,35
2026-09-04,insp_sitrep__cumulative_confirmed_deaths__daily,Oicha,6
2026-09-04,insp_sitrep__cumulative_confirmed_deaths__daily,Pawa,22
2026-09-04,insp_sitrep__cumulative_confirmed_deaths__daily,Rimba,4
2026-09-04,insp_sitrep__cumulative_confirmed_deaths__daily,Rungu,1
2026-09-04,insp_sitrep__cumulative_confirmed_deaths__daily,Rwampara,345
2026-09-04,insp_sitrep__cumulative_confirmed_deaths__daily,Tchomia,25
2026-09-04,insp_sitrep__cumulative_confirmed_deaths__daily,Tshopo,0
2026-09-04,insp_sitrep__cumulative_confirmed_deaths__daily,Viadana,0
2026-09-04,insp_sitrep__cumulative_confirmed_deaths__daily,Vuhovi,4
2026-09-04,insp_sitrep__cumulative_confirmed_deaths__daily,Wamba,31
2026-09-04,insp_sitrep__cumulative_confirmed_deaths__daily,Wanierukula,1
2026-09-04,insp_sitrep__national_cumulative_confirmed_cases__daily,DRC,6522
2026-09-04,insp_sitrep__national_cumulative_confirmed_deaths__daily,DRC,3134
2026-09-05,insp_sitrep__cumulative_confirmed_cases__daily,Adja,11
2026-09-05,insp_sitrep__cumulative_confirmed_cases__daily,Ariwara,8
2026-09-05,insp_sitrep__cumulative_confirmed_cases__daily,Aru,8
2026-09-05,insp_sitrep__cumulative_confirmed_cases__daily,Aungba,12
2026-09-05,insp_sitrep__cumulative_confirmed_cases__daily,Bafwasende,2
2026-09-05,insp_sitrep__cumulative_confirmed_cases__daily,Bambu,171
2026-09-05,insp_sitrep__cumulative_confirmed_cases__daily,Beni,163
2026-09-05,insp_sitrep__cumulative_confirmed_cases__daily,Biena,7
2026-09-05,insp_sitrep__cumulative_confirmed_cases__daily,Boga,2
2026-09-05,insp_sitrep__cumulative_confirmed_cases__daily,Boma Mangbetu,29
2026-09-05,insp_sitrep__cumulative_confirmed_cases__daily,Bunia,1483
2026-09-05,insp_sitrep__cumulative_confirmed_cases__daily,Buta,1
2026-09-05,insp_sitrep__cumulative_confirmed_cases__daily,Butembo,204
2026-09-05,insp_sitrep__cumulative_confirmed_cases__daily,Damas,30
2026-09-05,insp_sitrep__cumulative_confirmed_cases__daily,Drodro,15
2026-09-05,insp_sitrep__cumulative_confirmed_cases__daily,Fataki,77
2026-09-05,insp_sitrep__cumulative_confirmed_cases__daily,Ganga,2
2026-09-05,insp_sitrep__cumulative_confirmed_cases__daily,Gethy,6
2026-09-05,insp_sitrep__cumulative_confirmed_cases__daily,Goma,1
2026-09-05,insp_sitrep__cumulative_confirmed_cases__daily,Gombari,3
2026-09-05,insp_sitrep__cumulative_confirmed_cases__daily,Isiro,92
2026-09-05,insp_sitrep__cumulative_confirmed_cases__daily,Kabondo,4
2026-09-05,insp_sitrep__cumulative_confirmed_cases__daily,Kalunguta,17
2026-09-05,insp_sitrep__cumulative_confirmed_cases__daily,Kambala,2
2026-09-05,insp_sitrep__cumulative_confirmed_cases__daily,Katwa,445
2026-09-05,insp_sitrep__cumulative_confirmed_cases__daily,Kayna,1
2026-09-05,insp_sitrep__cumulative_confirmed_cases__daily,Kilo,33
2026-09-05,insp_sitrep__cumulative_confirmed_cases__daily,Komanda,107
2026-09-05,insp_sitrep__cumulative_confirmed_cases__daily,Kyondo,21
2026-09-05,insp_sitrep__cumulative_confirmed_cases__daily,Lita,237
2026-09-05,insp_sitrep__cumulative_confirmed_cases__daily,Logo,13
2026-09-05,insp_sitrep__cumulative_confirmed_cases__daily,Lolwa,25
2026-09-05,insp_sitrep__cumulative_confirmed_cases__daily,Lubero,6
2026-09-05,insp_sitrep__cumulative_confirmed_cases__daily,Lubunga,1
2026-09-05,insp_sitrep__cumulative_confirmed_cases__daily,Mabalako,8
2026-09-05,insp_sitrep__cumulative_confirmed_cases__daily,Mahagi,4
2026-09-05,insp_sitrep__cumulative_confirmed_cases__daily,Makiso-Kisangani,10
2026-09-05,insp_sitrep__cumulative_confirmed_cases__daily,Mambasa,17
2026-09-05,insp_sitrep__cumulative_confirmed_cases__daily,Mandima,38
2026-09-05,insp_sitrep__cumulative_confirmed_cases__daily,Mangala,289
2026-09-05,insp_sitrep__cumulative_confirmed_cases__daily,Mangobo,3
2026-09-05,insp_sitrep__cumulative_confirmed_cases__daily,Manguredjipa,3
2026-09-05,insp_sitrep__cumulative_confirmed_cases__daily,Masereka,15
2026-09-05,insp_sitrep__cumulative_confirmed_cases__daily,Miti-Murhesa,3
2026-09-05,insp_sitrep__cumulative_confirmed_cases__daily,Mongbwalu,632
2026-09-05,insp_sitrep__cumulative_confirmed_cases__daily,Musienene,92
2026-09-05,insp_sitrep__cumulative_confirmed_cases__daily,Mutwanga,2
2026-09-05,insp_sitrep__cumulative_confirmed_cases__daily,Nia-Nia,226
2026-09-05,insp_sitrep__cumulative_confirmed_cases__daily,Nizi,700
2026-09-05,insp_sitrep__cumulative_confirmed_cases__daily,Nyankunde,124
2026-09-05,insp_sitrep__cumulative_confirmed_cases__daily,Oicha,8
2026-09-05,insp_sitrep__cumulative_confirmed_cases__daily,Pawa,40
2026-09-05,insp_sitrep__cumulative_confirmed_cases__daily,Rimba,11
2026-09-05,insp_sitrep__cumulative_confirmed_cases__daily,Rungu,2
2026-09-05,insp_sitrep__cumulative_confirmed_cases__daily,Rwampara,985
2026-09-05,insp_sitrep__cumulative_confirmed_cases__daily,Tchomia,60
2026-09-05,insp_sitrep__cumulative_confirmed_cases__daily,Tshopo,1
2026-09-05,insp_sitrep__cumulative_confirmed_cases__daily,Viadana,1
2026-09-05,insp_sitrep__cumulative_confirmed_cases__daily,Vuhovi,7
2026-09-05,insp_sitrep__cumulative_confirmed_cases__daily,Wamba,83
2026-09-05,insp_sitrep__cumulative_confirmed_cases__daily,Wanierukula,1
2026-09-05,insp_sitrep__cumulative_confirmed_deaths__daily,Adja,1
2026-09-05,insp_sitrep__cumulative_confirmed_deaths__daily,Ariwara,2
2026-09-05,insp_sitrep__cumulative_confirmed_deaths__daily,Aru,6
2026-09-05,insp_sitrep__cumulative_confirmed_deaths__daily,Aungba,5
2026-09-05,insp_sitrep__cumulative_confirmed_deaths__daily,Bafwasende,0
2026-09-05,insp_sitrep__cumulative_confirmed_deaths__daily,Bambu,36
2026-09-05,insp_sitrep__cumulative_confirmed_deaths__daily,Beni,121
2026-09-05,insp_sitrep__cumulative_confirmed_deaths__daily,Biena,2
2026-09-05,insp_sitrep__cumulative_confirmed_deaths__daily,Boga,2
2026-09-05,insp_sitrep__cumulative_confirmed_deaths__daily,Boma Mangbetu,14
2026-09-05,insp_sitrep__cumulative_confirmed_deaths__daily,Bunia,462
2026-09-05,insp_sitrep__cumulative_confirmed_deaths__daily,Buta,1
2026-09-05,insp_sitrep__cumulative_confirmed_deaths__daily,Butembo,142
2026-09-05,insp_sitrep__cumulative_confirmed_deaths__daily,Damas,9
2026-09-05,insp_sitrep__cumulative_confirmed_deaths__daily,Drodro,7
2026-09-05,insp_sitrep__cumulative_confirmed_deaths__daily,Fataki,30
2026-09-05,insp_sitrep__cumulative_confirmed_deaths__daily,Ganga,2
2026-09-05,insp_sitrep__cumulative_confirmed_deaths__daily,Gethy,2
2026-09-05,insp_sitrep__cumulative_confirmed_deaths__daily,Goma,0
2026-09-05,insp_sitrep__cumulative_confirmed_deaths__daily,Gombari,1
2026-09-05,insp_sitrep__cumulative_confirmed_deaths__daily,Isiro,36
2026-09-05,insp_sitrep__cumulative_confirmed_deaths__daily,Kabondo,1
2026-09-05,insp_sitrep__cumulative_confirmed_deaths__daily,Kalunguta,8
2026-09-05,insp_sitrep__cumulative_confirmed_deaths__daily,Kambala,0
2026-09-05,insp_sitrep__cumulative_confirmed_deaths__daily,Katwa,291
2026-09-05,insp_sitrep__cumulative_confirmed_deaths__daily,Kayna,0
2026-09-05,insp_sitrep__cumulative_confirmed_deaths__daily,Kilo,12
2026-09-05,insp_sitrep__cumulative_confirmed_deaths__daily,Komanda,70
2026-09-05,insp_sitrep__cumulative_confirmed_deaths__daily,Kyondo,15
2026-09-05,insp_sitrep__cumulative_confirmed_deaths__daily,Lita,121
2026-09-05,insp_sitrep__cumulative_confirmed_deaths__daily,Logo,5
2026-09-05,insp_sitrep__cumulative_confirmed_deaths__daily,Lolwa,7
2026-09-05,insp_sitrep__cumulative_confirmed_deaths__daily,Lubero,4
2026-09-05,insp_sitrep__cumulative_confirmed_deaths__daily,Lubunga,0
2026-09-05,insp_sitrep__cumulative_confirmed_deaths__daily,Mabalako,6
2026-09-05,insp_sitrep__cumulative_confirmed_deaths__daily,Mahagi,1
2026-09-05,insp_sitrep__cumulative_confirmed_deaths__daily,Makiso-Kisangani,5
2026-09-05,insp_sitrep__cumulative_confirmed_deaths__daily,Mambasa,7
2026-09-05,insp_sitrep__cumulative_confirmed_deaths__daily,Mandima,21
2026-09-05,insp_sitrep__cumulative_confirmed_deaths__daily,Mangala,140
2026-09-05,insp_sitrep__cumulative_confirmed_deaths__daily,Mangobo,2
2026-09-05,insp_sitrep__cumulative_confirmed_deaths__daily,Manguredjipa,2
2026-09-05,insp_sitrep__cumulative_confirmed_deaths__daily,Masereka,6
2026-09-05,insp_sitrep__cumulative_confirmed_deaths__daily,Miti-Murhesa,1
2026-09-05,insp_sitrep__cumulative_confirmed_deaths__daily,Mongbwalu,290
2026-09-05,insp_sitrep__cumulative_confirmed_deaths__daily,Musienene,50
2026-09-05,insp_sitrep__cumulative_confirmed_deaths__daily,Mutwanga,2
2026-09-05,insp_sitrep__cumulative_confirmed_deaths__daily,Nia-Nia,115
2026-09-05,insp_sitrep__cumulative_confirmed_deaths__daily,Nizi,272
2026-09-05,insp_sitrep__cumulative_confirmed_deaths__daily,Nyankunde,35
2026-09-05,insp_sitrep__cumulative_confirmed_deaths__daily,Oicha,6
2026-09-05,insp_sitrep__cumulative_confirmed_deaths__daily,Pawa,22
2026-09-05,insp_sitrep__cumulative_confirmed_deaths__daily,Rimba,4
2026-09-05,insp_sitrep__cumulative_confirmed_deaths__daily,Rungu,1
2026-09-05,insp_sitrep__cumulative_confirmed_deaths__daily,Rwampara,345
2026-09-05,insp_sitrep__cumulative_confirmed_deaths__daily,Tchomia,25
2026-09-05,insp_sitrep__cumulative_confirmed_deaths__daily,Tshopo,0
2026-09-05,insp_sitrep__cumulative_confirmed_deaths__daily,Viadana,0
2026-09-05,insp_sitrep__cumulative_confirmed_deaths__daily,Vuhovi,4
2026-09-05,insp_sitrep__cumulative_confirmed_deaths__daily,Wamba,31
2026-09-05,insp_sitrep__cumulative_confirmed_deaths__daily,Wanierukula,1
2026-09-05,insp_sitrep__national_cumulative_confirmed_cases__daily,DRC,6604
2026-09-05,insp_sitrep__national_cumulative_confirmed_deaths__daily,DRC,3175
2026-09-06,insp_sitrep__cumulative_confirmed_cases__daily,Adja,11
2026-09-06,insp_sitrep__cumulative_confirmed_cases__daily,Ariwara,8
2026-09-06,insp_sitrep__cumulative_confirmed_cases__daily,Aru,8
2026-09-06,insp_sitrep__cumulative_confirmed_cases__daily,Aungba,12
2026-09-06,insp_sitrep__cumulative_confirmed_cases__daily,Bafwasende,2
2026-09-06,insp_sitrep__cumulative_confirmed_cases__daily,Bambu,176
2026-09-06,insp_sitrep__cumulative_confirmed_cases__daily,Beni,176
2026-09-06,insp_sitrep__cumulative_confirmed_cases__daily,Biena,9
2026-09-06,insp_sitrep__cumulative_confirmed_cases__daily,Boga,2
2026-09-06,insp_sitrep__cumulative_confirmed_cases__daily,Boma Mangbetu,29
2026-09-06,insp_sitrep__cumulative_confirmed_cases__daily,Bunia,1488
2026-09-06,insp_sitrep__cumulative_confirmed_cases__daily,Buta,1
2026-09-06,insp_sitrep__cumulative_confirmed_cases__daily,Butembo,208
2026-09-06,insp_sitrep__cumulative_confirmed_cases__daily,Damas,30
2026-09-06,insp_sitrep__cumulative_confirmed_cases__daily,Drodro,15
2026-09-06,insp_sitrep__cumulative_confirmed_cases__daily,Fataki,78
2026-09-06,insp_sitrep__cumulative_confirmed_cases__daily,Ganga,2
2026-09-06,insp_sitrep__cumulative_confirmed_cases__daily,Gethy,7
2026-09-06,insp_sitrep__cumulative_confirmed_cases__daily,Goma,1
2026-09-06,insp_sitrep__cumulative_confirmed_cases__daily,Gombari,3
2026-09-06,insp_sitrep__cumulative_confirmed_cases__daily,Isiro,92
2026-09-06,insp_sitrep__cumulative_confirmed_cases__daily,Kabondo,4
2026-09-06,insp_sitrep__cumulative_confirmed_cases__daily,Kalunguta,18
2026-09-06,insp_sitrep__cumulative_confirmed_cases__daily,Kambala,2
2026-09-06,insp_sitrep__cumulative_confirmed_cases__daily,Katwa,457
2026-09-06,insp_sitrep__cumulative_confirmed_cases__daily,Kayna,1
2026-09-06,insp_sitrep__cumulative_confirmed_cases__daily,Kilo,33
2026-09-06,insp_sitrep__cumulative_confirmed_cases__daily,Komanda,113
2026-09-06,insp_sitrep__cumulative_confirmed_cases__daily,Kyondo,23
2026-09-06,insp_sitrep__cumulative_confirmed_cases__daily,Lita,242
2026-09-06,insp_sitrep__cumulative_confirmed_cases__daily,Logo,13
2026-09-06,insp_sitrep__cumulative_confirmed_cases__daily,Lolwa,25
2026-09-06,insp_sitrep__cumulative_confirmed_cases__daily,Lubero,6
2026-09-06,insp_sitrep__cumulative_confirmed_cases__daily,Lubunga,1
2026-09-06,insp_sitrep__cumulative_confirmed_cases__daily,Mabalako,10
2026-09-06,insp_sitrep__cumulative_confirmed_cases__daily,Mahagi,4
2026-09-06,insp_sitrep__cumulative_confirmed_cases__daily,Makiso-Kisangani,10
2026-09-06,insp_sitrep__cumulative_confirmed_cases__daily,Mambasa,17
2026-09-06,insp_sitrep__cumulative_confirmed_cases__daily,Mandima,41
2026-09-06,insp_sitrep__cumulative_confirmed_cases__daily,Mangala,290
2026-09-06,insp_sitrep__cumulative_confirmed_cases__daily,Mangobo,3
2026-09-06,insp_sitrep__cumulative_confirmed_cases__daily,Manguredjipa,3
2026-09-06,insp_sitrep__cumulative_confirmed_cases__daily,Masereka,15
2026-09-06,insp_sitrep__cumulative_confirmed_cases__daily,Miti-Murhesa,3
2026-09-06,insp_sitrep__cumulative_confirmed_cases__daily,Mongbwalu,634
2026-09-06,insp_sitrep__cumulative_confirmed_cases__daily,Musienene,94
2026-09-06,insp_sitrep__cumulative_confirmed_cases__daily,Mutwanga,2
2026-09-06,insp_sitrep__cumulative_confirmed_cases__daily,Nia-Nia,226
2026-09-06,insp_sitrep__cumulative_confirmed_cases__daily,Nizi,707
2026-09-06,insp_sitrep__cumulative_confirmed_cases__daily,Nyankunde,125
2026-09-06,insp_sitrep__cumulative_confirmed_cases__daily,Oicha,9
2026-09-06,insp_sitrep__cumulative_confirmed_cases__daily,Pawa,43
2026-09-06,insp_sitrep__cumulative_confirmed_cases__daily,Rimba,11
2026-09-06,insp_sitrep__cumulative_confirmed_cases__daily,Rungu,2
2026-09-06,insp_sitrep__cumulative_confirmed_cases__daily,Rwampara,987
2026-09-06,insp_sitrep__cumulative_confirmed_cases__daily,Tchomia,60
2026-09-06,insp_sitrep__cumulative_confirmed_cases__daily,Tshopo,1
2026-09-06,insp_sitrep__cumulative_confirmed_cases__daily,Viadana,1
2026-09-06,insp_sitrep__cumulative_confirmed_cases__daily,Vuhovi,7
2026-09-06,insp_sitrep__cumulative_confirmed_cases__daily,Wamba,84
2026-09-06,insp_sitrep__cumulative_confirmed_cases__daily,Wanierukula,1
2026-09-06,insp_sitrep__cumulative_confirmed_deaths__daily,Adja,1
2026-09-06,insp_sitrep__cumulative_confirmed_deaths__daily,Ariwara,2
2026-09-06,insp_sitrep__cumulative_confirmed_deaths__daily,Aru,6
2026-09-06,insp_sitrep__cumulative_confirmed_deaths__daily,Aungba,5
2026-09-06,insp_sitrep__cumulative_confirmed_deaths__daily,Bafwasende,0
2026-09-06,insp_sitrep__cumulative_confirmed_deaths__daily,Bambu,39
2026-09-06,insp_sitrep__cumulative_confirmed_deaths__daily,Beni,132
2026-09-06,insp_sitrep__cumulative_confirmed_deaths__daily,Biena,4
2026-09-06,insp_sitrep__cumulative_confirmed_deaths__daily,Boga,2
2026-09-06,insp_sitrep__cumulative_confirmed_deaths__daily,Boma Mangbetu,14
2026-09-06,insp_sitrep__cumulative_confirmed_deaths__daily,Bunia,464
2026-09-06,insp_sitrep__cumulative_confirmed_deaths__daily,Buta,1
2026-09-06,insp_sitrep__cumulative_confirmed_deaths__daily,Butembo,144
2026-09-06,insp_sitrep__cumulative_confirmed_deaths__daily,Damas,9
2026-09-06,insp_sitrep__cumulative_confirmed_deaths__daily,Drodro,7
2026-09-06,insp_sitrep__cumulative_confirmed_deaths__daily,Fataki,30
2026-09-06,insp_sitrep__cumulative_confirmed_deaths__daily,Ganga,2
2026-09-06,insp_sitrep__cumulative_confirmed_deaths__daily,Gethy,3
2026-09-06,insp_sitrep__cumulative_confirmed_deaths__daily,Goma,0
2026-09-06,insp_sitrep__cumulative_confirmed_deaths__daily,Gombari,1
2026-09-06,insp_sitrep__cumulative_confirmed_deaths__daily,Isiro,37
2026-09-06,insp_sitrep__cumulative_confirmed_deaths__daily,Kabondo,1
2026-09-06,insp_sitrep__cumulative_confirmed_deaths__daily,Kalunguta,9
2026-09-06,insp_sitrep__cumulative_confirmed_deaths__daily,Kambala,0
2026-09-06,insp_sitrep__cumulative_confirmed_deaths__daily,Katwa,296
2026-09-06,insp_sitrep__cumulative_confirmed_deaths__daily,Kayna,0
2026-09-06,insp_sitrep__cumulative_confirmed_deaths__daily,Kilo,12
2026-09-06,insp_sitrep__cumulative_confirmed_deaths__daily,Komanda,75
2026-09-06,insp_sitrep__cumulative_confirmed_deaths__daily,Kyondo,15
2026-09-06,insp_sitrep__cumulative_confirmed_deaths__daily,Lita,121
2026-09-06,insp_sitrep__cumulative_confirmed_deaths__daily,Logo,5
2026-09-06,insp_sitrep__cumulative_confirmed_deaths__daily,Lolwa,7
2026-09-06,insp_sitrep__cumulative_confirmed_deaths__daily,Lubero,4
2026-09-06,insp_sitrep__cumulative_confirmed_deaths__daily,Lubunga,0
2026-09-06,insp_sitrep__cumulative_confirmed_deaths__daily,Mabalako,7
2026-09-06,insp_sitrep__cumulative_confirmed_deaths__daily,Mahagi,1
2026-09-06,insp_sitrep__cumulative_confirmed_deaths__daily,Makiso-Kisangani,5
2026-09-06,insp_sitrep__cumulative_confirmed_deaths__daily,Mambasa,7
2026-09-06,insp_sitrep__cumulative_confirmed_deaths__daily,Mandima,23
2026-09-06,insp_sitrep__cumulative_confirmed_deaths__daily,Mangala,141
2026-09-06,insp_sitrep__cumulative_confirmed_deaths__daily,Mangobo,2
2026-09-06,insp_sitrep__cumulative_confirmed_deaths__daily,Manguredjipa,2
2026-09-06,insp_sitrep__cumulative_confirmed_deaths__daily,Masereka,6
2026-09-06,insp_sitrep__cumulative_confirmed_deaths__daily,Miti-Murhesa,1
2026-09-06,insp_sitrep__cumulative_confirmed_deaths__daily,Mongbwalu,290
2026-09-06,insp_sitrep__cumulative_confirmed_deaths__daily,Musienene,50
2026-09-06,insp_sitrep__cumulative_confirmed_deaths__daily,Mutwanga,2
2026-09-06,insp_sitrep__cumulative_confirmed_deaths__daily,Nia-Nia,115
2026-09-06,insp_sitrep__cumulative_confirmed_deaths__daily,Nizi,273
2026-09-06,insp_sitrep__cumulative_confirmed_deaths__daily,Nyankunde,36
2026-09-06,insp_sitrep__cumulative_confirmed_deaths__daily,Oicha,6
2026-09-06,insp_sitrep__cumulative_confirmed_deaths__daily,Pawa,22
2026-09-06,insp_sitrep__cumulative_confirmed_deaths__daily,Rimba,4
2026-09-06,insp_sitrep__cumulative_confirmed_deaths__daily,Rungu,1
2026-09-06,insp_sitrep__cumulative_confirmed_deaths__daily,Rwampara,345
2026-09-06,insp_sitrep__cumulative_confirmed_deaths__daily,Tchomia,25
2026-09-06,insp_sitrep__cumulative_confirmed_deaths__daily,Tshopo,0
2026-09-06,insp_sitrep__cumulative_confirmed_deaths__daily,Viadana,0
2026-09-06,insp_sitrep__cumulative_confirmed_deaths__daily,Vuhovi,4
2026-09-06,insp_sitrep__cumulative_confirmed_deaths__daily,Wamba,31
2026-09-06,insp_sitrep__cumulative_confirmed_deaths__daily,Wanierukula,1
2026-09-06,insp_sitrep__national_cumulative_confirmed_cases__daily,DRC,6686
2026-09-06,insp_sitrep__national_cumulative_confirmed_deaths__daily,DRC,3226
2026-09-07,insp_sitrep__cumulative_confirmed_cases__daily,Adja,11
2026-09-07,insp_sitrep__cumulative_confirmed_cases__daily,Ariwara,8
2026-09-07,insp_sitrep__cumulative_confirmed_cases__daily,Aru,8
2026-09-07,insp_sitrep__cumulative_confirmed_cases__daily,Aungba,12
2026-09-07,insp_sitrep__cumulative_confirmed_cases__daily,Bafwasende,2
2026-09-07,insp_sitrep__cumulative_confirmed_cases__daily,Bambu,176
2026-09-07,insp_sitrep__cumulative_confirmed_cases__daily,Beni,181
2026-09-07,insp_sitrep__cumulative_confirmed_cases__daily,Biena,9
2026-09-07,insp_sitrep__cumulative_confirmed_cases__daily,Boga,2
2026-09-07,insp_sitrep__cumulative_confirmed_cases__daily,Boma Mangbetu,29
2026-09-07,insp_sitrep__cumulative_confirmed_cases__daily,Bunia,1502
2026-09-07,insp_sitrep__cumulative_confirmed_cases__daily,Buta,1
2026-09-07,insp_sitrep__cumulative_confirmed_cases__daily,Butembo,211
2026-09-07,insp_sitrep__cumulative_confirmed_cases__daily,Damas,30
2026-09-07,insp_sitrep__cumulative_confirmed_cases__daily,Drodro,15
2026-09-07,insp_sitrep__cumulative_confirmed_cases__daily,Fataki,78
2026-09-07,insp_sitrep__cumulative_confirmed_cases__daily,Ganga,2
2026-09-07,insp_sitrep__cumulative_confirmed_cases__daily,Gethy,7
2026-09-07,insp_sitrep__cumulative_confirmed_cases__daily,Goma,1
2026-09-07,insp_sitrep__cumulative_confirmed_cases__daily,Gombari,3
2026-09-07,insp_sitrep__cumulative_confirmed_cases__daily,Isiro,92
2026-09-07,insp_sitrep__cumulative_confirmed_cases__daily,Kabondo,4
2026-09-07,insp_sitrep__cumulative_confirmed_cases__daily,Kalunguta,18
2026-09-07,insp_sitrep__cumulative_confirmed_cases__daily,Kambala,2
2026-09-07,insp_sitrep__cumulative_confirmed_cases__daily,Katwa,468
2026-09-07,insp_sitrep__cumulative_confirmed_cases__daily,Kayna,1
2026-09-07,insp_sitrep__cumulative_confirmed_cases__daily,Kilo,33
2026-09-07,insp_sitrep__cumulative_confirmed_cases__daily,Komanda,117
2026-09-07,insp_sitrep__cumulative_confirmed_cases__daily,Kyondo,23
2026-09-07,insp_sitrep__cumulative_confirmed_cases__daily,Lita,245
2026-09-07,insp_sitrep__cumulative_confirmed_cases__daily,Logo,13
2026-09-07,insp_sitrep__cumulative_confirmed_cases__daily,Lolwa,25
2026-09-07,insp_sitrep__cumulative_confirmed_cases__daily,Lubero,6
2026-09-07,insp_sitrep__cumulative_confirmed_cases__daily,Lubunga,1
2026-09-07,insp_sitrep__cumulative_confirmed_cases__daily,Mabalako,10
2026-09-07,insp_sitrep__cumulative_confirmed_cases__daily,Mahagi,4
2026-09-07,insp_sitrep__cumulative_confirmed_cases__daily,Makiso-Kisangani,10
2026-09-07,insp_sitrep__cumulative_confirmed_cases__daily,Mambasa,17
2026-09-07,insp_sitrep__cumulative_confirmed_cases__daily,Mandima,42
2026-09-07,insp_sitrep__cumulative_confirmed_cases__daily,Mangala,295
2026-09-07,insp_sitrep__cumulative_confirmed_cases__daily,Mangobo,3
2026-09-07,insp_sitrep__cumulative_confirmed_cases__daily,Manguredjipa,4
2026-09-07,insp_sitrep__cumulative_confirmed_cases__daily,Masereka,15
2026-09-07,insp_sitrep__cumulative_confirmed_cases__daily,Miti-Murhesa,3
2026-09-07,insp_sitrep__cumulative_confirmed_cases__daily,Mongbwalu,638
2026-09-07,insp_sitrep__cumulative_confirmed_cases__daily,Musienene,100
2026-09-07,insp_sitrep__cumulative_confirmed_cases__daily,Mutwanga,2
2026-09-07,insp_sitrep__cumulative_confirmed_cases__daily,Nia-Nia,227
2026-09-07,insp_sitrep__cumulative_confirmed_cases__daily,Nizi,709
2026-09-07,insp_sitrep__cumulative_confirmed_cases__daily,Nyankunde,125
2026-09-07,insp_sitrep__cumulative_confirmed_cases__daily,Oicha,9
2026-09-07,insp_sitrep__cumulative_confirmed_cases__daily,Pawa,46
2026-09-07,insp_sitrep__cumulative_confirmed_cases__daily,Rimba,11
2026-09-07,insp_sitrep__cumulative_confirmed_cases__daily,Rungu,2
2026-09-07,insp_sitrep__cumulative_confirmed_cases__daily,Rwampara,992
2026-09-07,insp_sitrep__cumulative_confirmed_cases__daily,Tchomia,62
2026-09-07,insp_sitrep__cumulative_confirmed_cases__daily,Tshopo,1
2026-09-07,insp_sitrep__cumulative_confirmed_cases__daily,Viadana,1
2026-09-07,insp_sitrep__cumulative_confirmed_cases__daily,Vuhovi,8
2026-09-07,insp_sitrep__cumulative_confirmed_cases__daily,Wamba,84
2026-09-07,insp_sitrep__cumulative_confirmed_cases__daily,Wanierukula,1
2026-09-07,insp_sitrep__cumulative_confirmed_deaths__daily,Adja,1
2026-09-07,insp_sitrep__cumulative_confirmed_deaths__daily,Ariwara,2
2026-09-07,insp_sitrep__cumulative_confirmed_deaths__daily,Aru,6
2026-09-07,insp_sitrep__cumulative_confirmed_deaths__daily,Aungba,5
2026-09-07,insp_sitrep__cumulative_confirmed_deaths__daily,Bafwasende,0
2026-09-07,insp_sitrep__cumulative_confirmed_deaths__daily,Bambu,39
2026-09-07,insp_sitrep__cumulative_confirmed_deaths__daily,Beni,135
2026-09-07,insp_sitrep__cumulative_confirmed_deaths__daily,Biena,4
2026-09-07,insp_sitrep__cumulative_confirmed_deaths__daily,Boga,2
2026-09-07,insp_sitrep__cumulative_confirmed_deaths__daily,Boma Mangbetu,14
2026-09-07,insp_sitrep__cumulative_confirmed_deaths__daily,Bunia,471
2026-09-07,insp_sitrep__cumulative_confirmed_deaths__daily,Buta,1
2026-09-07,insp_sitrep__cumulative_confirmed_deaths__daily,Butembo,146
2026-09-07,insp_sitrep__cumulative_confirmed_deaths__daily,Damas,9
2026-09-07,insp_sitrep__cumulative_confirmed_deaths__daily,Drodro,7
2026-09-07,insp_sitrep__cumulative_confirmed_deaths__daily,Fataki,30
2026-09-07,insp_sitrep__cumulative_confirmed_deaths__daily,Ganga,2
2026-09-07,insp_sitrep__cumulative_confirmed_deaths__daily,Gethy,3
2026-09-07,insp_sitrep__cumulative_confirmed_deaths__daily,Goma,0
2026-09-07,insp_sitrep__cumulative_confirmed_deaths__daily,Gombari,1
2026-09-07,insp_sitrep__cumulative_confirmed_deaths__daily,Isiro,37
2026-09-07,insp_sitrep__cumulative_confirmed_deaths__daily,Kabondo,1
2026-09-07,insp_sitrep__cumulative_confirmed_deaths__daily,Kalunguta,9
2026-09-07,insp_sitrep__cumulative_confirmed_deaths__daily,Kambala,0
2026-09-07,insp_sitrep__cumulative_confirmed_deaths__daily,Katwa,302
2026-09-07,insp_sitrep__cumulative_confirmed_deaths__daily,Kayna,0
2026-09-07,insp_sitrep__cumulative_confirmed_deaths__daily,Kilo,12
2026-09-07,insp_sitrep__cumulative_confirmed_deaths__daily,Komanda,79
2026-09-07,insp_sitrep__cumulative_confirmed_deaths__daily,Kyondo,15
2026-09-07,insp_sitrep__cumulative_confirmed_deaths__daily,Lita,122
2026-09-07,insp_sitrep__cumulative_confirmed_deaths__daily,Logo,5
2026-09-07,insp_sitrep__cumulative_confirmed_deaths__daily,Lolwa,7
2026-09-07,insp_sitrep__cumulative_confirmed_deaths__daily,Lubero,4
2026-09-07,insp_sitrep__cumulative_confirmed_deaths__daily,Lubunga,0
2026-09-07,insp_sitrep__cumulative_confirmed_deaths__daily,Mabalako,7
2026-09-07,insp_sitrep__cumulative_confirmed_deaths__daily,Mahagi,1
2026-09-07,insp_sitrep__cumulative_confirmed_deaths__daily,Makiso-Kisangani,5
2026-09-07,insp_sitrep__cumulative_confirmed_deaths__daily,Mambasa,7
2026-09-07,insp_sitrep__cumulative_confirmed_deaths__daily,Mandima,23
2026-09-07,insp_sitrep__cumulative_confirmed_deaths__daily,Mangala,141
2026-09-07,insp_sitrep__cumulative_confirmed_deaths__daily,Mangobo,2
2026-09-07,insp_sitrep__cumulative_confirmed_deaths__daily,Manguredjipa,3
2026-09-07,insp_sitrep__cumulative_confirmed_deaths__daily,Masereka,6
2026-09-07,insp_sitrep__cumulative_confirmed_deaths__daily,Miti-Murhesa,1
2026-09-07,insp_sitrep__cumulative_confirmed_deaths__daily,Mongbwalu,291
2026-09-07,insp_sitrep__cumulative_confirmed_deaths__daily,Musienene,54
2026-09-07,insp_sitrep__cumulative_confirmed_deaths__daily,Mutwanga,2
2026-09-07,insp_sitrep__cumulative_confirmed_deaths__daily,Nia-Nia,115
2026-09-07,insp_sitrep__cumulative_confirmed_deaths__daily,Nizi,273
2026-09-07,insp_sitrep__cumulative_confirmed_deaths__daily,Nyankunde,36
2026-09-07,insp_sitrep__cumulative_confirmed_deaths__daily,Oicha,6
2026-09-07,insp_sitrep__cumulative_confirmed_deaths__daily,Pawa,23
2026-09-07,insp_sitrep__cumulative_confirmed_deaths__daily,Rimba,4
2026-09-07,insp_sitrep__cumulative_confirmed_deaths__daily,Rungu,1
2026-09-07,insp_sitrep__cumulative_confirmed_deaths__daily,Rwampara,347
2026-09-07,insp_sitrep__cumulative_confirmed_deaths__daily,Tchomia,25
2026-09-07,insp_sitrep__cumulative_confirmed_deaths__daily,Tshopo,0
2026-09-07,insp_sitrep__cumulative_confirmed_deaths__daily,Viadana,0
2026-09-07,insp_sitrep__cumulative_confirmed_deaths__daily,Vuhovi,4
2026-09-07,insp_sitrep__cumulative_confirmed_deaths__daily,Wamba,31
2026-09-07,insp_sitrep__cumulative_confirmed_deaths__daily,Wanierukula,1
2026-09-07,insp_sitrep__national_cumulative_confirmed_cases__daily,DRC,6757
2026-09-07,insp_sitrep__national_cumulative_confirmed_deaths__daily,DRC,3267
2026-09-08,insp_sitrep__cumulative_confirmed_cases__daily,Adja,11
2026-09-08,insp_sitrep__cumulative_confirmed_cases__daily,Ariwara,8
2026-09-08,insp_sitrep__cumulative_confirmed_cases__daily,Aru,8
2026-09-08,insp_sitrep__cumulative_confirmed_cases__daily,Aungba,12
2026-09-08,insp_sitrep__cumulative_confirmed_cases__daily,Bafwasende,4
2026-09-08,insp_sitrep__cumulative_confirmed_cases__daily,Bambu,176
2026-09-08,insp_sitrep__cumulative_confirmed_cases__daily,Beni,185
2026-09-08,insp_sitrep__cumulative_confirmed_cases__daily,Biena,9
2026-09-08,insp_sitrep__cumulative_confirmed_cases__daily,Boga,2
2026-09-08,insp_sitrep__cumulative_confirmed_cases__daily,Boma Mangbetu,29
2026-09-08,insp_sitrep__cumulative_confirmed_cases__daily,Bunia,1523
2026-09-08,insp_sitrep__cumulative_confirmed_cases__daily,Buta,1
2026-09-08,insp_sitrep__cumulative_confirmed_cases__daily,Butembo,217
2026-09-08,insp_sitrep__cumulative_confirmed_cases__daily,Damas,32
2026-09-08,insp_sitrep__cumulative_confirmed_cases__daily,Drodro,15
2026-09-08,insp_sitrep__cumulative_confirmed_cases__daily,Fataki,78
2026-09-08,insp_sitrep__cumulative_confirmed_cases__daily,Ganga,2
2026-09-08,insp_sitrep__cumulative_confirmed_cases__daily,Gethy,7
2026-09-08,insp_sitrep__cumulative_confirmed_cases__daily,Goma,1
2026-09-08,insp_sitrep__cumulative_confirmed_cases__daily,Gombari,3
2026-09-08,insp_sitrep__cumulative_confirmed_cases__daily,Isiro,92
2026-09-08,insp_sitrep__cumulative_confirmed_cases__daily,Kabondo,4
2026-09-08,insp_sitrep__cumulative_confirmed_cases__daily,Kalunguta,20
2026-09-08,insp_sitrep__cumulative_confirmed_cases__daily,Kambala,2
2026-09-08,insp_sitrep__cumulative_confirmed_cases__daily,Katwa,477
2026-09-08,insp_sitrep__cumulative_confirmed_cases__daily,Kayna,1
2026-09-08,insp_sitrep__cumulative_confirmed_cases__daily,Kilo,33
2026-09-08,insp_sitrep__cumulative_confirmed_cases__daily,Komanda,118
2026-09-08,insp_sitrep__cumulative_confirmed_cases__daily,Kyondo,25
2026-09-08,insp_sitrep__cumulative_confirmed_cases__daily,Lita,247
2026-09-08,insp_sitrep__cumulative_confirmed_cases__daily,Logo,13
2026-09-08,insp_sitrep__cumulative_confirmed_cases__daily,Lolwa,25
2026-09-08,insp_sitrep__cumulative_confirmed_cases__daily,Lubero,7
2026-09-08,insp_sitrep__cumulative_confirmed_cases__daily,Lubunga,1
2026-09-08,insp_sitrep__cumulative_confirmed_cases__daily,Mabalako,10
2026-09-08,insp_sitrep__cumulative_confirmed_cases__daily,Mahagi,4
2026-09-08,insp_sitrep__cumulative_confirmed_cases__daily,Makiso-Kisangani,10
2026-09-08,insp_sitrep__cumulative_confirmed_cases__daily,Mambasa,17
2026-09-08,insp_sitrep__cumulative_confirmed_cases__daily,Mandima,44
2026-09-08,insp_sitrep__cumulative_confirmed_cases__daily,Mangala,297
2026-09-08,insp_sitrep__cumulative_confirmed_cases__daily,Mangobo,3
2026-09-08,insp_sitrep__cumulative_confirmed_cases__daily,Manguredjipa,4
2026-09-08,insp_sitrep__cumulative_confirmed_cases__daily,Masereka,15
2026-09-08,insp_sitrep__cumulative_confirmed_cases__daily,Miti-Murhesa,3
2026-09-08,insp_sitrep__cumulative_confirmed_cases__daily,Mongbwalu,640
2026-09-08,insp_sitrep__cumulative_confirmed_cases__daily,Musienene,101
2026-09-08,insp_sitrep__cumulative_confirmed_cases__daily,Mutwanga,2
2026-09-08,insp_sitrep__cumulative_confirmed_cases__daily,Nia-Nia,228
2026-09-08,insp_sitrep__cumulative_confirmed_cases__daily,Nizi,723
2026-09-08,insp_sitrep__cumulative_confirmed_cases__daily,Nyankunde,125
2026-09-08,insp_sitrep__cumulative_confirmed_cases__daily,Oicha,9
2026-09-08,insp_sitrep__cumulative_confirmed_cases__daily,Pawa,46
2026-09-08,insp_sitrep__cumulative_confirmed_cases__daily,Rimba,11
2026-09-08,insp_sitrep__cumulative_confirmed_cases__daily,Rungu,2
2026-09-08,insp_sitrep__cumulative_confirmed_cases__daily,Rwampara,999
2026-09-08,insp_sitrep__cumulative_confirmed_cases__daily,Tchomia,63
2026-09-08,insp_sitrep__cumulative_confirmed_cases__daily,Tshopo,1
2026-09-08,insp_sitrep__cumulative_confirmed_cases__daily,Viadana,1
2026-09-08,insp_sitrep__cumulative_confirmed_cases__daily,Vuhovi,10
2026-09-08,insp_sitrep__cumulative_confirmed_cases__daily,Wamba,86
2026-09-08,insp_sitrep__cumulative_confirmed_cases__daily,Wanierukula,1
2026-09-08,insp_sitrep__cumulative_confirmed_deaths__daily,Adja,1
2026-09-08,insp_sitrep__cumulative_confirmed_deaths__daily,Ariwara,2
2026-09-08,insp_sitrep__cumulative_confirmed_deaths__daily,Aru,6
2026-09-08,insp_sitrep__cumulative_confirmed_deaths__daily,Aungba,5
2026-09-08,insp_sitrep__cumulative_confirmed_deaths__daily,Bafwasende,0
2026-09-08,insp_sitrep__cumulative_confirmed_deaths__daily,Bambu,39
2026-09-08,insp_sitrep__cumulative_confirmed_deaths__daily,Beni,138
2026-09-08,insp_sitrep__cumulative_confirmed_deaths__daily,Biena,4
2026-09-08,insp_sitrep__cumulative_confirmed_deaths__daily,Boga,2
2026-09-08,insp_sitrep__cumulative_confirmed_deaths__daily,Boma Mangbetu,14
2026-09-08,insp_sitrep__cumulative_confirmed_deaths__daily,Bunia,476
2026-09-08,insp_sitrep__cumulative_confirmed_deaths__daily,Buta,1
2026-09-08,insp_sitrep__cumulative_confirmed_deaths__daily,Butembo,148
2026-09-08,insp_sitrep__cumulative_confirmed_deaths__daily,Damas,9
2026-09-08,insp_sitrep__cumulative_confirmed_deaths__daily,Drodro,7
2026-09-08,insp_sitrep__cumulative_confirmed_deaths__daily,Fataki,30
2026-09-08,insp_sitrep__cumulative_confirmed_deaths__daily,Ganga,2
2026-09-08,insp_sitrep__cumulative_confirmed_deaths__daily,Gethy,3
2026-09-08,insp_sitrep__cumulative_confirmed_deaths__daily,Goma,0
2026-09-08,insp_sitrep__cumulative_confirmed_deaths__daily,Gombari,1
2026-09-08,insp_sitrep__cumulative_confirmed_deaths__daily,Isiro,37
2026-09-08,insp_sitrep__cumulative_confirmed_deaths__daily,Kabondo,1
2026-09-08,insp_sitrep__cumulative_confirmed_deaths__daily,Kalunguta,9
2026-09-08,insp_sitrep__cumulative_confirmed_deaths__daily,Kambala,0
2026-09-08,insp_sitrep__cumulative_confirmed_deaths__daily,Katwa,305
2026-09-08,insp_sitrep__cumulative_confirmed_deaths__daily,Kayna,0
2026-09-08,insp_sitrep__cumulative_confirmed_deaths__daily,Kilo,12
2026-09-08,insp_sitrep__cumulative_confirmed_deaths__daily,Komanda,80
2026-09-08,insp_sitrep__cumulative_confirmed_deaths__daily,Kyondo,17
2026-09-08,insp_sitrep__cumulative_confirmed_deaths__daily,Lita,122
2026-09-08,insp_sitrep__cumulative_confirmed_deaths__daily,Logo,5
2026-09-08,insp_sitrep__cumulative_confirmed_deaths__daily,Lolwa,7
2026-09-08,insp_sitrep__cumulative_confirmed_deaths__daily,Lubero,4
2026-09-08,insp_sitrep__cumulative_confirmed_deaths__daily,Lubunga,0
2026-09-08,insp_sitrep__cumulative_confirmed_deaths__daily,Mabalako,7
2026-09-08,insp_sitrep__cumulative_confirmed_deaths__daily,Mahagi,1
2026-09-08,insp_sitrep__cumulative_confirmed_deaths__daily,Makiso-Kisangani,5
2026-09-08,insp_sitrep__cumulative_confirmed_deaths__daily,Mambasa,7
2026-09-08,insp_sitrep__cumulative_confirmed_deaths__daily,Mandima,24
2026-09-08,insp_sitrep__cumulative_confirmed_deaths__daily,Mangala,141
2026-09-08,insp_sitrep__cumulative_confirmed_deaths__daily,Mangobo,2
2026-09-08,insp_sitrep__cumulative_confirmed_deaths__daily,Manguredjipa,3
2026-09-08,insp_sitrep__cumulative_confirmed_deaths__daily,Masereka,6
2026-09-08,insp_sitrep__cumulative_confirmed_deaths__daily,Miti-Murhesa,1
2026-09-08,insp_sitrep__cumulative_confirmed_deaths__daily,Mongbwalu,293
2026-09-08,insp_sitrep__cumulative_confirmed_deaths__daily,Musienene,55
2026-09-08,insp_sitrep__cumulative_confirmed_deaths__daily,Mutwanga,2
2026-09-08,insp_sitrep__cumulative_confirmed_deaths__daily,Nia-Nia,115
2026-09-08,insp_sitrep__cumulative_confirmed_deaths__daily,Nizi,273
2026-09-08,insp_sitrep__cumulative_confirmed_deaths__daily,Nyankunde,36
2026-09-08,insp_sitrep__cumulative_confirmed_deaths__daily,Oicha,6
2026-09-08,insp_sitrep__cumulative_confirmed_deaths__daily,Pawa,23
2026-09-08,insp_sitrep__cumulative_confirmed_deaths__daily,Rimba,4
2026-09-08,insp_sitrep__cumulative_confirmed_deaths__daily,Rungu,1
2026-09-08,insp_sitrep__cumulative_confirmed_deaths__daily,Rwampara,348
2026-09-08,insp_sitrep__cumulative_confirmed_deaths__daily,Tchomia,25
2026-09-08,insp_sitrep__cumulative_confirmed_deaths__daily,Tshopo,0
2026-09-08,insp_sitrep__cumulative_confirmed_deaths__daily,Viadana,0
2026-09-08,insp_sitrep__cumulative_confirmed_deaths__daily,Vuhovi,5
2026-09-08,insp_sitrep__cumulative_confirmed_deaths__daily,Wamba,31
2026-09-08,insp_sitrep__cumulative_confirmed_deaths__daily,Wanierukula,1
2026-09-08,insp_sitrep__national_cumulative_confirmed_cases__daily,DRC,6843
2026-09-08,insp_sitrep__national_cumulative_confirmed_deaths__daily,DRC,3310
